Date,XLK,XLF,XLE,XLV,SPY,TLT,GLD,HYG
2019-01-02,29.032197952270508,20.933622360229492,21.123754501342773,75.27327728271484,224.38255310058594,99.44597625732422,121.33000183105469,55.119564056396484
2019-01-03,27.5670166015625,20.46300506591797,20.914243698120117,73.74483489990234,219.02816772460938,100.5776596069336,122.43000030517578,55.146766662597656
2019-01-04,28.788780212402344,21.14278221130371,21.625835418701172,75.94474792480469,226.3646240234375,99.41345977783203,121.44000244140625,56.07236862182617
2019-01-07,29.04623794555664,21.168928146362305,21.94731330871582,76.23628997802734,228.14947509765625,99.12035369873047,121.86000061035156,56.61681365966797
2019-01-08,29.289657592773438,21.186363220214844,22.117084503173828,76.8282241821289,230.2930145263672,98.85984802246094,121.52999877929688,56.98430633544922
2019-01-09,29.6688289642334,21.290939331054688,22.467456817626953,77.17278289794922,231.36927795410156,98.70514678955078,122.30999755859375,57.052371978759766
2019-01-10,29.799903869628906,21.299657821655273,22.532480239868164,77.32299041748047,232.18540954589844,98.07011413574219,121.58999633789062,57.276973724365234
2019-01-11,29.743730545043945,21.351945877075195,22.398832321166992,77.5792007446289,232.2751007080078,98.45274353027344,121.80000305175781,57.09321975708008
2019-01-14,29.46754264831543,21.500104904174805,22.344654083251953,76.72222900390625,230.85800170898438,98.08641052246094,122.08999633789062,56.909446716308594
2019-01-15,29.91224479675293,21.691835403442383,22.42411994934082,78.10043334960938,233.5038299560547,97.72819519042969,121.87999725341797,57.100032806396484
2019-01-16,29.940338134765625,22.15373420715332,22.395225524902344,77.95906829833984,234.06890869140625,97.82588195800781,122.2699966430664,57.188472747802734
2019-01-17,30.132259368896484,22.275745391845703,22.601104736328125,78.6482162475586,235.84471130371094,97.85030364990234,122.11000061035156,57.34503173828125
2019-01-18,30.591014862060547,22.659208297729492,23.05985450744629,79.58470153808594,238.9838409423828,97.33737182617188,121.0199966430664,57.50836944580078
2019-01-22,30.076086044311523,22.397754669189453,22.557767868041992,79.03695678710938,235.7550048828125,97.99683380126953,121.44999694824219,57.12724304199219
2019-01-23,30.1790714263916,22.42389678955078,22.32659149169922,79.12528991699219,236.2483367919922,97.95616149902344,121.27999877929688,57.242923736572266
2019-01-24,30.431854248046875,22.476200103759766,22.44579315185547,78.46268463134766,236.37387084960938,98.59930419921875,121.08999633789062,57.30417251586914
2019-01-25,30.862516403198242,22.659208297729492,22.731149673461914,78.55985260009766,238.37391662597656,98.12716674804688,122.86000061035156,57.447113037109375
2019-01-28,30.450576782226562,22.589487075805664,22.503582000732422,77.66754150390625,236.56222534179688,98.02942657470703,123.29000091552734,57.358638763427734
2019-01-29,30.122896194458008,22.51105499267578,22.57221794128418,78.04743194580078,236.2483367919922,98.52603912353516,123.9800033569336,57.324615478515625
2019-01-30,31.05911636352539,22.64177703857422,22.89008331298828,79.11648559570312,239.9883575439453,98.45274353027344,124.69000244140625,57.78060531616211
2019-01-31,31.026348114013672,22.60692024230957,23.038183212280273,80.1059799194336,242.0959930419922,99.29946899414062,124.75,57.92353057861328
2019-02-01,31.208921432495117,22.702783584594727,23.43912124633789,80.17664337158203,242.2126007080078,98.69972229003906,124.5,57.895469665527344
2019-02-04,31.709789276123047,22.79865074157715,23.49331283569336,79.94693756103516,243.91668701171875,98.25912475585938,123.95999908447266,58.03221130371094
2019-02-05,31.976619720458984,22.737646102905273,23.529428482055664,79.83209228515625,244.93914794921875,98.70787811279297,124.27999877929688,58.23731994628906
2019-02-06,32.08427429199219,22.711502075195312,23.356046676635742,80.19432067871094,244.61622619628906,98.75682830810547,123.44000244140625,58.182647705078125
2019-02-07,31.64425277709961,22.484909057617188,22.83951187133789,79.31083679199219,242.2843475341797,99.40963745117188,123.73999786376953,57.98434829711914
2019-02-08,31.82681655883789,22.371614456176758,22.734756469726562,79.4610366821289,242.5803680419922,99.83394622802734,124.20999908447266,57.970699310302734
2019-02-11,31.812780380249023,22.441328048706055,22.843120574951172,79.36383819580078,242.71484375,99.44225311279297,123.5999984741211,57.998016357421875
2019-02-12,32.23408126831055,22.772506713867188,23.132095336914062,80.45053100585938,245.8359832763672,99.18931579589844,123.86000061035156,58.278343200683594
2019-02-13,32.27620315551758,22.833515167236328,23.421062469482422,80.62724304199219,246.63424682617188,98.81397247314453,123.37000274658203,58.19631576538086
2019-02-14,32.33237838745117,22.55463218688965,23.50414276123047,80.81275177001953,246.08712768554688,99.37699890136719,124.05999755859375,58.20314025878906
2019-02-15,32.58984375,23.033958435058594,23.883419036865234,82.031982421875,248.768798828125,99.53203582763672,124.80000305175781,58.387752532958984
2019-02-19,32.59919738769531,23.068817138671875,23.955656051635742,81.83759307861328,249.19931030273438,99.78495788574219,126.69999694824219,58.40825653076172
2019-02-20,32.63664245605469,23.21697235107422,24.05680274963379,81.74043273925781,249.70162963867188,99.4993896484375,126.4800033569336,58.45611572265625
2019-02-21,32.65069580078125,23.094966888427734,23.68475341796875,81.0248031616211,248.81369018554688,98.60995483398438,125.05000305175781,58.40142822265625
2019-02-22,33.06731414794922,23.06010627746582,23.753385543823242,81.7669448852539,250.35633850097656,99.19746398925781,125.5,58.51765060424805
2019-02-25,33.22647476196289,23.155969619750977,23.793119430541992,81.88178253173828,250.6971435546875,98.90371704101562,125.37000274658203,58.565528869628906
2019-02-26,33.296695709228516,23.08624839782715,23.71726417541504,81.5902328491211,250.5177459716797,99.39329528808594,125.58000183105469,58.64070129394531
2019-02-27,33.26392364501953,23.173404693603516,23.80756378173828,81.21031188964844,250.4100799560547,98.26728820800781,124.69000244140625,58.661224365234375
2019-02-28,33.17030715942383,23.112394332885742,23.56916046142578,80.97176361083984,249.94366455078125,97.93273162841797,123.98999786376953,58.627044677734375
2019-03-01,33.39497756958008,23.26055145263672,24.00261116027832,82.12031555175781,251.50436401367188,97.02753448486328,121.87999725341797,58.79322814941406
2019-03-04,33.268592834472656,23.112394332885742,24.045963287353516,81.00713348388672,250.5894775390625,97.7879867553711,121.55999755859375,58.703956604003906
2019-03-05,33.17030715942383,23.02524185180664,23.96649932861328,80.96295928955078,250.24874877929688,97.9924087524414,121.72000122070312,58.67648696899414
2019-03-06,32.99709701538086,22.877090454101562,23.663076400756836,79.77909088134766,248.7328643798828,98.35221862792969,121.61000061035156,58.58034896850586
2019-03-07,32.6834602355957,22.64177703857422,23.52220916748047,79.15177917480469,246.65213012695312,98.989990234375,121.51000213623047,58.539119720458984
2019-03-08,32.67877960205078,22.633066177368164,23.081525802612305,78.98393249511719,246.158935546875,99.40702056884766,122.83999633789062,58.44298553466797
2019-03-11,33.38094711303711,22.86836814880371,23.442733764648438,79.88508605957031,249.72845458984375,99.11262512207031,122.23999786376953,58.63528060913086
2019-03-12,33.57755661010742,22.92066192626953,23.594449996948242,80.46822357177734,250.6702423095703,99.80770111083984,122.9800033569336,58.73826599121094
2019-03-13,33.79756546020508,23.077529907226562,23.83284568786621,81.33403015136719,252.32936096191406,99.61961364746094,123.83999633789062,58.8962287902832
2019-03-14,33.8677864074707,23.164682388305664,23.858137130737305,81.20150756835938,252.1680450439453,98.90003967285156,122.41000366210938,58.85503005981445
2019-03-15,34.27775955200195,23.326736450195312,23.848665237426758,81.57481384277344,253.41387939453125,99.55424499511719,122.97000122070312,58.90996170043945
2019-03-18,34.423336029052734,23.56324005126953,24.17995262145996,81.45066833496094,254.3326873779297,99.49694061279297,123.04000091552734,58.88938522338867
2019-03-19,34.49378204345703,23.379295349121094,24.114425659179688,82.09803009033203,254.39578247070312,99.27621459960938,123.37999725341797,58.92372131347656
2019-03-20,34.399864196777344,22.897518157958984,24.32556915283203,81.5304946899414,253.63011169433594,100.3146743774414,124.18000030517578,59.177818298339844
2019-03-21,35.26396942138672,22.82744026184082,24.49666976928711,81.84974670410156,256.4947204589844,100.53543853759766,123.68000030517578,59.164066314697266
2019-03-22,34.43273162841797,22.196752548217773,23.8341064453125,80.35995483398438,251.55812072753906,102.09723663330078,123.97000122070312,58.95119857788086
2019-03-25,34.2824592590332,22.10039710998535,23.84503173828125,80.31559753417969,251.36900329589844,102.26078033447266,124.91999816894531,58.930580139160156
2019-03-26,34.47030258178711,22.363183975219727,24.18723487854004,80.86538696289062,253.24273681640625,102.18719482421875,124.30000305175781,59.07479476928711
2019-03-27,34.27306365966797,22.266826629638672,24.01613426208496,80.19145965576172,251.9184112548828,103.12749481201172,123.6500015258789,59.116004943847656
2019-03-28,34.4139518737793,22.45953941345215,24.107141494750977,80.39543151855469,252.87332153320312,103.48733520507812,121.9000015258789,59.23278045654297
2019-03-29,34.752079010009766,22.520854949951172,24.070737838745117,81.36199951171875,254.46791076660156,103.3891830444336,122.01000213623047,59.38386917114258
2019-04-01,35.22639846801758,23.07271385192871,24.387453079223633,81.48612976074219,257.4856872558594,101.92064666748047,121.52999877929688,59.36934280395508
2019-04-02,35.34849548339844,23.05518913269043,24.21999168395996,81.29994201660156,257.6116943359375,102.1091079711914,121.9800033569336,59.396942138671875
2019-04-03,35.63497543334961,23.125268936157227,23.987009048461914,81.19351959228516,258.01715087890625,101.22408294677734,121.80000305175781,59.41762924194336
2019-04-04,35.48469543457031,23.265419006347656,24.18723487854004,81.0250473022461,258.7017822265625,101.51092529296875,122.11000061035156,59.50730895996094
2019-04-05,35.653751373291016,23.30045509338379,24.61316680908203,81.58369445800781,259.9538879394531,101.64202880859375,121.9800033569336,59.61766815185547
2019-04-08,35.78995132446289,23.326736450195312,24.72237777709961,81.56595611572266,260.152099609375,101.2814712524414,122.51000213623047,59.58317565917969
2019-04-09,35.620880126953125,23.1340274810791,24.420225143432617,81.3531265258789,258.8188781738281,101.60102844238281,123.1500015258789,59.54182815551758
2019-04-10,35.869781494140625,23.204105377197266,24.5112361907959,81.37973022460938,259.7017517089844,101.84690856933594,123.52999877929688,59.80391311645508
2019-04-11,35.82282638549805,23.344253540039062,24.529434204101562,80.37769317626953,259.629638671875,101.24869537353516,121.94999694824219,59.89360809326172
2019-04-12,36.071712493896484,23.773475646972656,24.59496307373047,79.64163970947266,261.3862609863281,100.5274887084961,121.83000183105469,59.983219146728516
2019-04-15,36.05762481689453,23.624563217163086,24.4493465423584,79.96088409423828,261.2151794433594,100.78156280517578,121.5999984741211,59.94188690185547
2019-04-16,36.24078369140625,23.957426071166992,24.60952377319336,78.32035064697266,261.3862609863281,100.1505355834961,120.51000213623047,59.9073600769043
2019-04-17,36.442718505859375,24.018739700317383,24.576765060424805,76.06792449951172,260.7467041015625,100.1915054321289,120.27999877929688,59.76253128051758
2019-04-18,36.546043395996094,23.948665618896484,24.460262298583984,76.19209289550781,261.2601013183594,100.71601104736328,120.37000274658203,59.790122985839844
2019-04-22,36.63056945800781,23.878589630126953,24.977209091186523,76.2364273071289,261.48529052734375,100.23249053955078,120.37000274658203,59.68665313720703
2019-04-23,37.02975082397461,24.027494430541992,24.937166213989258,77.44243621826172,263.8365478515625,100.44557189941406,120.12000274658203,59.89360809326172
2019-04-24,37.04383087158203,24.001222610473633,24.50031089782715,77.35376739501953,263.2510070800781,101.26504516601562,120.47000122070312,59.81082534790039
2019-04-25,37.034454345703125,24.045021057128906,24.423864364624023,78.15185546875,263.0887756347656,101.11754608154297,120.56999969482422,59.83842468261719
2019-04-26,36.893558502197266,24.26401138305664,24.107141494750977,78.93222045898438,264.3139343261719,101.46173095703125,121.37000274658203,59.990169525146484
2019-04-29,36.9029541015625,24.50927734375,24.085302352905273,78.79033660888672,264.7283935546875,100.8143310546875,120.83000183105469,59.96255874633789
2019-04-30,36.964012145996094,24.544321060180664,24.067096710205078,79.1539306640625,264.8634338378906,101.33062744140625,121.19999694824219,59.969478607177734
2019-05-01,36.870079040527344,24.342851638793945,23.5865535736084,79.01203918457031,262.8726501464844,101.74864196777344,120.4000015258789,59.772743225097656
2019-05-02,36.67752456665039,24.36912727355957,23.175186157226562,79.34900665283203,262.3052062988281,101.26409912109375,119.94000244140625,59.81428909301758
2019-05-03,37.02503967285156,24.588117599487305,23.389968872070312,79.95201873779297,264.8725280761719,101.55150604248047,120.6500015258789,59.96672821044922
2019-05-06,36.73857879638672,24.421688079833984,23.411813735961914,80.35995483398438,263.7825927734375,101.83073425292969,120.80999755859375,59.99440383911133
2019-05-07,35.949615478515625,24.018739700317383,23.20794677734375,78.81694030761719,259.3774108886719,102.61088562011719,121.20999908447266,59.634212493896484
2019-05-08,35.9073486328125,23.9661865234375,23.20794677734375,78.9854507446289,259.0171203613281,102.16748809814453,120.91000366210938,59.65498733520508
2019-05-09,35.663150787353516,23.913623809814453,23.20794677734375,78.81694030761719,258.2333984375,102.58625030517578,121.19999694824219,59.564937591552734
2019-05-10,35.77585983276367,24.07129669189453,23.31715965270996,78.84354400634766,259.530517578125,102.44666290283203,121.43000030517578,59.731197357177734
2019-05-13,34.42805099487305,23.370532989501953,22.916711807250977,77.36263275146484,253.00845336914062,103.25141143798828,122.66999816894531,59.183937072753906
2019-05-14,34.9821891784668,23.55448341369629,23.1970272064209,77.75282287597656,255.296630859375,102.94758605957031,122.45999908447266,59.315547943115234
2019-05-15,35.36258316040039,23.466890335083008,23.31715965270996,77.9833755493164,256.7919616699219,103.57992553710938,122.38999938964844,59.3709602355957
2019-05-16,35.68662643432617,23.703401565551758,23.444576263427734,78.59525299072266,259.1701354980469,103.2350082397461,121.51000213623047,59.551063537597656
2019-05-17,35.40016174316406,23.54572868347168,23.20794677734375,78.42676544189453,257.4946594238281,103.46495819091797,120.6500015258789,59.530303955078125
2019-05-20,34.78495788574219,23.572010040283203,23.218870162963867,78.39128112792969,255.79200744628906,103.25141143798828,120.63999938964844,59.47491455078125
2019-05-21,35.212318420410156,23.817270278930664,23.488264083862305,79.1273193359375,258.0981750488281,103.08718872070312,120.36000061035156,59.66191101074219
2019-05-22,35.02916717529297,23.6771240234375,23.124216079711914,79.57958221435547,257.3054504394531,103.6784896850586,120.23999786376953,59.71039581298828
2019-05-23,34.4139518737793,23.344253540039062,22.348798751831055,79.3046646118164,254.16160583496094,104.84457397460938,121.16999816894531,59.41254425048828
2019-05-24,34.423336029052734,23.528209686279297,22.432523727416992,79.41995239257812,254.73806762695312,104.93494415283203,121.30000305175781,59.329402923583984
2019-05-28,34.32472610473633,23.256650924682617,22.19953727722168,78.28488159179688,252.368896484375,105.69042205810547,120.83000183105469,59.273990631103516
2019-05-29,34.12278366088867,23.212865829467773,22.05756378173828,77.53112030029297,250.67527770996094,106.01071166992188,120.87000274658203,59.114681243896484
2019-05-30,34.33412170410156,23.1340274810791,21.77724838256836,77.95677947998047,251.3599395751953,106.92227935791016,121.69000244140625,59.2393798828125
2019-05-31,33.76117706298828,22.783641815185547,21.394996643066406,77.3980941772461,247.97279357910156,108.26083374023438,123.33000183105469,58.80988693237305
2019-06-03,33.16944885253906,22.93256378173828,21.66802978515625,77.58434295654297,247.34219360351562,108.98501586914062,125.11000061035156,58.904518127441406
2019-06-04,34.27775955200195,23.55448341369629,22.04299545288086,78.87015533447266,252.71121215820312,107.74241638183594,125.1500015258789,59.49602127075195
2019-06-05,34.72390365600586,23.703401565551758,21.799089431762695,79.46429443359375,254.90017700195312,107.13349914550781,125.47000122070312,59.63514709472656
2019-06-06,35.12776565551758,23.790990829467773,22.20317840576172,79.8721923828125,256.5577392578125,107.47909545898438,125.87999725341797,59.760433197021484
2019-06-07,35.78055191040039,23.755958557128906,22.30511474609375,80.70578002929688,259.1251525878906,108.40899658203125,126.58999633789062,59.91352462768555
2019-06-10,36.1468620300293,23.957426071166992,22.370637893676758,80.9452133178711,260.3142395019531,107.38858795166016,125.33000183105469,60.004005432128906
2019-06-11,36.1468620300293,23.9661865234375,22.41432762145996,80.81217956542969,260.2511901855469,107.45440673828125,125.18000030517578,60.08747863769531
2019-06-12,35.94492721557617,23.72968101501465,22.097604751586914,81.202392578125,259.7918395996094,107.53670501708984,125.83000183105469,59.94829559326172
2019-06-13,36.05293273925781,23.808513641357422,22.356075286865234,81.1048355102539,260.8637390136719,107.9070053100586,126.5999984741211,60.08747863769531
2019-06-14,35.738285064697266,23.86106300354004,22.210458755493164,80.91863250732422,260.5755920410156,108.17853546142578,126.55999755859375,60.04574203491211
2019-06-17,35.7664680480957,23.64208221435547,22.396121978759766,81.28218078613281,260.6745910644531,108.36781311035156,126.4800033569336,59.95529556274414
2019-06-18,36.414546966552734,23.957426071166992,22.70556640625,81.973876953125,263.40411376953125,108.91094970703125,127.12000274658203,60.372798919677734
2019-06-19,36.546043395996094,23.913623809814453,22.680076599121094,82.70990753173828,263.9986877441406,109.06732177734375,127.88999938964844,60.6580924987793
2019-06-20,37.08141326904297,24.018739700317383,23.18246078491211,83.07347869873047,266.5209655761719,109.35531616210938,131.11000061035156,60.96427917480469
2019-06-21,36.906089782714844,23.965042114257812,23.349987030029297,83.47248077392578,266.13372802734375,108.15387725830078,131.97999572753906,60.769439697265625
2019-06-24,36.976768493652344,23.86819076538086,23.14058494567871,83.03608703613281,265.8077087402344,108.96029663085938,133.94000244140625,60.76246643066406
2019-06-25,36.29813766479492,23.788955688476562,22.95690155029297,82.69769287109375,263.2007141113281,109.2977294921875,134.1999969482422,60.50502395629883
2019-06-26,36.689300537109375,23.744935989379883,23.3095760345459,81.65573120117188,262.9381408691406,108.59825897216797,132.97000122070312,60.47715377807617
2019-06-27,36.7835578918457,23.95623016357422,23.13690948486328,82.22566223144531,263.8705749511719,109.3635482788086,132.83999633789062,60.6441764831543
2019-06-28,36.778846740722656,24.299596786499023,23.405088424682617,82.50177764892578,265.2283630371094,109.28948974609375,133.1999969482422,60.66506576538086
2019-07-01,37.36323547363281,24.59013557434082,23.42713165283203,82.91142272949219,267.63629150390625,109.03387451171875,130.6199951171875,60.6832160949707
2019-07-02,37.46221160888672,24.528507232666016,23.052417755126953,83.356689453125,268.3332824707031,109.87489318847656,133.41000366210938,60.816009521484375
2019-07-03,37.749691009521484,24.72220230102539,23.144256591796875,84.06914520263672,270.47869873046875,110.65814971923828,133.6300048828125,61.04664993286133
2019-07-05,37.67899703979492,24.792633056640625,23.177322387695312,83.49028015136719,270.1708068847656,109.19047546386719,132.13999938964844,60.802059173583984
2019-07-08,37.391502380371094,24.66937828063965,23.21038055419922,82.86688232421875,268.6862487792969,109.33895111083984,131.2899932861328,60.6832160949707
2019-07-09,37.523475646972656,24.713396072387695,23.2287540435791,82.94702911376953,269.0211486816406,109.29773712158203,131.75,60.61334991455078
2019-07-10,37.82037353515625,24.62535285949707,23.52631950378418,83.23200225830078,270.30670166015625,108.6958236694336,133.8300018310547,60.78105163574219
2019-07-11,37.96175765991211,24.766218185424805,23.57407569885254,83.24981689453125,270.9403076171875,107.24470520019531,132.6999969482422,60.66224670410156
2019-07-12,38.23982238769531,24.93349838256836,23.673269271850586,82.32363891601562,272.1532287597656,107.36837768554688,133.52999877929688,60.76011657714844
2019-07-15,38.3670654296875,24.792633056640625,23.460193634033203,82.50177764892578,272.24383544921875,107.98677062988281,133.52999877929688,60.802059173583984
2019-07-16,38.00889205932617,24.731000900268555,23.21038055419922,82.09207916259766,271.36578369140625,107.66519165039062,132.39999389648438,60.67624282836914
2019-07-17,37.90992736816406,24.519704818725586,22.945877075195312,82.10987091064453,269.5190734863281,108.82771301269531,134.5800018310547,60.599334716796875
2019-07-18,38.192691802978516,24.70458984375,22.949556350708008,82.57301330566406,270.50579833984375,108.83597564697266,136.47999572753906,60.62732696533203
2019-07-19,38.027748107910156,24.598941802978516,23.05609130859375,81.71807098388672,269.0031433105469,108.58038330078125,134.47000122070312,60.52246856689453
2019-07-22,38.466033935546875,24.65176773071289,23.16262435913086,81.54883575439453,269.6639709472656,108.78652954101562,134.4499969482422,60.72513961791992
2019-07-23,38.6781120300293,24.907085418701172,23.225078582763672,82.05644989013672,271.59210205078125,108.19287872314453,133.69000244140625,60.83000946044922
2019-07-24,38.99858093261719,25.162416458129883,23.324270248413086,82.10099029541016,272.8684387207031,108.6628646850586,134.3699951171875,60.878944396972656
2019-07-25,38.838348388671875,24.986328125,23.05976676940918,81.70024108886719,271.5648498535156,108.14340209960938,133.4199981689453,60.79505920410156
2019-07-26,38.92317581176758,25.25925636291504,22.94220733642578,81.99411010742188,273.3843688964844,108.39900970458984,133.63999938964844,60.927852630615234
2019-07-29,38.89961624145508,25.065567016601562,22.85035514831543,82.33253479003906,272.8865051269531,108.43193054199219,134.52999877929688,60.83699417114258
2019-07-30,38.64983367919922,24.995126724243164,23.107524871826172,81.976318359375,272.2166748046875,108.6958236694336,134.97999572753906,60.864959716796875
2019-07-31,38.06544494628906,24.871868133544922,23.034048080444336,81.16590881347656,269.23858642578125,109.5698013305664,133.2100067138672,60.76011657714844
2019-08-01,37.872222900390625,24.308401107788086,22.512380599975586,81.27278900146484,266.8939514160156,111.74588775634766,136.41000366210938,60.729896545410156
2019-08-02,37.254844665527344,24.299596786499023,22.189098358154297,81.08574676513672,264.8843994140625,112.77854919433594,135.88999938964844,60.63869094848633
2019-08-05,35.69960403442383,23.489608764648438,21.527833938598633,79.17996215820312,256.91845703125,114.72833251953125,137.7899932861328,60.006954193115234
2019-08-06,36.293426513671875,23.86819076538086,21.502117156982422,80.20410919189453,260.52117919921875,115.64537811279297,138.91000366210938,60.393001556396484
2019-08-07,36.5196418762207,23.551239013671875,21.340473175048828,80.23081970214844,260.6752014160156,115.68669128417969,141.02000427246094,60.385982513427734
2019-08-08,37.41507339477539,24.000253677368164,21.953981399536133,81.29947662353516,265.78961181640625,115.93447875976562,141.72999572753906,60.62465286254883
2019-08-09,36.99092102050781,23.921018600463867,21.711517333984375,81.39745330810547,263.97918701171875,115.7032241821289,141.25999450683594,60.5404167175293
2019-08-12,36.5055046081543,23.463193893432617,21.45435905456543,80.60484313964844,260.7656555175781,118.11558532714844,142.6300048828125,60.32984161376953
2019-08-13,37.419795989990234,23.75373649597168,21.652738571166992,81.65573120117188,264.821044921875,117.71073913574219,141.77999877929688,60.59658432006836
2019-08-14,36.26985549926758,22.873315811157227,20.804119110107422,79.384765625,256.99090576171875,120.36275482177734,142.75,60.056095123291016
2019-08-15,36.203880310058594,22.98777198791504,20.675539016723633,79.66085052490234,257.6697692871094,121.70111083984375,143.6999969482422,60.23155975341797
2019-08-16,36.8919563293457,23.39276123046875,20.9473876953125,80.64048767089844,261.4717102050781,120.72621154785156,142.77999877929688,60.43512725830078
2019-08-19,37.452781677246094,23.63047981262207,21.410276412963867,81.4152603149414,264.62188720703125,118.99948120117188,141.11000061035156,60.6106071472168
2019-08-20,37.2642707824707,23.313526153564453,21.230266571044922,80.72062683105469,262.5941467285156,120.23052978515625,142.2100067138672,60.659751892089844
2019-08-21,37.702571868896484,23.419174194335938,21.36618995666504,81.3172836303711,264.7305908203125,119.4291763305664,141.75999450683594,60.91945266723633
2019-08-22,37.61301803588867,23.577653884887695,21.270673751831055,80.91654205322266,264.6490478515625,118.63609313964844,141.39999389648438,61.03178024291992
2019-08-23,36.368839263916016,22.97896385192871,20.557979583740234,79.0463638305664,257.85089111328125,120.5857925415039,144.1699981689453,60.75098419189453
2019-08-26,36.87309646606445,23.19907569885254,20.64614486694336,79.87460327148438,260.7022705078125,120.09835052490234,144.19000244140625,61.05280685424805
2019-08-27,36.81655502319336,23.05820655822754,20.517566680908203,79.40259552001953,259.6794738769531,121.94893646240234,145.57000732421875,61.02474594116211
2019-08-28,36.84954833984375,23.269508361816406,20.811464309692383,79.98146057128906,261.5079345703125,122.10590362548828,145.16000366210938,61.172157287597656
2019-08-29,37.490478515625,23.621675491333008,21.116378784179688,80.5870361328125,264.84820556640625,121.64320373535156,144.1199951171875,61.23529052734375
2019-08-30,37.48105239868164,23.700912475585938,21.116378784179688,80.68501281738281,264.7305908203125,121.67630767822266,143.75,61.179168701171875
2019-09-03,37.02390670776367,23.454391479492188,21.01351547241211,80.2129898071289,263.1825866699219,121.83360290527344,145.75,61.00362777709961
2019-09-04,37.655426025390625,23.683300018310547,21.307415008544922,80.26641845703125,266.16973876953125,122.015625,146.66000366210938,61.13054656982422
2019-09-05,38.442474365234375,24.16753387451172,21.571916580200195,81.05904388427734,269.5915222167969,119.805908203125,143.13999938964844,61.37018966674805
2019-09-06,38.40947723388672,24.158727645874023,21.685808181762695,81.28168487548828,269.7997131347656,120.6583023071289,141.9199981689453,61.426578521728516
2019-09-09,38.12200164794922,24.528507232666016,22.119291305541992,80.53359985351562,269.93548583984375,118.51480102539062,141.38999938964844,61.4900016784668
2019-09-10,37.92877197265625,24.616548538208008,22.380126953125,80.76513671875,269.87225341796875,116.4375,140.17999267578125,61.5252799987793
2019-09-11,38.32463836669922,24.757417678833008,22.402170181274414,81.56664276123047,271.791259765625,116.23056030273438,141.02999877929688,61.5181999206543
2019-09-12,38.532020568847656,24.889476776123047,22.262571334838867,81.5399398803711,272.732666015625,115.46915435791016,141.32000732421875,61.55348587036133
2019-09-13,38.24924850463867,25.08316993713379,22.438913345336914,81.49539947509766,272.5516662597656,113.00286865234375,140.14999389648438,61.440704345703125
2019-09-16,38.15498352050781,24.995126724243164,23.192012786865234,81.3172836303711,271.7096252441406,114.44292449951172,141.32000732421875,61.659210205078125
2019-09-17,38.310508728027344,25.02153778076172,22.868732452392578,81.44197082519531,272.39764404296875,115.06365203857422,141.60000610351562,61.694461822509766
2019-09-18,38.3057975769043,25.109586715698242,22.758514404296875,81.4330825805664,272.5606384277344,115.55193328857422,140.7100067138672,61.659210205078125
2019-09-19,38.39064025878906,24.995126724243164,22.699743270874023,81.81600952148438,272.5425109863281,115.89952850341797,141.27999877929688,61.58872604370117
2019-09-20,37.942935943603516,24.848236083984375,22.718276977539062,82.2720718383789,271.2547912597656,117.43067169189453,142.9499969482422,61.66625213623047
2019-09-23,38.061126708984375,24.892478942871094,22.725688934326172,81.83390045166016,271.1911315917969,117.40579986572266,143.75,61.638057708740234
2019-09-24,37.692386627197266,24.653554916381836,22.3660831451416,81.08271789550781,269.0631103515625,118.8210678100586,144.50999450683594,61.55348587036133
2019-09-25,38.1414909362793,24.85708236694336,22.40315818786621,80.68924713134766,270.6545715332031,117.0830307006836,141.8300018310547,61.4900016784668
2019-09-26,38.18402862548828,24.742048263549805,22.110280990600586,80.24211883544922,270.0907287597656,117.836181640625,141.7899932861328,61.447715759277344
2019-09-27,37.67346954345703,24.839385986328125,22.10657501220703,79.8844223022461,268.6357116699219,118.12580108642578,141.05999755859375,61.37725830078125
2019-09-30,38.070579528808594,24.777442932128906,21.947158813476562,80.59982299804688,269.881591796875,118.41553497314453,138.8699951171875,61.447715759277344
2019-10-01,37.71601486206055,24.25534439086914,21.439260482788086,79.8128662109375,266.6714782714844,118.77196502685547,139.6300048828125,61.30618667602539
2019-10-02,37.006893157958984,23.759798049926758,20.91282844543457,78.65031433105469,261.96075439453125,119.06214141845703,141.25999450683594,60.94521713256836
2019-10-03,37.46072769165039,23.85713768005371,21.13897132873535,79.35677337646484,264.1069641113281,120.14823150634766,141.89999389648438,60.98061752319336
2019-10-04,38.08003616333008,24.299592971801758,21.27243995666504,80.59982299804688,267.680908203125,121.03535461425781,141.89999389648438,61.17170333862305
2019-10-07,37.9193000793457,24.175708770751953,21.08336067199707,80.33152770996094,266.5260009765625,120.03217315673828,140.69000244140625,61.12216567993164
2019-10-08,37.224361419677734,23.697853088378906,20.7237548828125,78.80233001708984,262.3882141113281,120.35549926757812,141.9199981689453,60.89567565917969
2019-10-09,37.77747344970703,23.919090270996094,20.91282844543457,79.37468719482422,264.87994384765625,119.67565155029297,142.0500030517578,61.07969284057617
2019-10-10,38.037479400634766,24.166860580444336,21.176048278808594,79.76814270019531,266.6714782714844,117.8931884765625,140.80999755859375,61.15752410888672
2019-10-11,38.56224060058594,24.46772575378418,21.46150779724121,80.42991638183594,269.43603515625,116.43399810791016,140.02999877929688,61.412330627441406
2019-10-14,38.538604736328125,24.50312042236328,21.450382232666016,80.39413452148438,269.1358947753906,117.27962493896484,140.58999633789062,61.454803466796875
2019-10-15,38.96406936645508,24.85708236694336,21.53936004638672,81.86070251464844,271.80047607421875,115.86195373535156,139.61000061035156,61.589290618896484
2019-10-16,38.694618225097656,24.79513931274414,21.23906898498535,81.75341796875,271.3638610839844,116.00293731689453,140.41000366210938,61.53974914550781
2019-10-17,38.61896514892578,24.812841415405273,21.2539005279541,82.36151123046875,272.16424560546875,115.72100830078125,140.61000061035156,61.62467956542969
2019-10-18,38.25023651123047,24.87477684020996,21.142677307128906,82.05747985839844,270.972900390625,115.72100830078125,140.4600067138672,61.63882827758789
2019-10-21,38.66151809692383,25.21989631652832,21.520822525024414,81.96802520751953,272.8099670410156,114.85050964355469,139.7899932861328,61.66008377075195
2019-10-22,38.1414909362793,25.149099349975586,21.798870086669922,82.14688110351562,271.9187316894531,115.5220718383789,140.1999969482422,61.67421340942383
2019-10-23,38.17457962036133,25.255298614501953,21.98052406311035,82.65660095214844,272.7098388671875,115.63812255859375,140.52999877929688,61.73085403442383
2019-10-24,38.732421875,25.21989631652832,21.88784408569336,82.23631286621094,273.1554870605469,115.40595245361328,141.52999877929688,61.8016242980957
2019-10-25,39.200462341308594,25.343778610229492,22.065792083740234,82.32573699951172,274.2740173339844,114.8422622680664,141.86000061035156,61.851173400878906
2019-10-28,39.69684600830078,25.47652244567871,21.93974494934082,83.17529296875,275.8198547363281,113.79759979248047,140.63999938964844,61.844078063964844
2019-10-29,39.337547302246094,25.538463592529297,22.028722763061523,84.355712890625,275.7381286621094,113.87224578857422,140.25,61.73085403442383
2019-10-30,39.578651428222656,25.52076530456543,21.580142974853516,84.82967376708984,276.58380126953125,115.5386734008789,141.02000427246094,61.65297317504883
2019-10-31,39.55501174926758,25.39687728881836,21.487455368041992,84.73129272460938,275.84716796875,117.09728240966797,142.42999267578125,61.440650939941406
2019-11-01,40.027767181396484,25.768539428710938,21.976821899414062,84.83863067626953,278.4026794433594,116.73680114746094,142.55999755859375,61.70433807373047
2019-11-04,40.235782623291016,25.98977279663086,22.692323684692383,84.57929229736328,279.5212707519531,115.20043182373047,142.14999389648438,61.8322639465332
2019-11-05,40.18849563598633,26.087106704711914,22.721982955932617,83.9801254272461,279.21209716796875,113.90485382080078,139.85000610351562,61.76829147338867
2019-11-06,40.169586181640625,26.219844818115234,22.258575439453125,84.26628875732422,279.275634765625,114.59407043457031,140.4499969482422,61.69722366333008
2019-11-07,40.48633575439453,26.414525985717773,22.592227935791016,84.45408630371094,280.25787353515625,112.51781463623047,138.27000427246094,61.668785095214844
2019-11-08,40.713253021240234,26.405677795410156,22.499544143676758,85.07112121582031,280.948974609375,112.04443359375,137.38999938964844,61.72565841674805
2019-11-11,40.73216247558594,26.334882736206055,22.373502731323242,84.72235107421875,280.41241455078125,112.11918640136719,137.05999755859375,61.690120697021484
2019-11-12,40.86925506591797,26.370281219482422,22.258575439453125,85.23209381103516,281.0035095214844,112.63411712646484,137.42999267578125,61.70433807373047
2019-11-13,40.95908737182617,26.2021427154541,22.16218376159668,85.3304443359375,281.09454345703125,113.3649673461914,137.97999572753906,61.640357971191406
2019-11-14,40.911800384521484,26.2552433013916,22.102867126464844,85.33939361572266,281.503662109375,114.53594207763672,138.55999755859375,61.60483932495117
2019-11-15,41.24272918701172,26.326032638549805,22.273405075073242,87.15477752685547,283.540771484375,114.41136169433594,138.2100067138672,61.78961181640625
2019-11-18,41.36565017700195,26.379127502441406,22.00276756286621,86.8596420288086,283.74993896484375,114.61898803710938,138.6199951171875,61.71143341064453
2019-11-19,41.44600296020508,26.432220458984375,21.67652702331543,87.44985961914062,283.6681213378906,115.57414245605469,138.69000244140625,61.4910888671875
2019-11-20,41.19545364379883,26.308338165283203,21.89525604248047,87.33358764648438,282.6131286621094,116.77007293701172,138.75999450683594,61.363197326660156
2019-11-21,40.98745346069336,26.281789779663086,22.254865646362305,87.55718231201172,282.1584167480469,116.03917694091797,138.0,61.377403259277344
2019-11-22,40.93544006347656,26.476465225219727,22.180723190307617,87.87017822265625,282.78594970703125,116.18870544433594,137.74000549316406,61.6119499206543
2019-11-25,41.53112030029297,26.64459800720215,22.20296287536621,88.89856719970703,284.9776306152344,116.5291748046875,137.0800018310547,61.7754020690918
2019-11-26,41.56894302368164,26.618057250976562,21.999065399169922,88.8270492553711,285.62322998046875,117.21029663085938,137.74000549316406,61.84648513793945
2019-11-27,41.80057907104492,26.724241256713867,22.054672241210938,89.28309631347656,286.8964538574219,116.86978149414062,137.00999450683594,61.92465591430664
2019-11-29,41.67766571044922,26.679994583129883,21.832233428955078,88.9700927734375,285.8323669433594,116.62060546875,137.86000061035156,61.78961181640625
2019-12-02,41.08200454711914,26.511869430541992,21.832233428955078,88.57664489746094,283.40435791015625,115.06566619873047,137.7899932861328,61.74750518798828
2019-12-03,40.71798324584961,26.14020538330078,21.50599479675293,88.3799057006836,281.503662109375,117.47831726074219,139.11000061035156,61.661888122558594
2019-12-04,40.88344955444336,26.38797950744629,21.82853126525879,89.20265197753906,283.2406921386719,116.30522155761719,138.9199981689453,61.847381591796875
2019-12-05,41.034732818603516,26.511869430541992,21.724721908569336,89.20265197753906,283.74993896484375,115.73955535888672,139.0,61.94017791748047
2019-12-06,41.48856735229492,26.865825653076172,22.139938354492188,89.79280853271484,286.3417663574219,115.09899139404297,137.6199951171875,62.02577590942383
2019-12-09,41.27109909057617,26.80388832092285,22.113990783691406,89.16683197021484,285.4413757324219,115.3485107421875,137.5800018310547,62.02577590942383
2019-12-10,41.30419158935547,26.812728881835938,22.15848159790039,89.36359405517578,285.1231689453125,115.35682678222656,137.97000122070312,62.175621032714844
2019-12-11,41.583106994628906,26.75078582763672,22.121402740478516,89.4440689086914,285.9324951171875,116.26365661621094,138.9199981689453,62.30406188964844
2019-12-12,42.02749252319336,27.27288246154785,22.529205322265625,90.27572631835938,288.39697265625,114.35020446777344,138.42999267578125,62.44678497314453
2019-12-13,42.30641174316406,27.17554473876953,22.358671188354492,90.2131576538086,288.5697937011719,115.67298126220703,139.0500030517578,62.51096725463867
2019-12-16,42.68461990356445,27.27288246154785,22.658964157104492,91.18787384033203,290.5522155761719,114.63306427001953,139.0399932861328,62.632286071777344
2019-12-17,42.585350036621094,27.37907600402832,22.673791885375977,91.08951568603516,290.61578369140625,114.47501373291016,139.00999450683594,62.82493209838867
2019-12-18,42.58060836791992,27.264028549194336,22.75905990600586,91.2146987915039,290.634033203125,113.5348892211914,139.02000427246094,62.939083099365234
2019-12-19,42.887908935546875,27.25518226623535,22.751636505126953,91.5724105834961,291.8253479003906,113.7165298461914,139.3800048828125,62.90614700317383
2019-12-20,43.136905670166016,27.287200927734375,22.969881057739258,92.22074127197266,293.10479736328125,113.86650085449219,139.52000427246094,62.813079833984375
2019-12-23,43.260223388671875,27.224950790405273,23.205724716186523,92.58889770507812,293.55255126953125,113.69984436035156,139.9499969482422,62.8416748046875
2019-12-24,43.274444580078125,27.287200927734375,23.19449234008789,92.47218322753906,293.5616760253906,114.02486419677734,141.27000427246094,62.891845703125
2019-12-26,43.59698486328125,27.438405990600586,23.187009811401367,92.4093246459961,295.12451171875,114.29985046386719,142.3800048828125,62.984920501708984
2019-12-27,43.59223937988281,27.367252349853516,23.089679718017578,92.43624114990234,295.0513610839844,114.42486572265625,142.3300018310547,62.95626449584961
2019-12-30,43.34085464477539,27.287200927734375,23.016809463500977,91.8813247680664,293.424560546875,114.00820922851562,142.6300048828125,62.9133186340332
2019-12-31,43.4783935546875,27.376150131225586,23.147891998291016,92.06204223632812,294.1374206542969,112.89157104492188,142.89999389648438,62.9705924987793
2020-01-02,44.2941780090332,27.642969131469727,23.356088638305664,92.30609130859375,296.8881530761719,114.16649627685547,143.9499969482422,63.23552703857422
2020-01-03,43.79617691040039,27.349464416503906,23.286685943603516,91.50171661376953,294.6401062011719,115.92472839355469,145.86000061035156,63.17107009887695
2020-01-06,43.90052032470703,27.331682205200195,23.4678897857666,92.07109832763672,295.7641906738281,115.26641845703125,147.38999938964844,63.10665512084961
2020-01-07,43.88154983520508,27.15379524230957,23.40620231628418,91.89035034179688,294.93255615234375,114.69985961914062,147.97000122070312,63.04938888549805
2020-01-08,44.35109329223633,27.331682205200195,23.020666122436523,92.48685455322266,296.5043640136719,113.94153594970703,146.86000061035156,63.10665512084961
2020-01-09,44.85384750366211,27.50066375732422,23.1903018951416,92.88453674316406,298.51483154296875,114.34149932861328,146.02999877929688,63.27135467529297
2020-01-10,44.749488830566406,27.296096801757812,23.059219360351562,92.91162872314453,297.6557922363281,115.35810089111328,146.91000366210938,63.29281234741211
2020-01-13,45.309165954589844,27.48287582397461,23.06692886352539,92.5862808227539,299.702880859375,115.00814056396484,145.82000732421875,63.29281234741211
2020-01-14,45.095741271972656,27.42951011657715,23.070785522460938,93.14663696289062,299.2459716796875,115.59968566894531,145.69000244140625,63.28567123413086
2020-01-15,45.147911071777344,27.278316497802734,22.901145935058594,93.95104217529297,299.9222106933594,116.36637115478516,146.5399932861328,63.30000305175781
2020-01-16,45.755008697509766,27.518455505371094,22.93970489501953,94.4390869140625,302.41705322265625,115.99968719482422,146.30999755859375,63.321468353271484
2020-01-17,46.06330108642578,27.59849739074707,22.793195724487305,94.4390869140625,303.3584289550781,115.00814056396484,146.5800018310547,63.27135467529297
2020-01-21,46.04431915283203,27.367252349853516,22.384523391723633,94.53850555419922,302.7643737792969,116.21636199951172,146.74000549316406,63.13527297973633
2020-01-22,46.21031951904297,27.447301864624023,22.168622970581055,94.656005859375,302.80084228515625,116.6246337890625,146.7899932861328,63.2498664855957
2020-01-23,46.428504943847656,27.376150131225586,22.08380126953125,94.17697143554688,303.148193359375,117.44129943847656,147.1199951171875,63.056514739990234
2020-01-24,46.21031951904297,27.029279708862305,21.8293399810791,92.60433959960938,300.4522399902344,118.39120483398438,147.97999572753906,62.79159927368164
2020-01-27,45.10997009277344,26.611251831054688,21.224042892456055,91.89937591552734,295.6361999511719,120.23278045654297,148.99000549316406,62.369083404541016
2020-01-28,45.973182678222656,26.922548294067383,21.3204288482666,92.35128784179688,298.73419189453125,119.29110717773438,147.66000366210938,62.90614700317383
2020-01-29,46.09175109863281,26.878074645996094,21.096818923950195,92.09821319580078,298.4874572753906,120.45774841308594,148.4600067138672,62.870365142822266
2020-01-30,46.49015808105469,27.216053009033203,21.26645278930664,91.42938995361328,299.4561767578125,120.4743881225586,148.47000122070312,62.93478775024414
2020-01-31,45.21430969238281,26.64682960510254,20.603317260742188,89.60369873046875,294.0186767578125,121.57431030273438,149.3300018310547,62.67698669433594
2020-02-03,45.81191635131836,26.833606719970703,20.33344078063965,90.4171371459961,296.20281982421875,121.47583770751953,148.36000061035156,62.66696548461914
2020-02-04,47.011871337890625,27.091537475585938,20.406692504882812,92.00784301757812,300.7173156738281,119.83985137939453,146.42999267578125,63.04087448120117
2020-02-05,47.28696823120117,27.634077072143555,21.17392349243164,93.7793197631836,304.18994140625,118.52942657470703,146.61000061035156,63.29969787597656
2020-02-06,47.71857833862305,27.59849739074707,20.95801544189453,93.86065673828125,305.2135009765625,119.06368255615234,147.39999389648438,63.35005569458008
2020-02-07,47.282230377197266,27.50066375732422,20.8115177154541,93.1285629272461,303.58685302734375,120.54936981201172,147.7899932861328,63.256568908691406
2020-02-10,47.922515869140625,27.58071517944336,20.707412719726562,93.62564086914062,305.853271484375,120.88321685791016,148.1699981689453,63.34286880493164
2020-02-11,47.76126480102539,27.678550720214844,20.93874168395996,94.18601989746094,306.3832702636719,120.27394104003906,147.66000366210938,63.38602066040039
2020-02-12,48.27824020385742,27.69633674621582,21.220190048217773,94.30351257324219,308.3571472167969,119.66460418701172,147.5399932861328,63.55140686035156
2020-02-13,48.150169372558594,27.687442779541016,21.154647827148438,93.86065673828125,308.0281677246094,120.1236343383789,148.3800048828125,63.572959899902344
2020-02-14,48.35886764526367,27.723018646240234,21.04283905029297,93.93294525146484,308.52166748046875,120.64955139160156,149.0,63.56578063964844
2020-02-18,48.17863845825195,27.48287582397461,20.86934471130371,93.59854888916016,307.7266845703125,121.47583770751953,150.91000366210938,63.436370849609375
2020-02-19,48.752532958984375,27.687442779541016,21.146934509277344,94.03238677978516,309.197998046875,121.46739959716797,151.7899932861328,63.46510696411133
2020-02-20,48.24504089355469,27.634077072143555,21.123804092407227,93.42682647705078,307.92767333984375,122.41897583007812,152.41000366210938,63.572959899902344
2020-02-21,47.16365051269531,27.367252349853516,20.87320327758789,93.48104095458984,304.7565612792969,123.56245422363281,154.6999969482422,63.51544189453125
2020-02-24,45.21430969238281,26.47783660888672,19.909343719482422,90.53460693359375,294.6492614746094,125.40702056884766,156.08999633789062,62.83235168457031
2020-02-25,43.767723083496094,25.57952880859375,19.03031349182129,87.78706359863281,285.7206726074219,126.07476806640625,153.3000030517578,62.39369201660156
2020-02-26,43.9669189453125,25.392757415771484,18.455852508544922,87.77801513671875,284.6697692871094,125.40702056884766,153.97000122070312,62.45840072631836
2020-02-27,41.595458984375,24.30767250061035,17.4688720703125,84.7954330444336,271.884765625,126.7675552368164,154.0,61.61710739135742
2020-02-28,41.91323471069336,23.649511337280273,17.453447341918945,83.70182800292969,270.74249267578125,129.63040161132812,148.3800048828125,61.868778228759766
2020-03-02,44.33687210083008,24.859106063842773,18.15898895263672,87.62434387207031,282.4673767089844,128.6766815185547,149.1999969482422,62.3382568359375
2020-03-03,42.65313720703125,23.925214767456055,17.60380744934082,85.44617462158203,274.3796691894531,130.67434692382812,153.88999938964844,62.07100296020508
2020-03-04,44.483890533447266,24.7168025970459,18.020193099975586,90.37193298339844,285.9126892089844,129.28683471679688,154.16000366210938,62.92330551147461
2020-03-05,43.07999038696289,23.524988174438477,17.36092185974121,88.27510070800781,276.40838623046875,132.50503540039062,157.49000549316406,62.1287841796875
2020-03-06,42.16936111450195,22.724515914916992,16.385499954223633,87.80513763427734,271.83905029296875,139.4010772705078,157.5500030517578,61.42820358276367
2020-03-09,38.96788787841797,20.287519454956055,13.085267066955566,83.24088287353516,250.6099395751953,143.1792755126953,157.80999755859375,58.78469467163086
2020-03-10,41.56700134277344,21.479331970214844,13.705989837646484,86.096923828125,263.5777587890625,135.8401336669922,154.47999572753906,59.68755340576172
2020-03-11,39.603431701660156,20.3142032623291,12.981168746948242,82.80706024169922,250.72874450683594,130.84161376953125,153.92999267578125,58.38748550415039
2020-03-12,35.73793029785156,18.117359161376953,11.361898422241211,76.625,226.7397003173828,131.6524200439453,147.7899932861328,56.054561614990234
2020-03-13,39.930694580078125,20.50098419189453,12.410572052001953,81.93939971923828,246.12283325195312,128.6766815185547,143.27999877929688,57.8169059753418
2020-03-16,34.414669036865234,17.690431594848633,10.721900939941406,73.85932159423828,219.19114685058594,137.0104522705078,141.63999938964844,54.638973236083984
2020-03-17,36.75767135620117,18.650999069213867,10.79515266418457,78.49589538574219,231.0257568359375,127.87419891357422,143.55999755859375,55.151756286621094
2020-03-18,35.37273406982422,17.067846298217773,9.24527645111084,75.89290618896484,219.32823181152344,120.66046142578125,140.6999969482422,52.71773147583008
2020-03-19,35.500797271728516,17.4414005279541,9.873710632324219,74.33834838867188,219.79429626464844,123.945556640625,138.0399932861328,51.53322982788086
2020-03-20,33.87396240234375,16.818809509277344,9.97009563446045,71.4822998046875,210.3224639892578,133.26564025878906,140.11000061035156,50.37761688232422
2020-03-23,33.56454086303711,15.840230941772461,9.290548324584961,67.76961517333984,204.94488525390625,138.75746154785156,146.3000030517578,49.56869125366211
2020-03-24,37.002052307128906,17.804561614990234,10.780505180358887,72.99174499511719,223.5135040283203,136.1746063232422,153.39999389648438,51.61268615722656
2020-03-25,36.95438766479492,18.288917541503906,11.288982391357422,73.96350860595703,226.8595733642578,135.8653106689453,151.3000030517578,53.06442642211914
2020-03-26,39.24287414550781,19.437021255493164,11.978775024414062,78.87686920166016,240.10586547851562,136.5340118408203,153.24000549316406,55.491172790527344
2020-03-27,37.46928787231445,18.84503936767578,11.166790008544922,77.1875991821289,232.9541473388672,140.1785430908203,152.25,55.635650634765625
2020-03-30,39.047393798828125,19.203815460205078,11.281098365783691,80.80221557617188,240.5195770263672,139.02490234375,152.9199981689453,56.11235809326172
2020-03-31,38.31794738769531,18.674610137939453,11.454535484313965,80.4480209350586,236.93450927734375,137.89651489257812,148.0500030517578,55.66458511352539
2020-04-01,36.49191665649414,17.535478591918945,10.886932373046875,77.38741302490234,226.27125549316406,139.82852172851562,149.4499969482422,54.13656997680664
2020-04-02,37.345333099365234,17.974985122680664,11.884180068969727,79.5307388305664,231.4925537109375,140.71588134765625,151.89999389648438,54.557579040527344
2020-04-03,36.768436431884766,17.61619758605957,11.75804328918457,78.81326293945312,228.1465301513672,141.05068969726562,152.64999389648438,53.388912200927734
2020-04-06,39.905574798583984,18.880910873413086,12.380827903747559,82.94557189941406,243.47027587890625,140.682373046875,156.8800048828125,54.688255310058594
2020-04-07,39.54800796508789,19.06927490234375,12.644922256469727,82.26441192626953,243.71847534179688,139.2090606689453,156.0399932861328,54.688255310058594
2020-04-08,40.6111946105957,19.9034366607666,13.488441467285156,85.65201568603516,251.89976501464844,138.1962432861328,154.64999389648438,56.1109619140625
2020-04-09,40.620731353759766,20.97081756591797,13.366250991821289,86.12425994873047,255.7329559326172,138.4473419189453,158.69000244140625,59.783958435058594
2020-04-13,40.71132278442383,20.208402633666992,13.322892189025879,85.37046813964844,253.3981170654297,137.18328857421875,161.41000366210938,58.92743682861328
2020-04-14,42.418155670166016,20.2981014251709,13.259822845458984,88.20404052734375,260.8715515136719,137.14976501464844,162.67999267578125,59.17420196533203
2020-04-15,41.49321746826172,19.419084548950195,12.637041091918945,87.74994659423828,255.3284149169922,140.78277587890625,161.85000610351562,58.6225471496582
2020-04-16,41.998592376708984,19.078237533569336,12.097027778625488,89.66624450683594,256.5602722167969,142.3816375732422,161.7100067138672,58.564456939697266
2020-04-17,42.556419372558594,20.08283233642578,13.382018089294434,91.52801513671875,263.49139404296875,140.4730682373047,158.57000732421875,58.86207962036133
2020-04-20,41.8746337890625,19.733020782470703,12.964200019836426,90.80148315429688,258.8491516113281,141.60311889648438,159.6999969482422,57.976531982421875
2020-04-21,40.12013244628906,19.09618377685547,12.735579490661621,88.04055786132812,250.98976135253906,143.3861541748047,158.61000061035156,56.916748046875
2020-04-22,41.66485595703125,19.30248260498047,13.188875198364258,89.38468170166016,256.5602722167969,141.92127990722656,161.72999572753906,57.417564392089844
2020-04-23,41.37879943847656,19.22174835205078,13.614578247070312,89.87511444091797,256.5418701171875,142.67459106445312,163.33999633789062,57.388519287109375
2020-04-24,42.25605392456055,19.499807357788086,13.646110534667969,91.0830307006836,260.1177062988281,143.00946044921875,162.63999938964844,56.851383209228516
2020-04-27,42.6183967590332,20.163557052612305,13.94173526763916,92.25457763671875,263.8682556152344,140.3475341796875,161.55999755859375,57.08366775512695
2020-04-28,42.05103302001953,20.378826141357422,14.261012077331543,90.39278411865234,262.6548156738281,141.96311950683594,160.83999633789062,57.257896423339844
2020-04-29,43.77694320678711,20.97081756591797,15.317383766174316,90.9922103881836,269.5307312011719,141.2265167236328,161.72999572753906,58.26687240600586
2020-04-30,43.58146667480469,20.44161033630371,14.978401184082031,90.57442474365234,267.0212707519531,139.5774383544922,158.8000030517578,58.38300704956055
2020-05-01,42.3847770690918,19.786832809448242,14.130940437316895,88.84884643554688,259.9523010253906,140.77259826660156,159.77999877929688,57.37593460083008
2020-05-04,42.94736862182617,19.60744285583496,14.619705200195312,88.8034439086914,260.6693420410156,140.1104736328125,160.33999633789062,57.29572677612305
2020-05-05,43.53855895996094,19.54465675354004,14.631528854370117,90.72881317138672,263.07769775390625,139.21365356445312,161.02000427246094,57.79159164428711
2020-05-06,43.87706756591797,19.123090744018555,14.249185562133789,89.8297119140625,261.29437255859375,136.96728515625,158.9499969482422,57.46342086791992
2020-05-07,44.53500747680664,19.571563720703125,14.619705200195312,89.82060241699219,264.44732666015625,139.25552368164062,161.38999938964844,57.609283447265625
2020-05-08,45.18818664550781,19.993135452270508,15.285846710205078,90.2838134765625,268.822998046875,137.445068359375,160.4199981689453,58.1562385559082
2020-05-11,45.488548278808594,19.60744285583496,15.017812728881836,91.83683013916016,268.8782043457031,136.3721466064453,159.4199981689453,57.89366912841797
2020-05-12,44.549312591552734,19.09618377685547,14.75372314453125,90.43819427490234,263.51898193359375,137.77194213867188,160.0399932861328,57.82075500488281
2020-05-13,43.78171920776367,18.531099319458008,14.083635330200195,89.45734405517578,258.8583984375,138.73585510253906,161.5800018310547,57.51449203491211
2020-05-14,44.33953857421875,19.00648307800293,14.241304397583008,90.43819427490234,261.9562072753906,140.09365844726562,163.00999450683594,57.31760025024414
2020-05-15,44.563602447509766,18.880910873413086,14.186121940612793,91.20109558105469,263.16046142578125,139.73329162597656,163.92999267578125,57.39778518676758
2020-05-18,45.65542221069336,19.849620819091797,15.344974517822266,91.95487976074219,271.1762390136719,136.66558837890625,162.69000244140625,58.41145324707031
2020-05-19,45.488548278808594,19.36526870727539,14.915332794189453,90.84687042236328,268.3909912109375,137.17686462402344,164.25999450683594,58.484344482421875
2020-05-20,46.4849967956543,19.795806884765625,15.510526657104492,90.95586395263672,272.95037841796875,137.58750915527344,164.64999389648438,59.10423278808594
2020-05-21,45.836585998535156,19.733020782470703,15.262201309204102,90.2838134765625,271.06585693359375,137.93118286132812,162.25,59.08963394165039
2020-05-22,46.003456115722656,19.6612606048584,15.167600631713867,90.47452545166016,271.5806579589844,138.76101684570312,163.2100067138672,59.235477447509766
2020-05-26,45.95577621459961,20.683788299560547,15.589360237121582,90.31105041503906,274.9267272949219,136.90025329589844,160.88999938964844,59.680294036865234
2020-05-27,46.21800994873047,21.58074951171875,15.790387153625488,91.2464828491211,279.0173645019531,136.6488037109375,161.17999267578125,59.804283142089844
2020-05-28,46.12742233276367,21.23990249633789,15.348915100097656,92.43622589111328,278.5026550292969,136.1458740234375,161.72000122070312,59.86263656616211
2020-05-29,46.70908737182617,20.997726440429688,15.277968406677246,93.55330657958984,279.7434997558594,137.1181640625,162.91000366210938,60.103240966796875
2020-06-01,46.694786071777344,21.23990249633789,15.546001434326172,92.62693786621094,280.8741455078125,136.1949462890625,163.66000366210938,60.55786895751953
2020-06-02,47.133399963378906,21.410324096679688,15.97958755493164,93.16278839111328,283.1998291015625,135.6997528076172,162.60000610351562,61.15819549560547
2020-06-03,47.500518798828125,22.208614349365234,16.44864845275879,92.98113250732422,286.96875,133.89541625976562,159.60000610351562,61.44370651245117
2020-06-04,47.10956573486328,22.692968368530273,16.452587127685547,92.24549865722656,286.2149353027344,131.9566192626953,161.27999877929688,61.25339126586914
2020-06-05,48.34916687011719,23.53610610961914,17.674510955810547,93.73493957519531,293.55059814453125,131.01675415039062,158.00999450683594,61.83171463012695
2020-06-08,48.59230422973633,23.984582901000977,18.470727920532227,94.3797607421875,297.0987854003906,131.52029418945312,159.72000122070312,61.90489196777344
2020-06-09,48.821170806884766,23.47332191467285,17.776992797851562,93.39891052246094,294.88348388671875,133.01425170898438,161.25999450683594,61.4217643737793
2020-06-10,49.63643264770508,22.594301223754883,16.90194320678711,93.25360107421875,293.2380065917969,134.9864501953125,163.57000732421875,61.33390808105469
2020-06-11,46.790122985839844,20.74657440185547,15.309497833251953,88.06778717041016,276.3331298828125,137.5377960205078,162.38999938964844,59.75989532470703
2020-06-12,47.395626068115234,21.37444305419922,15.695785522460938,88.63997650146484,279.64251708984375,136.21180725097656,162.6199951171875,60.352901458740234
2020-06-15,47.85332489013672,21.670442581176758,15.743083953857422,88.83977508544922,282.2531433105469,136.28726196289062,162.3300018310547,60.93856430053711
2020-06-16,48.873619079589844,22.01128387451172,16.196378707885742,91.02851867675781,287.6857604980469,134.1974639892578,162.25,61.18747329711914
2020-06-17,48.86406326293945,21.679410934448242,15.644540786743164,90.93769073486328,286.49078369140625,134.75137329101562,162.55999755859375,60.901981353759766
2020-06-18,49.08338165283203,21.652502059936523,15.837686538696289,90.62890625,286.60113525390625,136.17822265625,162.24000549316406,60.87997817993164
2020-06-19,48.744873046875,21.508983612060547,15.597245216369629,91.50078582763672,284.9632263183594,136.28726196289062,164.02999877929688,60.67501449584961
2020-06-22,49.66328811645508,21.402469635009766,15.669504165649414,91.149658203125,286.7912292480469,136.30404663085938,165.08999633789062,60.63108444213867
2020-06-23,50.02184295654297,21.501766204833984,15.685470581054688,91.54182434082031,288.11163330078125,135.37254333496094,166.47999572753906,60.718929290771484
2020-06-24,48.89356994628906,20.743518829345703,14.815169334411621,89.15226745605469,280.76220703125,136.82443237304688,165.89999389648438,60.0966682434082
2020-06-25,49.519859313964844,21.294151306152344,15.098613739013672,90.02783966064453,283.7721862792969,137.2188720703125,165.8000030517578,60.118621826171875
2020-06-26,48.54457473754883,20.3824462890625,14.575632095336914,88.93338775634766,277.03216552734375,138.68756103515625,166.5399932861328,59.54761505126953
2020-06-29,49.075233459472656,20.60811424255371,14.77125072479248,89.73597717285156,281.1037902832031,138.251220703125,166.6300048828125,59.210845947265625
2020-06-30,49.954917907714844,20.88794708251953,15.110588073730469,91.26821899414062,284.7046813964844,137.57980346679688,167.3699951171875,59.75260925292969
2020-07-01,50.03619384765625,20.707408905029297,14.743303298950195,91.97047424316406,286.6989440917969,137.3125762939453,166.6199951171875,59.93857955932617
2020-07-02,50.32781219482422,20.7344913482666,14.90698528289795,92.66364288330078,288.2778015136719,137.45535278320312,166.97999572753906,60.379695892333984
2020-07-06,51.20748519897461,21.131669998168945,14.950902938842773,93.60304260253906,292.72802734375,136.89242553710938,167.97999572753906,60.81343460083008
2020-07-07,50.67203140258789,20.698383331298828,14.475826263427734,92.79132080078125,289.7088623046875,138.816650390625,169.0399932861328,60.40908432006836
2020-07-08,51.499122619628906,20.915029525756836,14.463846206665039,92.80044555664062,291.9247741699219,138.26205444335938,170.08999633789062,60.570823669433594
2020-07-09,51.68557357788086,20.472713470458984,13.749238014221191,92.0708236694336,290.2628173828125,140.4634246826172,169.6300048828125,60.438499450683594
2020-07-10,51.671234130859375,21.176799774169922,14.188384056091309,91.85193634033203,293.22662353515625,139.7576446533203,169.19000244140625,60.64435577392578
2020-07-13,50.60032653808594,21.26706886291504,14.112533569335938,92.37178039550781,290.6875915527344,140.21986389160156,169.39999389648438,60.31352996826172
2020-07-14,51.1835823059082,21.375385284423828,14.60756778717041,94.2049789428711,294.45458984375,140.4214630126953,170.19000244140625,60.828121185302734
2020-07-15,51.46086883544922,21.79964828491211,14.922954559326172,95.42713165283203,297.1597595214844,139.76605224609375,170.33999633789062,61.173683166503906
2020-07-16,50.825016021728516,21.79964828491211,14.855087280273438,95.2720947265625,296.1810607910156,140.4298858642578,168.72999572753906,61.23252487182617
2020-07-17,51.07362365722656,21.619115829467773,14.647492408752441,96.5762939453125,297.0397644042969,140.1357879638672,170.1199951171875,61.40160369873047
2020-07-20,52.378780364990234,21.519819259643555,14.403963088989258,96.5580825805664,299.44036865234375,140.48033142089844,170.94000244140625,61.769142150878906
2020-07-21,51.8529052734375,21.94407844543457,15.274270057678223,96.49420166015625,300.0773620605469,140.56436157226562,173.0,62.05588150024414
2020-07-22,52.268836975097656,21.94407844543457,15.086631774902344,97.36067199707031,301.78546142578125,140.98439025878906,175.6300048828125,62.180870056152344
2020-07-23,50.911075592041016,21.96213150024414,15.058691024780273,96.92285919189453,298.18463134765625,142.6312713623047,177.17999267578125,62.136741638183594
2020-07-24,50.29435348510742,21.907970428466797,14.974851608276367,95.85577392578125,296.26422119140625,142.6229248046875,178.6999969482422,62.19560241699219
2020-07-27,51.087974548339844,21.727436065673828,14.99082088470459,96.5762939453125,298.4247741699219,142.0935821533203,182.22999572753906,62.34259796142578
2020-07-28,50.49036407470703,21.67327308654785,14.735321998596191,96.46685791015625,296.5320129394531,143.07656860351562,183.75,62.180870056152344
2020-07-29,51.221832275390625,22.079477310180664,15.042720794677734,97.479248046875,300.1789245605469,142.83291625976562,185.1300048828125,62.52639389038086
2020-07-30,51.5086784362793,21.682300567626953,14.451873779296875,96.80430603027344,299.1079406738281,143.77407836914062,183.75999450683594,62.65874481201172
2020-07-31,52.79472351074219,21.691329956054688,14.38400650024414,96.24797821044922,301.4715881347656,143.68162536621094,185.42999267578125,62.77638244628906
2020-08-03,54.09511947631836,21.754520416259766,14.435903549194336,97.24209594726562,303.5674133300781,142.95819091796875,185.63999938964844,62.79185104370117
2020-08-04,54.2337532043457,21.664243698120117,14.787219047546387,96.81343078613281,304.739990234375,144.32093811035156,189.58999633789062,62.76969909667969
2020-08-05,54.4345588684082,21.96213150024414,14.942916870117188,97.26033020019531,306.6327209472656,143.05911254882812,191.35000610351562,62.88042068481445
2020-08-06,55.19948196411133,21.953102111816406,14.823149681091309,96.74047088623047,308.68243408203125,143.85821533203125,193.88999938964844,63.02067184448242
2020-08-07,54.37718963623047,22.422496795654297,14.843109130859375,97.05057525634766,308.904052734375,142.89926147460938,190.80999755859375,62.86566162109375
2020-08-10,54.22420120239258,22.58498191833496,15.30222225189209,96.72223663330078,309.8272399902344,142.26004028320312,190.14999389648438,62.89522171020508
2020-08-11,53.248905181884766,22.846752166748047,15.250319480895996,96.11114501953125,307.2698059082031,140.5692901611328,179.94000244140625,62.32685089111328
2020-08-12,54.45844650268555,22.783571243286133,15.402027130126953,97.72545623779297,311.5538635253906,139.29061889648438,179.10000610351562,62.34158706665039
2020-08-13,54.482357025146484,22.639141082763672,15.102605819702148,97.5978012084961,310.9906311035156,137.80174255371094,183.3300018310547,62.17181396484375
2020-08-14,54.4441032409668,22.729408264160156,15.24632453918457,97.4062728881836,310.99981689453125,137.2633819580078,182.5399932861328,62.06113815307617
2020-08-17,54.80745315551758,22.350282669067383,15.158496856689453,97.9808578491211,311.9877624511719,137.60824584960938,186.5,62.4301872253418
2020-08-18,55.01302719116211,22.205852508544922,14.966874122619629,97.95347595214844,312.66180419921875,138.5924530029297,188.17999267578125,62.52614974975586
2020-08-19,54.94609832763672,22.196826934814453,14.795202255249023,97.63428497314453,311.3599853515625,137.7260284423828,182.24000549316406,62.34898376464844
2020-08-20,55.67756271362305,21.989219665527344,14.475826263427734,97.32417297363281,312.32940673828125,138.97105407714844,183.5,62.55565643310547
2020-08-21,56.3851203918457,21.94407844543457,14.38400650024414,97.42450714111328,313.4373779296875,139.8037872314453,182.02999877929688,62.54828643798828
2020-08-24,56.87276840209961,22.46763038635254,14.779234886169434,96.97760009765625,316.6134338378906,139.57662963867188,181.0,62.83614730834961
2020-08-25,57.15961456298828,22.53081703186035,14.571640014648438,97.63428497314453,317.72137451171875,138.5083770751953,181.22000122070312,62.902584075927734
2020-08-26,58.32136535644531,22.422496795654297,14.264235496520996,97.51570892333984,320.9067687988281,137.97845458984375,183.36000061035156,62.89522171020508
2020-08-27,58.369171142578125,22.80162811279297,14.292182922363281,98.28184509277344,321.60845947265625,135.63153076171875,181.24000549316406,62.79927062988281
2020-08-28,58.88071823120117,22.891889572143555,14.547687530517578,98.50071716308594,323.685791015625,135.53062438964844,184.38999938964844,62.850887298583984
2020-08-31,59.067176818847656,22.621084213256836,14.232297897338867,98.73783111572266,322.5133056640625,136.43060302734375,184.8300018310547,62.762332916259766
2020-09-01,60.19545364379883,22.68427276611328,14.136486053466797,97.8531723022461,325.5508117675781,137.9911346435547,185.0500030517578,63.10396957397461
2020-09-02,60.73089599609375,23.00924301147461,14.068618774414062,99.81405639648438,330.2596740722656,139.30484008789062,182.6199951171875,63.17808532714844
2020-09-03,57.26959228515625,22.657194137573242,13.964818954467773,97.0961685180664,318.89398193359375,139.70059204101562,181.13999938964844,62.785308837890625
2020-09-04,56.47118377685547,22.828704833984375,13.920904159545898,96.40301513671875,316.290283203125,137.0479278564453,181.63999938964844,62.614837646484375
2020-09-08,53.91822814941406,22.24197006225586,13.413893699645996,94.81605529785156,307.6484069824219,137.89004516601562,181.2899932861328,62.26653289794922
2020-09-09,55.67756271362305,22.46763038635254,13.505712509155273,96.49420166015625,313.7236633300781,137.5194854736328,183.0500030517578,62.75568771362305
2020-09-10,54.420204162597656,22.151695251464844,13.010679244995117,95.01670837402344,308.276123046875,138.21847534179688,182.4600067138672,62.4592170715332
2020-09-11,54.00426483154297,22.305150985717773,13.022653579711914,95.39066314697266,308.43310546875,138.5132293701172,182.4499969482422,62.5851936340332
2020-09-14,55.137325286865234,22.612060546875,13.12246036529541,96.75871276855469,312.49560546875,138.50482177734375,183.88999938964844,62.51849365234375
2020-09-15,55.682350158691406,22.305150985717773,13.026646614074707,96.88638305664062,314.0744323730469,138.16796875,183.4499969482422,62.688968658447266
2020-09-16,54.8217887878418,22.55790138244629,13.549626350402832,96.72223663330078,312.8279724121094,137.75535583496094,183.97000122070312,62.688968658447266
2020-09-17,54.367618560791016,22.323200225830078,13.569589614868164,96.40301513671875,310.0766296386719,138.17636108398438,182.9600067138672,62.62223815917969
2020-09-18,53.430580139160156,22.278072357177734,13.417886734008789,96.25708770751953,306.5067443847656,137.74684143066406,183.1999969482422,62.46662902832031
2020-09-21,53.87474060058594,21.719873428344727,12.973135948181152,94.4788589477539,303.095458984375,138.44589233398438,179.52000427246094,61.96268081665039
2020-09-22,54.72760772705078,21.538345336914062,12.839225769042969,94.27742767333984,306.18231201171875,138.33641052246094,178.64999389648438,62.1776237487793
2020-09-23,53.021873474121094,21.057294845581055,12.258946418762207,93.30680084228516,299.0816650390625,138.5216064453125,174.7899932861328,61.54768753051758
2020-09-24,53.318939208984375,21.102672576904297,12.254888534545898,92.83979797363281,299.8788757324219,139.0521697998047,175.44000244140625,61.58470916748047
2020-09-25,54.59346008300781,21.32050895690918,12.246772766113281,94.33234405517578,304.72698974609375,139.0521697998047,174.94000244140625,61.47356414794922
2020-09-28,55.63798522949219,21.82878303527832,12.53488540649414,95.18392944335938,309.78826904296875,138.6564483642578,176.6999969482422,61.873783111572266
2020-09-29,55.451114654541016,21.556493759155273,12.189961433410645,95.06488037109375,308.1012268066406,138.81643676757812,178.19000244140625,61.925628662109375
2020-09-30,55.91587448120117,21.84693717956543,12.153440475463867,96.58490753173828,310.437255859375,137.4857635498047,177.1199951171875,62.1776237487793
2020-10-01,56.50522232055664,21.88324737548828,11.780112266540527,96.25526428222656,312.4302062988281,137.712646484375,178.6999969482422,62.3912239074707
2020-10-02,55.07259750366211,22.055696487426758,11.893732070922852,95.37621307373047,309.4638366699219,137.19839477539062,178.5399932861328,62.3912239074707
2020-10-05,56.28003692626953,22.41875648498535,12.250831604003906,97.33576202392578,314.9516296386719,134.5176544189453,179.41000366210938,62.86009216308594
2020-10-06,55.40799331665039,22.191843032836914,12.068222999572754,96.04463958740234,310.4742431640625,135.2425994873047,177.3000030517578,62.71867752075195
2020-10-07,56.42376708984375,22.563976287841797,12.238654136657715,97.85768127441406,315.8785705566406,134.25631713867188,177.22000122070312,62.94194030761719
2020-10-08,56.71604537963867,22.872577667236328,12.697198867797852,98.33381652832031,318.67803955078125,134.98123168945312,177.85000610351562,63.08335876464844
2020-10-09,57.58330535888672,22.899805068969727,12.494304656982422,99.22203063964844,321.5238952636719,134.95594787597656,181.0800018310547,63.22480773925781
2020-10-12,59.15488815307617,23.15395164489746,12.526768684387207,99.89961242675781,326.6964416503906,135.38587951660156,180.55999755859375,63.544822692871094
2020-10-13,58.7763671875,22.709199905395508,12.331988334655762,99.1396255493164,324.56439208984375,136.35537719726562,177.72000122070312,63.26197814941406
2020-10-14,58.464908599853516,22.491369247436523,12.384739875793457,98.56275939941406,322.52508544921875,136.6673126220703,178.27000427246094,63.10569381713867
2020-10-15,58.201393127441406,22.663814544677734,12.53488540649414,97.84854125976562,322.12640380859375,136.43125915527344,178.9199981689453,63.06103515625
2020-10-16,58.033687591552734,22.68197250366211,12.250831604003906,98.81912994384766,321.9317932128906,136.0518798828125,178.3000030517578,62.98664474487305
2020-10-19,56.970001220703125,22.337068557739258,11.991122245788574,97.25333404541016,317.037353515625,135.53770446777344,178.38999938964844,62.76334762573242
2020-10-20,57.16644287109375,22.51860237121582,12.133148193359375,97.38153076171875,318.3072509765625,134.2478485107422,179.25,62.98664474487305
2020-10-21,57.08019256591797,22.40060043334961,11.901850700378418,96.896240234375,317.7047424316406,133.7842559814453,180.60000610351562,62.97916793823242
2020-10-22,56.811885833740234,22.8453426361084,12.392857551574707,98.36128997802734,319.447509765625,132.39328002929688,178.8300018310547,63.09084701538086
2020-10-23,56.74959945678711,22.91795539855957,12.331988334655762,98.72758483886719,320.5321044921875,133.2025146484375,178.63999938964844,63.16525650024414
2020-10-26,55.518192291259766,22.40060043334961,11.889674186706543,97.6287612915039,314.6086730957031,134.4417724609375,178.5500030517578,62.60707473754883
2020-10-27,55.79609680175781,21.99216079711914,11.735474586486816,96.96031951904297,313.5240783691406,135.34371948242188,179.02000427246094,62.636817932128906
2020-10-28,53.42913055419922,21.429424285888672,11.244467735290527,93.8836669921875,302.80810546875,135.47018432617188,176.1300048828125,62.11580276489258
2020-10-29,54.32034683227539,21.59280014038086,11.589388847351074,93.11451721191406,305.88568115234375,134.1551971435547,175.39999389648438,62.294456481933594
2020-10-30,53.11769104003906,21.65633773803711,11.654316902160645,93.0870361328125,302.6968688964844,132.83168029785156,176.1999969482422,62.42841339111328
2020-11-02,53.25185012817383,22.064775466918945,12.051993370056152,94.76272583007812,306.08966064453125,133.8266143798828,177.91000366210938,62.57719802856445
2020-11-03,54.190975189208984,22.55490493774414,11.98300552368164,96.14537811279297,311.49395751953125,133.05023193359375,178.9199981689453,63.115352630615234
2020-11-04,56.299190521240234,22.29168701171875,11.999239921569824,100.41241455078125,318.45562744140625,135.93637084960938,178.82000732421875,63.705848693847656
2020-11-05,58.04806900024414,22.836271286010742,11.999239921569824,100.61383819580078,324.6662902832031,136.172607421875,182.92999267578125,63.93007278442383
2020-11-06,58.25409698486328,22.654741287231445,11.739531517028809,100.65046691894531,324.59222412109375,134.5270233154297,183.19000244140625,63.705848693847656
2020-11-09,57.83245086669922,24.515403747558594,13.415448188781738,101.5936050415039,328.6708984375,131.69992065429688,175.0800018310547,64.1916732788086
2020-11-10,56.75437927246094,24.64247703552246,13.849645614624023,101.88661193847656,328.18890380859375,130.94039916992188,175.66000366210938,64.10197448730469
2020-11-11,58.10077667236328,24.542640686035156,13.707618713378906,101.7584228515625,330.6268310546875,131.4130401611328,174.89999389648438,64.07955169677734
2020-11-12,57.58330535888672,24.134197235107422,13.26530647277832,101.38301849365234,327.4195556640625,133.6493377685547,175.9600067138672,63.64603805541992
2020-11-13,58.072021484375,24.5335636138916,13.748197555541992,102.6649398803711,331.9524841308594,133.47218322753906,177.16000366210938,63.862789154052734
2020-11-16,58.632625579833984,25.07814598083496,14.653112411499023,102.4909896850586,336.0960388183594,133.15145874023438,177.14999389648438,64.2215805053711
2020-11-17,58.30680465698242,25.041839599609375,14.803253173828125,101.8225326538086,334.2884826660156,134.02076721191406,176.5,64.24398803710938
2020-11-18,57.68391799926758,24.805849075317383,14.373115539550781,99.9271011352539,330.2652587890625,134.40890502929688,175.49000549316406,64.12444305419922
2020-11-19,58.148681640625,24.88753890991211,14.60847282409668,99.85384368896484,331.6558532714844,135.10086059570312,175.16000366210938,64.34117889404297
2020-11-20,57.54975128173828,24.669702529907227,14.53137493133545,99.62493133544922,329.3846740722656,136.2992401123047,175.69000244140625,64.2215805053711
2020-11-23,57.53538131713867,25.132606506347656,15.558024406433105,99.3685302734375,331.3592224121094,135.67469787597656,172.22999572753906,64.31874084472656
2020-11-24,58.33555221557617,26.013017654418945,16.357439041137695,99.66156005859375,336.6986389160156,134.32444763183594,169.58999633789062,64.51309967041016
2020-11-25,58.46012878417969,25.92224884033203,15.975988388061523,99.2952880859375,336.179443359375,133.9109649658203,169.50999450683594,64.483154296875
2020-11-27,58.77156066894531,25.84056282043457,15.789328575134277,100.21095275878906,337.1157531738281,135.21063232421875,167.7899932861328,64.58782958984375
2020-11-30,59.16447448730469,25.305055618286133,14.916874885559082,100.48564147949219,335.623291015625,135.0418243408203,166.6699981689453,64.52058410644531
2020-12-01,59.9215087890625,25.695343017578125,14.985857963562012,101.32807159423828,339.294189453125,133.05068969726562,170.17999267578125,64.6864013671875
2020-12-02,59.83047866821289,25.976715087890625,15.472810745239258,102.08806610107422,340.00799560546875,131.99478149414062,171.4600067138672,64.86652374267578
2020-12-03,59.792144775390625,25.98578453063965,15.635124206542969,101.95988464355469,339.9152526855469,133.05911254882812,172.80999755859375,64.90402221679688
2020-12-04,60.39107131958008,26.3034610748291,16.487287521362305,103.0495376586914,342.8445739746094,131.10772705078125,172.32000732421875,65.17418670654297
2020-12-07,60.56355667114258,26.121936798095703,16.101781845092773,102.41773986816406,342.1399230957031,132.29043579101562,174.88999938964844,65.14418029785156
2020-12-08,60.760013580322266,26.112855911254883,16.341205596923828,103.19606018066406,343.1411437988281,132.91558837890625,175.5,65.09159851074219
2020-12-09,59.59569549560547,26.0493221282959,16.377723693847656,102.83891296386719,340.0635681152344,132.47625732421875,172.5,64.99410247802734
2020-12-10,59.681941986083984,26.094707489013672,16.880903244018555,102.6649398803711,339.952392578125,133.65045166015625,172.1699981689453,65.11412811279297
2020-12-11,59.5573616027832,25.83148956298828,16.68613052368164,102.26203918457031,339.55364990234375,134.12356567382812,172.49000549316406,65.04659271240234
2020-12-14,59.77298355102539,25.531967163085938,16.101781845092773,101.49288940429688,338.033447265625,133.75193786621094,171.5399932861328,65.06161499023438
2020-12-15,60.76959228515625,25.96763038635254,16.418304443359375,102.59169006347656,342.60345458984375,133.3040771484375,173.94000244140625,65.26422882080078
2020-12-16,61.1816520690918,26.013017654418945,16.33714485168457,102.28954315185547,343.1411437988281,132.94932556152344,174.89999389648438,65.16668701171875
2020-12-17,61.665592193603516,26.085630416870117,16.260046005249023,103.38833618164062,345.0599365234375,132.59756469726562,176.74000549316406,65.26387786865234
2020-12-18,61.44997787475586,25.85871696472168,15.988165855407715,103.47074127197266,343.6821594238281,132.20008850097656,176.44000244140625,65.31661987304688
2020-12-21,61.51144790649414,26.207298278808594,15.6797513961792,102.43545532226562,342.453369140625,132.72442626953125,175.8800048828125,65.08304595947266
2020-12-22,62.04454040527344,25.95179557800293,15.416570663452148,102.1228256225586,341.87615966796875,133.40939331054688,174.49000549316406,65.16590881347656
2020-12-23,61.573890686035156,26.380672454833984,15.757882118225098,102.19639587402344,342.183349609375,132.4875946044922,175.64999389648438,65.45980072021484
2020-12-24,61.98210144042969,26.41717529296875,15.675634384155273,102.49060821533203,343.51458740234375,133.011962890625,176.35000610351562,65.5954360961914
2020-12-28,62.68327713012695,26.544923782348633,15.576944351196289,102.7480697631836,346.4656982421875,133.07115173339844,175.7100067138672,65.67835235595703
2020-12-29,62.3855094909668,26.453676223754883,15.474141120910645,103.23534393310547,345.8047180175781,132.9019775390625,176.35000610351562,65.5954360961914
2020-12-30,62.35191345214844,26.572298049926758,15.71676254272461,103.21697998046875,346.29815673828125,133.18946838378906,177.6999969482422,65.73106384277344
2020-12-31,62.443138122558594,26.900802612304688,15.585168838500977,104.30192565917969,348.0575866699219,133.38397216796875,178.36000061035156,65.7838134765625
2021-01-04,61.42499923706055,26.53580093383789,15.609848022460938,103.85137939453125,343.31915283203125,133.22328186035156,182.3300018310547,65.64820098876953
2021-01-05,61.823612213134766,26.6544246673584,16.308910369873047,104.60533142089844,345.6837158203125,132.23388671875,182.8699951171875,65.6707992553711
2021-01-06,60.757450103759766,27.83156394958496,16.806488037109375,106.03968811035156,347.75030517578125,129.5193634033203,179.89999389648438,65.55021667480469
2021-01-07,62.39511489868164,28.233064651489258,17.053220748901367,107.41883087158203,352.9170227050781,128.3777313232422,179.47999572753906,65.73857879638672
2021-01-08,62.79853439331055,28.214815139770508,17.032655715942383,107.9337158203125,354.9278869628906,127.96343994140625,173.33999633789062,65.83660125732422
2021-01-11,62.279850006103516,28.30607032775879,17.299951553344727,108.43944549560547,352.5352783203125,127.75196838378906,173.0,65.48241424560547
2021-01-12,61.98210144042969,28.598073959350586,17.904443740844727,107.26252746582031,352.6098327636719,127.65058135986328,174.1199951171875,65.56527709960938
2021-01-13,62.375911712646484,28.579822540283203,17.76462745666504,107.5567626953125,353.55950927734375,129.0880889892578,173.3699951171875,65.76121520996094
2021-01-14,61.82841873168945,28.70757293701172,18.290985107421875,107.2165756225586,352.3212890625,127.87883758544922,173.27999877929688,65.74613952636719
2021-01-15,61.194488525390625,28.233064651489258,17.57957649230957,107.54756927490234,349.7519226074219,128.38624572753906,171.1300048828125,65.64063262939453
2021-01-19,61.99169921875,28.30607032775879,17.933225631713867,108.35667419433594,352.4981384277344,128.80056762695312,172.5800018310547,65.82904815673828
2021-01-20,63.221168518066406,28.187442779541016,17.999019622802734,108.95431518554688,357.3762512207031,128.92742919921875,175.38999938964844,65.94960021972656
2021-01-21,64.03760528564453,27.886314392089844,17.390419006347656,108.43944549560547,357.7020568847656,128.02261352539062,175.27999877929688,65.91195678710938
2021-01-22,63.79269027709961,27.68556785583496,17.299951553344727,108.11761474609375,356.4360656738281,128.43698120117188,173.89999389648438,65.7838134765625
2021-01-25,64.32575225830078,27.484813690185547,17.123123168945312,108.82559204101562,357.8416748046875,129.95065307617188,174.0500030517578,65.79888153076172
2021-01-26,64.36898040771484,27.265804290771484,16.757139205932617,108.4210433959961,357.28314208984375,129.70535278320312,173.6199951171875,65.70094299316406
2021-01-27,63.153926849365234,26.462804794311523,16.530973434448242,105.12944030761719,348.5509033203125,130.0352325439453,172.52000427246094,65.5125503540039
2021-01-28,63.413265228271484,26.955554962158203,16.724245071411133,106.66490936279297,351.54864501953125,129.31643676757812,172.67999267578125,65.70848083496094
2021-01-29,61.91965866088867,26.41717529296875,16.169099807739258,105.76383972167969,344.5107116699219,128.5384979248047,172.61000061035156,65.53517150878906
2021-02-01,63.47090148925781,26.763925552368164,16.284242630004883,106.16838073730469,350.24530029296875,128.68743896484375,174.22999572753906,65.74542236328125
2021-02-02,64.33056640625,27.41181182861328,16.461063385009766,106.47179412841797,355.19781494140625,127.85774230957031,172.11000061035156,65.90420532226562
2021-02-03,64.1096420288086,27.566938400268555,17.164249420166016,105.7178726196289,355.4770812988281,126.72327423095703,171.85000610351562,65.95716094970703
2021-02-04,65.13258361816406,28.178321838378906,17.353410720825195,106.1592025756836,359.5174560546875,126.38459014892578,168.14999389648438,66.09329223632812
2021-02-05,64.98854064941406,28.187442779541016,17.501447677612305,106.35227966308594,360.932373046875,125.3263168334961,169.80999755859375,66.19163513183594
2021-02-08,65.67047119140625,28.55245018005371,18.233421325683594,106.48098754882812,363.5390625,125.87665557861328,171.52000427246094,66.38825988769531
2021-02-09,65.5936508178711,28.561569213867188,18.040142059326172,106.6373291015625,363.29693603515625,125.96981811523438,172.0800018310547,66.26725006103516
2021-02-10,65.49758911132812,28.561569213867188,18.385568618774414,106.83039855957031,363.1387023925781,126.80792236328125,172.7100067138672,66.25214385986328
2021-02-11,66.21796417236328,28.470319747924805,18.101821899414062,107.03268432617188,363.7252197265625,126.11370849609375,171.2100067138672,66.28236389160156
2021-02-12,66.55894470214844,28.762325286865234,18.369117736816406,107.83259582519531,365.52197265625,124.54744720458984,170.69000244140625,66.38825988769531
2021-02-16,66.34284210205078,29.25507926940918,18.829681396484375,106.76605987548828,365.205322265625,122.65096282958984,168.24000549316406,66.28236389160156
2021-02-17,65.7569351196289,29.40108299255371,19.109312057495117,107.15220642089844,365.2891540527344,123.42990112304688,166.3300018310547,66.25969696044922
2021-02-18,65.43516540527344,29.227705001831055,18.677528381347656,106.48098754882812,363.7345886230469,122.93033599853516,166.32000732421875,66.16893768310547
2021-02-19,65.33910369873047,29.5744571685791,18.99005699157715,105.19379425048828,363.0921630859375,121.29637145996094,167.00999450683594,66.17649841308594
2021-02-22,63.8983268737793,29.84821319580078,19.64800453186035,104.9455337524414,360.2993469238281,120.3735580444336,169.50999450683594,65.97229766845703
2021-02-23,63.72062301635742,30.03071403503418,19.972867965698242,104.77083587646484,360.7368469238281,120.02643585205078,169.1199951171875,66.13111114501953
2021-02-24,64.69556427001953,30.614721298217773,20.680164337158203,105.49720764160156,364.7120361328125,119.23902893066406,169.0,66.19915771484375
2021-02-25,62.43354797363281,30.058090209960938,20.281280517578125,104.43982696533203,355.9239501953125,117.29183197021484,165.82000732421875,65.57147979736328
2021-02-26,62.764915466308594,29.483211517333984,19.800161361694336,103.53878784179688,354.09002685546875,121.16935729980469,161.80999755859375,65.37480926513672
2021-03-01,64.78681182861328,30.40484619140625,20.314178466796875,104.89039611816406,362.6733093261719,119.56903076171875,161.52999877929688,66.10875701904297
2021-03-02,63.75905227661133,30.29534912109375,20.203149795532227,104.58695220947266,359.84320068359375,119.57752227783203,162.41000366210938,66.01011657714844
2021-03-03,62.154991149902344,30.532594680786133,20.499225616455078,103.26293182373047,355.07684326171875,118.2806167602539,160.6199951171875,65.79757690429688
2021-03-04,60.78145217895508,30.185842514038086,20.98857879638672,101.87459564208984,350.68292236328125,117.5177001953125,159.0399932861328,65.54708862304688
2021-03-05,61.92926788330078,30.76072120666504,21.774003982543945,103.91574096679688,357.1341857910156,117.7465591430664,159.13999938964844,65.74442291259766
2021-03-08,60.43086624145508,31.153093338012695,21.815126419067383,103.65830993652344,355.3560791015625,116.8311538696289,157.49000549316406,65.26628875732422
2021-03-09,62.48638153076172,30.870229721069336,21.432695388793945,104.26515197753906,360.4297180175781,118.45014190673828,160.83999633789062,65.35736846923828
2021-03-10,62.23664093017578,31.499862670898438,21.975502014160156,104.50421142578125,362.6733093261719,118.68743896484375,161.66000366210938,65.56226348876953
2021-03-11,63.56693649291992,31.408592224121094,21.983720779418945,105.13861846923828,366.3504638671875,117.83135223388672,161.52000427246094,65.80520629882812
2021-03-12,63.11069869995117,31.727977752685547,22.028955459594727,105.36849212646484,366.8438720703125,115.33080291748047,161.49000549316406,65.62300872802734
2021-03-15,63.78304672241211,31.54548454284668,21.778118133544922,106.09486389160156,369.0315246582031,116.0089111328125,162.1999969482422,65.6305923461914
2021-03-16,64.26332092285156,31.21697998046875,21.157176971435547,106.03046417236328,368.5660705566406,115.54267120361328,162.35000610351562,65.47879791259766
2021-03-17,64.21048736572266,31.42685890197754,21.32166290283203,105.6443099975586,369.82281494140625,114.6781234741211,163.50999450683594,65.56989288330078
2021-03-18,62.42875289916992,31.591108322143555,20.363527297973633,105.42363739013672,364.4420471191406,113.51680755615234,162.55999755859375,65.06895446777344
2021-03-19,62.24143981933594,31.226104736328125,20.367639541625977,105.80062866210938,363.7677001953125,114.22035217285156,163.24000549316406,65.31941223144531
2021-03-22,63.46531677246094,30.8237361907959,20.172319412231445,106.7214126586914,366.6723327636719,115.50032806396484,163.0,65.55471801757812
2021-03-23,63.070682525634766,30.392959594726562,19.87725067138672,105.64192962646484,363.7864074707031,116.54292297363281,161.80999755859375,65.62300872802734
2021-03-24,62.30546569824219,30.50294303894043,20.375947952270508,105.52198028564453,361.93701171875,117.1701889038086,162.3699951171875,65.66097259521484
2021-03-25,62.26695251464844,31.016210556030273,20.45075225830078,105.96483612060547,363.9731750488281,116.24623107910156,161.77999877929688,65.77482604980469
2021-03-26,63.85032653808594,31.501989364624023,20.957761764526367,107.96695709228516,369.8385314941406,115.83936309814453,162.24000549316406,65.97216033935547
2021-03-29,63.51824951171875,31.227018356323242,20.708415985107422,108.47442626953125,369.6517333984375,114.85611724853516,160.30999755859375,66.01011657714844
2021-03-30,62.91667175292969,31.44700050354004,20.52971076965332,107.49644470214844,368.671142578125,115.45796203613281,157.57000732421875,65.85071563720703
2021-03-31,63.91769027709961,31.208688735961914,20.38842010498047,107.7086181640625,370.1654968261719,114.81375122070312,159.9600067138672,66.16950988769531
2021-04-01,65.20270538330078,31.593643188476562,20.907896041870117,107.38569641113281,374.1629333496094,116.71928405761719,161.97999572753906,66.30961608886719
2021-04-05,66.55026245117188,31.841110229492188,20.409196853637695,108.13304138183594,379.5332946777344,116.21003723144531,161.9199981689453,66.340087890625
2021-04-06,66.26631164550781,31.77695083618164,20.35516929626465,107.71784973144531,379.3092041015625,116.99944305419922,163.22000122070312,66.45431518554688
2021-04-07,66.6176528930664,31.932767868041992,20.425823211669922,107.47797393798828,379.7481689453125,116.1845474243164,162.75999450683594,66.43147277832031
2021-04-08,67.58019256591797,31.941925048828125,20.159847259521484,107.64404296875,381.5506896972656,117.14371490478516,164.50999450683594,66.45431518554688
2021-04-09,68.22987365722656,32.21690368652344,20.0268611907959,108.82501220703125,384.3246765136719,116.71928405761719,163.27000427246094,66.40862274169922
2021-04-12,67.90262603759766,32.35438537597656,19.868940353393555,108.93573760986328,384.4648132324219,116.66836547851562,162.27999877929688,66.340087890625
2021-04-13,68.54273223876953,32.05192947387695,19.889719009399414,109.3878402709961,385.6041564941406,117.54264068603516,163.42999267578125,66.38580322265625
2021-04-14,67.8160171508789,32.2443962097168,20.442445755004883,109.37860107421875,384.28729248046875,117.16911315917969,162.72000122070312,66.35528564453125
2021-04-15,68.98068237304688,32.21690368652344,20.276214599609375,111.25154876708984,388.4154968261719,119.12992858886719,165.35000610351562,66.62186431884766
2021-04-16,68.96624755859375,32.4460334777832,20.1141357421875,112.08193969726562,389.7137451171875,118.20475006103516,166.35000610351562,66.48477172851562
2021-04-19,68.3935317993164,32.35438537597656,20.093355178833008,112.10961151123047,387.799072265625,117.86515808105469,165.88999938964844,66.378173828125
2021-04-20,67.78713989257812,31.749446868896484,19.5614070892334,112.54324340820312,384.9597473144531,118.40839385986328,166.47999572753906,66.263916015625
2021-04-21,68.47053527832031,32.18939971923828,19.810758590698242,113.87185668945312,388.602294921875,118.64608764648438,168.1300048828125,66.48477172851562
2021-04-22,67.66683197021484,31.831939697265625,19.578031539916992,113.36438751220703,385.0531005859375,119.16389465332031,167.0399932861328,66.36293029785156
2021-04-23,68.67748260498047,32.42770767211914,19.75673484802246,114.11172485351562,389.22808837890625,118.8837661743164,166.39999389648438,66.53807830810547
2021-04-26,69.02882385253906,32.5560302734375,19.889719009399414,113.72422790527344,390.0406494140625,118.7139663696289,166.83999633789062,66.50759887695312
2021-04-27,68.8603515625,32.81265640258789,20.13075828552246,113.06916046142578,389.9565734863281,117.67842102050781,166.4199981689453,66.41622161865234
2021-04-28,68.22028350830078,32.94097900390625,20.82477569580078,112.72779846191406,389.844482421875,117.75487518310547,166.91000366210938,66.54569244384766
2021-04-29,68.16252899169922,33.527565002441406,21.0575008392334,112.27568817138672,392.328857421875,117.4068374633789,166.22000122070312,66.62186431884766
2021-04-30,67.23368072509766,33.23427963256836,20.525562286376953,111.94355010986328,389.7510681152344,117.67842102050781,165.66000366210938,66.5914077758789
2021-05-03,67.04598236083984,33.39925003051758,21.09075164794922,113.21678924560547,390.5916748046875,117.7490234375,167.80999755859375,66.61737060546875
2021-05-04,65.84278869628906,33.665061950683594,21.103212356567383,113.33670806884766,388.1820068359375,118.5480728149414,166.5800018310547,66.57915496826172
2021-05-05,65.68397521972656,33.94002151489258,21.784772872924805,113.5396957397461,388.3033752441406,118.74360656738281,167.27000427246094,66.70906066894531
2021-05-06,66.34332275390625,34.44412612915039,21.896974563598633,113.68731689453125,391.4042053222656,118.93907928466797,170.05999755859375,66.68614959716797
2021-05-07,66.91122436523438,34.62744140625,22.28762435913086,114.4715576171875,394.2528991699219,118.35253143310547,171.58999633789062,66.73199462890625
2021-05-10,65.22195434570312,34.59994125366211,22.29593849182129,114.61918640136719,390.34881591796875,117.15396881103516,172.11000061035156,66.57915496826172
2021-05-11,65.02462768554688,33.9858512878418,21.722429275512695,113.38285064697266,386.8650817871094,116.49092864990234,172.13999938964844,66.51039123535156
2021-05-12,63.195804595947266,33.63755798339844,21.826330184936523,112.31258392333984,378.6460266113281,115.266845703125,170.42999267578125,66.18946075439453
2021-05-13,64.03321075439453,34.1783332824707,21.560361862182617,113.32747650146484,383.19451904296875,115.44537353515625,171.1300048828125,66.42635345458984
2021-05-14,65.44332885742188,34.719078063964844,22.22944450378418,113.89952087402344,389.0785217285156,116.52494812011719,172.69000244140625,66.64029693603516
2021-05-17,64.9620590209961,34.783241271972656,22.744760513305664,113.68731689453125,388.088623046875,116.27843475341797,174.6999969482422,66.51805114746094
2021-05-18,64.44229125976562,34.297481536865234,22.21697235107422,113.72422790527344,384.7449645996094,115.98088073730469,175.0399932861328,66.35758209228516
2021-05-19,64.66851043701172,34.0866584777832,21.66425323486328,113.53044891357422,383.7361755371094,115.70038604736328,175.16000366210938,66.18181610107422
2021-05-20,65.90536499023438,34.10499954223633,21.631006240844727,114.72066497802734,387.86444091796875,116.6524887084961,175.9600067138672,66.46454620361328
2021-05-21,65.5444107055664,34.44412612915039,21.676721572875977,114.73912048339844,387.5469055175781,117.0264663696289,176.0399932861328,66.56388092041016
2021-05-24,66.7090835571289,34.60911178588867,21.892822265625,114.8498306274414,391.4977111816406,117.45999908447266,176.35000610351562,66.64029693603516
2021-05-25,66.72834014892578,34.26081848144531,21.448150634765625,114.50845336914062,390.6290588378906,118.5480728149414,177.9499969482422,66.64796447753906
2021-05-26,66.72354125976562,34.361637115478516,21.639314651489258,113.84416198730469,391.4042053222656,118.34402465820312,177.63999938964844,66.67086029052734
2021-05-27,66.37218475341797,34.75575637817383,21.655946731567383,113.59505462646484,391.6097106933594,117.86804962158203,177.7100067138672,66.64029693603516
2021-05-28,66.60802459716797,34.819923400878906,21.69750213623047,114.03791809082031,392.31024169921875,117.68099212646484,178.3800048828125,66.61737060546875
2021-06-01,66.2807388305664,35.030731201171875,22.532814025878906,112.16496276855469,391.9646301269531,117.65459442138672,177.89999389648438,66.81749725341797
2021-06-02,66.73795318603516,35.08571243286133,22.95255470275879,111.94355010986328,392.5810241699219,117.92703247070312,178.77000427246094,66.90181732177734
2021-06-03,66.11712646484375,35.16820526123047,23.014892578125,112.284912109375,391.1240539550781,117.48434448242188,175.27000427246094,66.76383209228516
2021-06-04,67.38768005371094,35.25986862182617,23.16865348815918,112.64474487304688,394.7011413574219,119.09326171875,177.16000366210938,66.90947723388672
2021-06-07,67.37324523925781,35.030731201171875,23.068918228149414,113.0506820678711,394.3182678222656,118.72724151611328,177.8699951171875,66.93247985839844
2021-06-08,67.3780517578125,34.939064025878906,23.268396377563477,112.7000961303711,394.4023132324219,119.56145477294922,177.32000732421875,66.97850036621094
2021-06-09,67.42620849609375,34.60911178588867,23.122941970825195,113.78880310058594,393.8138427734375,120.61702728271484,176.97999572753906,67.03218078613281
2021-06-10,67.9218978881836,34.205814361572266,23.09385108947754,115.73558044433594,395.64447021484375,121.34062957763672,177.74000549316406,67.15481567382812
2021-06-11,68.32618713378906,34.42580032348633,23.014892578125,114.91442108154297,396.2983093261719,121.14488220214844,175.74000549316406,67.17784118652344
2021-06-14,69.0191879272461,34.06834030151367,22.915151596069336,115.0158920288086,397.1856384277344,120.2169418334961,174.7100067138672,67.11646270751953
2021-06-15,68.5956802368164,34.13249969482422,23.351512908935547,115.05280303955078,396.45703125,120.0722885131836,174.0500030517578,67.10882568359375
2021-06-16,68.2250747680664,34.0958251953125,23.226837158203125,114.6099624633789,394.24359130859375,119.9700698852539,171.11000061035156,67.01680755615234
2021-06-17,69.0143814086914,33.08762741088867,22.437236785888672,115.48645782470703,394.11273193359375,121.7662124633789,165.85000610351562,67.06282043457031
2021-06-18,68.3839111328125,32.29022979736328,21.772300720214844,114.16706848144531,388.7960510253906,124.05614471435547,164.92999267578125,67.03218078613281
2021-06-21,69.11676788330078,33.043853759765625,22.700122833251953,115.5388412475586,394.36199951171875,121.9791030883789,166.9499969482422,67.16250610351562
2021-06-22,69.74359130859375,33.09906768798828,22.851261138916016,115.78893280029297,396.4703369140625,122.27706146240234,166.25,67.20850372314453
2021-06-23,69.66645050048828,33.163482666015625,22.914236068725586,115.30728149414062,395.992431640625,121.96202087402344,166.13999938964844,67.1395034790039
2021-06-24,70.10519409179688,33.57756423950195,23.111555099487305,115.90007019042969,398.3350830078125,122.15787506103516,166.0399932861328,67.34651184082031
2021-06-25,70.02322387695312,33.982444763183594,23.233304977416992,116.42803192138672,399.7499694824219,120.88948822021484,166.58999633789062,67.41549682617188
2021-06-28,70.75609588623047,33.7339973449707,22.44822883605957,116.60401153564453,400.5558166503906,122.13228607177734,166.5800018310547,67.40785217285156
2021-06-29,71.27200317382812,33.614376068115234,22.339069366455078,116.73368072509766,400.7713928222656,122.33660888671875,164.8300018310547,67.49217987060547
2021-06-30,71.19485473632812,33.76160430908203,22.61615753173828,116.65960693359375,401.1087951660156,122.88146209716797,165.6300048828125,67.49983978271484
2021-07-01,71.31539154052734,34.02845764160156,23.01079750061035,117.69696044921875,403.32952880859375,122.88822937011719,166.1999969482422,67.63218688964844
2021-07-02,72.25559997558594,33.99165344238281,22.960418701171875,118.82698059082031,406.4123840332031,123.62986755371094,167.2899932861328,67.73985290527344
2021-07-06,72.53042602539062,33.45793914794922,22.213123321533203,118.7158432006836,405.6720886230469,125.07889556884766,168.1199951171875,67.70138549804688
2021-07-07,72.92579650878906,33.50394821166992,21.852067947387695,119.4660873413086,407.10577392578125,126.18693542480469,168.75999450683594,67.72445678710938
2021-07-08,72.23632049560547,32.832210540771484,21.726123809814453,118.8084716796875,403.78875732421875,126.68130493164062,168.64999389648438,67.57832336425781
2021-07-09,72.90170288085938,33.78000259399414,22.187931060791016,119.21602630615234,408.0990295410156,124.89989471435547,169.2100067138672,67.69371032714844
2021-07-12,72.95954895019531,34.11126708984375,22.154348373413086,119.44759368896484,409.5608215332031,124.73793029785156,169.0,67.67060852050781
2021-07-13,73.25848388671875,33.743194580078125,21.986417770385742,119.33641815185547,408.1646728515625,123.7832260131836,169.22000122070312,67.47061157226562
2021-07-14,73.7984848022461,33.586769104003906,21.331483840942383,119.22526550292969,408.773681640625,125.1895980834961,171.0399932861328,67.57832336425781
2021-07-15,73.19098663330078,33.69718551635742,21.033405303955078,118.8084716796875,407.3775329589844,126.57054138183594,171.07000732421875,67.53217315673828
2021-07-16,72.46774291992188,33.23709487915039,20.437246322631836,119.13263702392578,404.1822204589844,126.33184814453125,169.41000366210938,67.43981170654297
2021-07-19,71.46969604492188,32.30770492553711,19.715145111083984,117.88220977783203,398.2132568359375,129.1020965576172,169.61000061035156,66.9859619140625
2021-07-20,72.53042602539062,33.1082649230957,19.979633331298828,119.31790924072266,403.91986083984375,127.857666015625,169.38999938964844,67.32447052001953
2021-07-21,73.22954559326172,33.67877960205078,20.67655372619629,119.51240539550781,407.1900939941406,126.23810577392578,168.75999450683594,67.48600006103516
2021-07-22,73.76958465576172,33.31071853637695,20.445646286010742,120.39232635498047,408.0428161621094,127.43148040771484,169.08999633789062,67.52445983886719
2021-07-23,74.50244903564453,33.36592102050781,20.370080947875977,121.78166198730469,412.2407531738281,126.5791015625,168.55999755859375,67.65521240234375
2021-07-26,74.4638671875,33.55916213989258,20.873868942260742,120.99440002441406,413.25274658203125,126.20402526855469,168.16000366210938,67.55522918701172
2021-07-27,73.75992584228516,33.549957275390625,20.680747985839844,121.55940246582031,411.3693542480469,127.55083465576172,168.44000244140625,67.46289825439453
2021-07-28,73.6683120727539,33.50394821166992,20.869670867919922,121.99472045898438,411.20068359375,127.5593032836914,169.2899932861328,67.51676940917969
2021-07-29,74.0106430053711,33.87202072143555,21.07119369506836,122.2911148071289,412.906005859375,126.85185241699219,171.1699981689453,67.66294860839844
2021-07-30,73.96241760253906,33.60517501831055,20.735326766967773,122.40227508544922,410.9007873535156,127.44856262207031,169.82000732421875,67.57063293457031
2021-08-02,73.69723510742188,33.614376068115234,20.579992294311523,122.56898498535156,410.0386962890625,128.58526611328125,169.61000061035156,67.40315246582031
2021-08-03,74.16976928710938,33.99165344238281,20.932641983032227,124.27328491210938,413.3744812011719,128.65353393554688,169.49000549316406,67.4803237915039
2021-08-04,74.3192138671875,33.706390380859375,20.365877151489258,123.74533081054688,411.3411865234375,128.9180908203125,169.52999877929688,67.3568344116211
2021-08-05,74.72906494140625,34.1480712890625,20.596786499023438,123.23587036132812,413.9461669921875,128.2609405517578,168.86000061035156,67.51119232177734
2021-08-06,74.6663818359375,34.83820724487305,20.785703659057617,123.1340103149414,414.6301574707031,126.11882781982422,164.63999938964844,67.43401336669922
2021-08-09,74.42530059814453,34.930240631103516,20.4918270111084,123.60639190673828,414.2928161621094,125.66654205322266,161.72000122070312,67.2796630859375
2021-08-10,73.89010620117188,35.29830551147461,20.852882385253906,123.31922912597656,414.80810546875,125.08623504638672,161.77000427246094,67.12535095214844
2021-08-11,73.89974975585938,35.70320129394531,21.016616821289062,122.09661102294922,415.83892822265625,125.00945281982422,164.0,67.23336791992188
2021-08-12,74.32404327392578,35.76760482788086,20.995622634887695,123.05990600585938,417.0852966308594,124.80462646484375,164.0399932861328,67.3491439819336
2021-08-13,74.72906494140625,35.500755310058594,20.7479190826416,123.82868957519531,417.84423828125,126.77604675292969,166.38999938964844,67.49575805664062
2021-08-16,75.06657409667969,35.408729553222656,20.365877151489258,125.23655700683594,418.828125,127.08320617675781,167.22000122070312,67.51890563964844
2021-08-17,74.444580078125,35.1602783203125,20.155961990356445,126.71855163574219,416.0826110839844,127.03203582763672,166.97000122070312,67.36457824707031
2021-08-18,73.41759490966797,34.72779846191406,19.73613166809082,124.79196166992188,411.5285339355469,127.45870971679688,167.10000610351562,67.2102279663086
2021-08-19,74.13599395751953,34.47014617919922,19.223947525024414,125.35693359375,412.1658020019531,128.3975830078125,166.61000061035156,67.20250701904297
2021-08-20,75.09068298339844,34.681785583496094,19.265926361083984,126.07015991210938,415.44537353515625,128.4828643798828,166.6999969482422,67.36457824707031
2021-08-23,76.05979919433594,34.96704864501953,19.9880313873291,126.1164779663086,419.0999450683594,128.3975830078125,168.72999572753906,67.57290649414062
2021-08-24,75.97300720214844,35.178680419921875,20.319698333740234,125.671875,419.76513671875,127.39900970458984,168.64999389648438,67.66555786132812
2021-08-25,75.92961120605469,35.5927734375,20.47503662109375,125.32916259765625,420.64599609375,126.34076690673828,167.47999572753906,67.7349853515625
2021-08-26,75.4522933959961,35.41793441772461,20.16436195373535,124.83824157714844,418.1628723144531,126.69068908691406,167.6699981689453,67.6963882446289
2021-08-27,76.18036651611328,35.88723373413086,20.701740264892578,124.69934844970703,421.901611328125,127.55265808105469,170.19000244140625,67.88164520263672
2021-08-30,77.0000228881836,35.381126403808594,20.458240509033203,125.40325164794922,423.7569580078125,127.88550567626953,169.35000610351562,67.96652221679688
2021-08-31,76.59498596191406,35.335113525390625,20.319698333740234,125.23655700683594,423.129150390625,127.01496124267578,169.69000244140625,67.98192596435547
2021-09-01,76.61429595947266,35.13267517089844,20.021617889404297,125.27360534667969,423.3540344238281,127.22773742675781,169.6999969482422,68.03999328613281
2021-09-02,76.5323257446289,35.2523078918457,20.529611587524414,126.61665344238281,424.656494140625,127.78319549560547,169.25,68.12517547607422
2021-09-03,76.83606719970703,35.031455993652344,20.412059783935547,126.75556182861328,424.55340576171875,126.62101745605469,171.05999755859375,68.13289642333984
2021-09-07,76.8553466796875,34.8198127746582,20.29030990600586,126.01457214355469,423.03546142578125,125.55284881591797,167.7100067138672,67.95484161376953
2021-09-08,76.56124877929688,34.736995697021484,20.030014038085938,125.95902252197266,422.5200500488281,126.40741729736328,167.2899932861328,68.03229522705078
2021-09-09,76.27194213867188,34.83820724487305,20.071998596191406,124.50482177734375,420.7115783691406,127.9369888305664,168.02999877929688,68.09420776367188
2021-09-10,75.51979064941406,34.58056640625,20.063600540161133,123.36555480957031,417.3944396972656,126.80901336669922,167.17999267578125,67.99356842041016
2021-09-13,75.54390716552734,34.97624588012695,20.638765335083008,122.60604858398438,418.462646484375,127.5780258178711,167.74000549316406,68.16388702392578
2021-09-14,75.44746398925781,34.5069465637207,20.34068489074707,122.58751678466797,416.2044372558594,129.124755859375,168.82000732421875,68.13289642333984
2021-09-15,76.1080322265625,34.83820724487305,21.100576400756836,123.38404846191406,419.6807556152344,128.67184448242188,167.8300018310547,68.2335205078125
2021-09-16,76.15142059326172,34.736995697021484,20.86127471923828,123.06916046142578,419.015625,128.0822296142578,164.02999877929688,68.21028900146484
2021-09-17,74.96531677246094,34.58056640625,20.705936431884766,123.18956756591797,414.93389892578125,127.46694946289062,163.77000427246094,68.12517547607422
2021-09-20,73.59986877441406,33.77838897705078,20.073646545410156,121.904052734375,408.0152282714844,129.0478973388672,164.94000244140625,67.88517761230469
2021-09-21,73.62885284423828,33.732181549072266,20.12038803100586,122.08997344970703,407.6297607421875,128.93670654296875,166.0399932861328,68.00131225585938
2021-09-22,74.6383285522461,34.29591751098633,20.740787506103516,122.29447174072266,411.6060791015625,129.70579528808594,165.4199981689453,68.12517547607422
2021-09-23,75.63813781738281,35.13691329956055,21.4674129486084,123.17747497558594,416.6072082519531,126.77485656738281,163.50999450683594,68.15612030029297
2021-09-24,75.6912841796875,35.321746826171875,21.628890991210938,122.67556762695312,417.29339599609375,125.53581237792969,163.3000030517578,68.05550384521484
2021-09-27,74.95710754394531,35.80232238769531,22.398008346557617,120.92809295654297,416.0995178222656,125.07434844970703,163.63999938964844,67.99356842041016
2021-09-28,72.73529815673828,35.210853576660156,22.474491119384766,118.85529327392578,407.71435546875,123.1261215209961,162.0500030517578,67.68389892578125
2021-09-29,72.6435317993164,35.23857498168945,22.474491119384766,119.7940902709961,408.4006042480469,123.33976745605469,161.32000732421875,67.8077621459961
2021-09-30,72.12187957763672,34.68406677246094,22.134553909301758,118.32549285888672,403.4090270996094,123.32263946533203,164.22000122070312,67.7303466796875
2021-10-01,73.2086410522461,35.25706100463867,22.878177642822266,118.3533706665039,408.20318603515625,124.36048126220703,164.58999633789062,67.89271545410156
2021-10-04,71.51329803466797,34.952083587646484,23.25211524963379,116.55012512207031,402.93896484375,124.0439224243164,165.36000061035156,67.65190887451172
2021-10-05,72.53244018554688,35.635963439941406,23.388093948364258,117.24725341796875,407.1316223144531,122.84609985351562,164.58999633789062,67.62081909179688
2021-10-06,73.00577545166016,35.67292785644531,23.141630172729492,117.03348541259766,408.82366943359375,123.53907775878906,165.02999877929688,67.58198547363281
2021-10-07,73.67231750488281,35.885498046875,23.32010269165039,118.58574676513672,412.3582458496094,122.24720001220703,164.16000366210938,67.58979034423828
2021-10-08,73.39701843261719,36.06108474731445,24.038230895996094,117.99085998535156,411.6060791015625,121.39151763916016,164.22999572753906,67.3878173828125
2021-10-11,72.99127197265625,35.700660705566406,23.948999404907227,117.0706558227539,408.6261901855469,121.08358001708984,163.9199981689453,67.1781234741211
2021-10-12,72.61455535888672,35.58975601196289,23.970243453979492,116.503662109375,407.6203308105469,123.15406036376953,164.66000366210938,67.3023910522461
2021-10-13,73.05888366699219,35.386444091796875,23.948999404907227,116.6895523071289,409.08685302734375,124.35193634033203,167.58999633789062,67.48101806640625
2021-10-14,74.70594024658203,35.977909088134766,24.242202758789062,118.3626480102539,415.9679870605469,124.81395721435547,168.0,67.86161804199219
2021-10-15,75.30486297607422,36.5139274597168,24.36117935180664,118.94825744628906,419.1358642578125,124.08663177490234,165.3300018310547,67.74516296386719
2021-10-18,75.94241333007812,36.523162841796875,24.378177642822266,118.13957214355469,420.3768005371094,124.66849517822266,164.9199981689453,67.71404266357422
2021-10-19,76.69590759277344,36.88359832763672,24.654376983642578,119.69185638427734,423.6198425292969,122.9487533569336,165.4499969482422,67.76063537597656
2021-10-20,76.48339080810547,37.179325103759766,24.85409927368164,121.40213775634766,425.2837219238281,122.11882781982422,166.89999389648438,67.78395080566406
2021-10-21,76.77803039550781,37.022216796875,24.39516830444336,121.89476776123047,426.39300537109375,121.97333526611328,166.75,67.61306762695312
2021-10-22,76.51236724853516,37.53974914550781,24.624631881713867,122.38740539550781,425.9511413574219,123.31666564941406,167.77000427246094,67.449951171875
2021-10-25,76.7635269165039,37.49354553222656,24.985822677612305,122.53614044189453,428.2354736328125,123.12841796875,168.92999267578125,67.5664291381836
2021-10-26,76.98088073730469,37.52127456665039,25.130298614501953,123.14029693603516,428.6208801269531,124.14661407470703,167.67999267578125,67.58198547363281
2021-10-27,76.91326141357422,36.902076721191406,24.407920837402344,122.16432189941406,426.7220153808594,126.40534973144531,168.1199951171875,67.52764892578125
2021-10-28,77.6860580444336,37.35491943359375,24.582138061523438,123.18679809570312,430.83941650390625,125.97756958007812,168.0800018310547,67.69851684570312
2021-10-29,78.01933288574219,37.20705032348633,24.42066764831543,124.3858642578125,431.7136535644531,126.36254119873047,166.64999389648438,67.51985931396484
2021-11-01,77.90339660644531,37.22553253173828,24.84134864807129,124.23712921142578,432.45623779296875,125.45276641845703,167.52000427246094,67.44738006591797
2021-11-02,78.58928680419922,37.31795883178711,24.607637405395508,125.01788330078125,434.20477294921875,126.00952911376953,167.16000366210938,67.61100006103516
2021-11-03,79.04813385009766,37.456573486328125,24.403671264648438,125.75218200683594,436.8556213378906,124.70748138427734,165.77000427246094,67.74352264404297
2021-11-04,80.28461456298828,36.96677017211914,24.437664031982422,124.88775634765625,438.9142761230469,126.01815032958984,167.64999389648438,67.92271423339844
2021-11-05,80.69998931884766,36.985252380371094,24.756364822387695,123.49351501464844,440.43719482421875,127.90283966064453,169.83999633789062,68.1798324584961
2021-11-08,81.13470458984375,37.188568115234375,24.9815731048584,124.2278060913086,440.8132019042969,127.66300964355469,170.4499969482422,68.09412384033203
2021-11-09,80.8014144897461,36.985252380371094,25.08355712890625,123.77238464355469,439.35614013671875,129.32496643066406,171.2899932861328,68.14865112304688
2021-11-10,79.46833038330078,36.920562744140625,24.42066764831543,124.12556457519531,435.8215637207031,126.96051788330078,173.14999389648438,67.766845703125
2021-11-11,79.84024047851562,37.022216796875,24.514148712158203,123.7630615234375,435.9625549316406,126.77202606201172,174.1199951171875,67.64999389648438
2021-11-12,80.81108856201172,37.10539245605469,24.454666137695312,124.37652587890625,439.2527160644531,126.21521759033203,174.4499969482422,67.6733627319336
2021-11-15,80.7289810180664,37.10539245605469,24.65863037109375,123.60504913330078,439.40313720703125,124.63030242919922,174.17999267578125,67.59544372558594
2021-11-16,81.57906341552734,37.06843185424805,24.696874618530273,124.12556457519531,441.1421813964844,124.3133544921875,172.9199981689453,67.6266098022461
2021-11-17,81.33272552490234,36.643306732177734,24.318687438964844,124.30219268798828,440.07061767578125,125.29854583740234,174.5,67.55648040771484
2021-11-18,82.14419555664062,36.458473205566406,24.17420768737793,124.3486328125,441.56524658203125,125.76971435546875,173.94000244140625,67.50192260742188
2021-11-19,82.74309539794922,36.06108474731445,23.230865478515625,123.5957260131836,440.77557373046875,127.09760284423828,172.61000061035156,67.44738006591797
2021-11-22,81.82056427001953,36.56937789916992,23.643049240112305,123.03805541992188,439.5346984863281,125.60692596435547,168.74000549316406,67.19027709960938
2021-11-23,81.63219451904297,37.14236068725586,24.369674682617188,123.1681900024414,440.1175842285156,123.79082489013672,167.27999877929688,67.09675598144531
2021-11-24,82.22628784179688,37.05918884277344,24.607637405395508,123.12168884277344,441.2926330566406,125.7783203125,167.1199951171875,67.0811538696289
2021-11-26,80.17353820800781,35.83004379272461,23.617557525634766,122.6662368774414,431.45037841796875,128.9566650390625,166.85000610351562,66.59806060791016
2021-11-29,82.17798614501953,35.94093704223633,23.753530502319336,123.00086975097656,436.74285888671875,127.92005920410156,166.6199951171875,67.01103210449219
2021-11-30,81.49213409423828,35.081459045410156,23.19687271118164,120.58416748046875,428.244873046875,129.86468505859375,165.5,66.73052978515625
2021-12-01,80.37639617919922,34.69331359863281,22.950414657592773,120.37039184570312,423.4882507324219,130.665771484375,166.16000366210938,66.73991394042969
2021-12-02,81.11537170410156,35.72838592529297,23.617557525634766,120.95598602294922,429.974609375,130.8287811279297,165.24000549316406,67.23242950439453
2021-12-03,79.75814056396484,35.14615249633789,23.43058204650879,121.17903137207031,426.23321533203125,132.38983154296875,166.6300048828125,67.23242950439453
2021-12-06,80.5164566040039,35.68217849731445,23.779029846191406,121.86687469482422,431.2812194824219,130.5714874267578,166.22000122070312,67.52948760986328
2021-12-07,83.32754516601562,36.31985092163086,24.335683822631836,123.4377212524414,440.2021484375,129.5164794921875,166.80999755859375,67.88914489746094
2021-12-08,83.70909881591797,36.12577438354492,24.331432342529297,124.36722564697266,441.3678283691406,127.27781677246094,166.89999389648438,67.87345886230469
2021-12-09,82.80589294433594,36.05183410644531,24.14446449279785,124.65538024902344,438.3879089355469,127.98965454101562,165.8800048828125,67.56859588623047
2021-12-10,84.4674072265625,36.08880615234375,24.322935104370117,125.09222412109375,442.5145568847656,127.68090057373047,166.5800018310547,67.72492980957031
2021-12-13,83.21160888671875,35.700660705566406,23.647300720214844,126.272705078125,438.5946960449219,129.56788635253906,167.0,67.72492980957031
2021-12-14,81.84471130371094,35.9132194519043,23.549560546875,125.76150512695312,435.5772705078125,129.25914001464844,165.44000244140625,67.60769653320312
2021-12-15,84.01339721679688,36.01487731933594,23.43483543395996,128.33621215820312,442.3830261230469,128.0154571533203,166.14999389648438,67.86565399169922
2021-12-16,81.63219451904297,36.46772003173828,23.58355712890625,129.09840393066406,438.4819641113281,128.0652313232422,168.16000366210938,67.81544494628906
2021-12-17,81.08638763427734,35.6636848449707,23.103389739990234,128.19677734375,433.8151550292969,129.51646423339844,167.8000030517578,67.75273132324219
2021-12-20,80.1219482421875,34.97096252441406,22.817148208618164,127.42047882080078,429.2022705078125,128.54611206054688,167.08999633789062,67.63501739501953
2021-12-21,82.14955139160156,35.69526672363281,23.46710205078125,127.95231628417969,436.824462890625,128.056640625,167.02000427246094,67.99588775634766
2021-12-22,83.22386932373047,35.86240768432617,23.617755889892578,129.4452362060547,441.1921691894531,128.6491241455078,168.58999633789062,68.17628479003906
2021-12-23,83.68841552734375,36.048126220703125,23.63067054748535,129.97711181640625,443.9372253417969,127.5328369140625,168.97000122070312,68.37242126464844
2021-12-27,85.48375701904297,36.4195671081543,24.14718246459961,131.34872436523438,450.219970703125,127.84198760986328,169.3699951171875,68.44298553466797
2021-12-28,85.03854370117188,36.43813705444336,24.129966735839844,131.00347900390625,449.85205078125,127.33526611328125,168.63999938964844,68.41165924072266
2021-12-29,85.11114501953125,36.39170455932617,23.975013732910156,131.74990844726562,450.427490234375,125.94426727294922,168.58999633789062,68.30181884765625
2021-12-30,84.54978942871094,36.32670974731445,23.82866668701172,132.0205078125,449.1822509765625,127.00047302246094,169.8000030517578,68.27046203613281
2021-12-31,84.1384506225586,36.26171112060547,23.88892364501953,131.46067810058594,448.05029296875,127.24946594238281,170.9600067138672,68.2547607421875
2022-01-03,84.9369125366211,36.707427978515625,24.6292667388916,130.10769653320312,450.6444091796875,123.9091567993164,168.3300018310547,68.22335815429688
2022-01-04,84.03683471679688,37.673179626464844,25.481521606445312,128.390869140625,450.4934997558594,123.39398193359375,169.57000732421875,68.05078887939453
2022-01-05,81.45272064208984,37.23673629760742,25.47721290588379,127.47642517089844,441.8430480957031,122.72415161132812,169.05999755859375,67.52522277832031
2022-01-06,81.0414047241211,37.784603118896484,26.045385360717773,126.00218200683594,441.427978515625,123.04190063476562,166.99000549316406,67.53302764892578
2022-01-07,80.29615020751953,38.2303352355957,26.40264129638672,125.3583984375,439.68280029296875,122.157470703125,167.75,67.3604965209961
2022-01-10,80.31069946289062,38.10032653808594,26.320865631103516,126.64599609375,439.13568115234375,122.45795440673828,168.25999450683594,67.4154052734375
2022-01-11,81.27366638183594,38.434635162353516,27.216156005859375,127.65375518798828,443.1354064941406,123.27371215820312,170.2899932861328,67.72917175292969
2022-01-12,81.65597534179688,38.462486267089844,27.267810821533203,127.28983306884766,444.33343505859375,122.80147552490234,170.74000549316406,67.83900451660156
2022-01-13,79.541259765625,38.31390380859375,27.13007354736328,125.31169891357422,438.2111511230469,123.8919677734375,170.16000366210938,67.5958251953125
2022-01-14,80.21388244628906,37.914615631103516,27.76711082458496,125.09711456298828,438.3903503417969,122.02002716064453,169.6699981689453,67.53302764892578
2022-01-18,78.28790283203125,37.069576263427734,27.879026412963867,123.34293365478516,430.6266784667969,120.30265808105469,169.38999938964844,67.20358276367188
2022-01-19,77.19428253173828,36.447418212890625,27.676721572875977,122.83905029296875,426.1552429199219,121.13562774658203,172.0800018310547,67.1408462524414
2022-01-20,76.19739532470703,36.21529006958008,27.42276382446289,122.03661346435547,421.43853759765625,121.8825912475586,171.64999389648438,67.01530456542969
2022-01-21,74.68274688720703,35.47239685058594,26.88042449951172,120.80498504638672,413.1653747558594,123.33383178710938,171.08999633789062,67.02317810058594
2022-01-24,75.06988525390625,35.57454299926758,27.061201095581055,120.40375518798828,414.9200439453125,122.3205337524414,172.02999877929688,66.95256042480469
2022-01-25,73.33261108398438,35.723121643066406,28.1114501953125,119.62931823730469,409.8542785644531,122.12308502197266,172.5800018310547,66.7564697265625
2022-01-26,73.76329803466797,35.815975189208984,28.064109802246094,119.004150390625,408.8260803222656,120.6460952758789,169.7899932861328,66.52893829345703
2022-01-27,73.25518798828125,35.49098205566406,28.36971664428711,119.31204986572266,406.8072814941406,122.8615951538086,167.60000610351562,66.23872375488281
2022-01-28,76.45873260498047,35.95526885986328,28.249191284179688,121.74736022949219,416.9105224609375,122.90446472167969,167.10000610351562,66.42699432373047
2022-01-31,78.37986755371094,36.270999908447266,28.3740177154541,122.44718170166016,424.41943359375,122.26905822753906,168.08999633789062,66.44266510009766
2022-02-01,78.5831069946289,36.772430419921875,29.385528564453125,122.7737808227539,427.2872619628906,121.86319732666016,168.22999572753906,66.70641326904297
2022-02-02,79.22188568115234,37.02315902709961,29.4802303314209,124.42530822753906,431.43798828125,122.27596282958984,168.83999633789062,66.80876922607422
2022-02-03,76.92328643798828,36.61457824707031,29.200443267822266,123.89347839355469,421.2970275878906,121.32147979736328,168.60000610351562,66.2104263305664
2022-02-04,77.23298645019531,37.23673629760742,29.656702041625977,123.4455795288086,423.27801513671875,119.53292083740234,168.86000061035156,65.95062255859375
2022-02-07,76.72000885009766,37.348167419433594,30.035480499267578,123.23098754882812,421.9197082519531,119.61031341552734,170.11000061035156,65.90338134765625
2022-02-08,77.66851043701172,37.8681755065918,29.38982391357422,124.23869323730469,425.39117431640625,118.81061553955078,170.6300048828125,65.83252716064453
2022-02-09,79.39124298095703,38.109619140625,29.635181427001953,125.19974517822266,431.61712646484375,119.03417205810547,171.2100067138672,66.1789321899414
2022-02-10,77.31523895263672,37.77531433105469,29.450092315673828,123.24029541015625,423.8629150390625,117.14238739013672,170.55999755859375,65.3050537109375
2022-02-11,74.9537353515625,37.24602127075195,30.306652069091797,121.53276062011719,415.5048522949219,118.87940979003906,173.80999755859375,65.07672882080078
2022-02-14,74.9295425415039,36.828147888183594,29.592134475708008,120.29179382324219,414.1464538574219,117.40038299560547,174.74000549316406,64.96652221679688
2022-02-15,76.89907836914062,37.32958984375,29.282228469848633,121.64473724365234,420.82537841796875,116.06757354736328,173.0800018310547,65.07672882080078
2022-02-16,76.82164764404297,37.357444763183594,29.518966674804688,121.83136749267578,421.2970275878906,116.7554702758789,174.86000061035156,65.43890380859375
2022-02-17,74.5230484008789,36.428855895996094,29.471616744995117,119.87189483642578,412.2975158691406,117.62398529052734,177.25,65.16333770751953
2022-02-18,73.76815032958984,36.4195671081543,29.290842056274414,118.97615814208984,409.6279296875,118.86221313476562,177.1199951171875,65.2578125
2022-02-22,73.08583068847656,36.23385238647461,28.817365646362305,118.67757415771484,405.23187255859375,119.1717529296875,177.49000549316406,65.10823059082031
2022-02-23,71.25662994384766,35.6024055480957,29.114362716674805,118.08039093017578,398.0436096191406,117.52935791015625,178.2899932861328,64.99015808105469
2022-02-24,73.69071960449219,35.17525100708008,28.886228561401367,118.5562744140625,404.0338439941406,117.60675048828125,177.13999938964844,65.45465087890625
2022-02-25,74.69242858886719,36.308135986328125,29.648096084594727,122.18592834472656,412.948486328125,117.69268798828125,176.5500030517578,65.82466888427734
2022-02-28,74.55693817138672,35.76955795288086,30.37982749938965,121.26219177246094,411.8919372558594,120.27243041992188,178.3800048828125,65.87190246582031
2022-03-01,73.06645965576172,34.45094299316406,30.685434341430664,120.59038543701172,405.61871337890625,121.6629867553711,181.6199951171875,65.68777465820312
2022-03-02,74.64885711669922,35.34239959716797,31.387039184570312,122.40987396240234,413.08050537109375,117.50419616699219,179.72999572753906,65.8458023071289
2022-03-03,73.75845336914062,35.23096466064453,31.473115921020508,123.03502655029297,411.02398681640625,118.70105743408203,180.8000030517578,65.64828491210938
2022-03-04,72.46640014648438,34.571659088134766,32.38133239746094,123.65084075927734,407.6846008300781,120.75025939941406,183.67999267578125,65.22158813476562
2022-03-07,69.8145523071289,33.30876159667969,32.859100341796875,121.4954605102539,395.6663513183594,119.8289794921875,186.41000366210938,64.65265655517578
2022-03-08,69.47581481933594,33.113765716552734,33.37562942504883,119.01349639892578,392.6665344238281,118.6235122680664,191.50999450683594,64.42350006103516
2022-03-09,72.22445678710938,34.33022689819336,32.35550308227539,121.26219177246094,403.19427490234375,117.46113586425781,185.82000732421875,64.96080780029297
2022-03-10,70.96143341064453,34.0423583984375,33.345497131347656,121.21552276611328,401.3736877441406,115.77352905273438,186.39999389648438,64.41559600830078
2022-03-11,69.7129135131836,33.80092239379883,33.07862854003906,120.31046295166016,396.2701110839844,116.16097259521484,185.08999633789062,63.94938659667969
2022-03-14,68.42086029052734,34.22808074951172,32.088645935058594,121.15956115722656,393.3741149902344,113.44879150390625,182.3000030517578,63.19084930419922
2022-03-15,70.71945190429688,34.71095275878906,30.91356658935547,123.5761947631836,402.0245666503906,113.25077056884766,178.88999938964844,63.664920806884766
2022-03-16,73.01807403564453,35.68597412109375,30.771516799926758,125.05977630615234,410.9391174316406,114.3614273071289,180.00999450683594,64.55785369873047
2022-03-17,73.53587341308594,36.13169860839844,31.83037757873535,127.03791046142578,416.080322265625,113.509033203125,180.88999938964844,65.00030517578125
2022-03-18,75.04084014892578,36.21529006958008,31.800251007080078,127.8216552734375,420.63751220703125,114.895263671875,179.3000030517578,65.2136459350586
2022-03-21,74.89830780029297,36.17985534667969,33.0821647644043,127.72437286376953,420.51458740234375,112.23474884033203,180.6699981689453,64.46302032470703
2022-03-22,75.97459411621094,36.767154693603516,32.83881759643555,127.7524185180664,425.43524169921875,110.79681396484375,179.36000061035156,64.79486846923828
2022-03-23,74.80619049072266,36.08662033081055,33.40373229980469,125.45925903320312,419.9562683105469,113.22491455078125,181.80999755859375,64.58941650390625
2022-03-24,76.75027465820312,36.37562561035156,33.486289978027344,126.95686340332031,426.2868347167969,112.33806610107422,183.1300048828125,64.72378540039062
2022-03-25,76.70664978027344,36.841732025146484,34.22067642211914,127.54650115966797,428.3686828613281,110.77957153320312,182.3800048828125,64.2575912475586
2022-03-28,77.61808013916016,36.73918914794922,33.373313903808594,128.47314453125,431.4156494140625,111.72674560546875,179.05999755859375,64.66053009033203
2022-03-29,79.26644134521484,36.82309341430664,33.28640365600586,129.23130798339844,436.752685546875,112.57051849365234,179.13999938964844,65.45862579345703
2022-03-30,78.2095718383789,36.56206130981445,33.67314910888672,129.4840087890625,434.05572509765625,113.44879150390625,180.5800018310547,65.26110076904297
2022-03-31,77.05086517333984,35.72305679321289,33.21687698364258,128.22039794921875,427.3750915527344,113.72431945800781,180.64999389648438,65.02403259277344
2022-04-01,76.822998046875,35.629844665527344,33.486289978027344,129.23130798339844,428.5863342285156,114.15718841552734,179.5,65.01927185058594
2022-04-04,78.28228759765625,35.471351623535156,33.52975082397461,128.1549072265625,432.2579040527344,113.36383056640625,180.3699951171875,65.51118469238281
2022-04-05,76.6339340209961,35.247623443603516,33.00394058227539,128.42633056640625,426.7978515625,110.80268096923828,179.24000549316406,64.66224670410156
2022-04-06,74.82073974609375,35.005245208740234,33.199501037597656,130.3825225830078,422.5301513671875,109.9058609008789,179.66000366210938,64.15444946289062
2022-04-07,74.93709564208984,34.96794891357422,33.63405227661133,132.89096069335938,424.6592712402344,109.07797241210938,180.33999633789062,64.05133056640625
2022-04-08,73.88990783691406,35.32220458984375,34.55963134765625,133.6865692138672,423.52374267578125,107.8966064453125,181.47000122070312,63.66255569458008
2022-04-11,72.02822875976562,35.163719177246094,33.521053314208984,131.0283660888672,416.28472900390625,106.18914031982422,182.3699951171875,63.226192474365234
2022-04-12,71.70824432373047,34.78150939941406,34.07728576660156,129.75540161132812,414.7422790527344,106.04256439208984,183.77000427246094,63.71015930175781
2022-04-13,72.86209869384766,34.78150939941406,34.585693359375,130.3919219970703,419.49261474609375,106.25812530517578,184.64999389648438,64.09101867675781
2022-04-14,71.09254455566406,34.38997268676758,34.69868850708008,129.76480102539062,414.2691955566406,104.12812042236328,184.0399932861328,63.66255569458008
2022-04-18,71.32525634765625,34.59505844116211,35.207115173339844,128.3327178955078,414.43951416015625,103.6107177734375,184.61000061035156,63.559410095214844
2022-04-19,72.66331481933594,35.07049560546875,34.920310974121094,129.5588836669922,421.129638671875,102.83462524414062,181.82000732421875,63.50390625
2022-04-20,72.595458984375,35.312889099121094,35.05501937866211,131.29978942871094,420.8173828125,104.90423583984375,182.7100067138672,63.70221710205078
2022-04-21,71.3640365600586,34.753543853759766,33.94257736206055,129.84902954101562,414.524658203125,104.12812042236328,182.05999755859375,63.26586151123047
2022-04-22,69.36661529541016,33.7187614440918,33.11258316040039,125.11296844482422,403.1505126953125,103.47277069091797,180.2899932861328,62.885013580322266
2022-04-25,70.40896606445312,33.774696350097656,32.01752471923828,125.9553451538086,405.4877624511719,104.50758361816406,177.0500030517578,63.41659927368164
2022-04-26,67.78614807128906,32.926368713378906,32.06098175048828,123.73705291748047,393.7445068359375,105.55963897705078,177.32000732421875,63.043697357177734
2022-04-27,68.78970336914062,32.89840316772461,32.53030014038086,123.46562194824219,394.8516540527344,104.20572662353516,175.97999572753906,62.73428726196289
2022-04-28,71.54342651367188,33.31790542602539,33.51670837402344,125.16910552978516,404.82537841796875,104.3609619140625,176.92999267578125,63.08336639404297
2022-04-29,68.56183624267578,32.171260833740234,32.65630340576172,121.9493179321289,389.86480712890625,103.00709533691406,176.91000366210938,62.30583953857422
2022-05-02,69.60417938232422,32.18058776855469,33.17776107788086,121.19117736816406,392.2115478515625,101.22156524658203,173.6300048828125,62.3098258972168
2022-05-03,69.72539520263672,32.600101470947266,34.10771179199219,121.57493591308594,394.009521484375,101.90399169921875,174.08999633789062,62.636390686035156
2022-05-04,72.17366790771484,33.59757614135742,35.52432632446289,124.27053833007812,406.0081481933594,102.46546173095703,175.8000030517578,63.27358627319336
2022-05-05,68.70243072509766,32.61873245239258,34.98983383178711,121.8557357788086,391.57757568359375,99.65809631347656,175.1300048828125,62.150516510009766
2022-05-06,68.14974212646484,32.385677337646484,36.032745361328125,121.47196960449219,389.24029541015625,98.1895980834961,175.4199981689453,61.800048828125
2022-05-09,65.51238250732422,31.611928939819336,33.0517463684082,118.3270492553711,376.7778015136719,99.05342102050781,172.8800048828125,61.14692687988281
2022-05-10,66.51110076904297,31.332258224487305,33.35158157348633,118.74826049804688,377.6484069824219,99.95178985595703,171.4199981689453,61.49739456176758
2022-05-11,64.41185760498047,31.04326629638672,33.79917526245117,117.96202850341797,371.6490173339844,101.87808990478516,172.82000732421875,61.13102722167969
2022-05-12,63.74766540527344,30.810205459594727,33.94257736206055,119.10392761230469,371.2610168457031,101.68802642822266,170.1699981689453,61.10710525512695
2022-05-13,65.86629486083984,31.257673263549805,35.102806091308594,120.36751556396484,380.1370544433594,100.18500518798828,168.7899932861328,61.17881393432617
2022-05-16,65.2845230102539,30.99665069580078,36.02840042114258,121.25670623779297,378.5946960449219,100.08132934570312,170.39999389648438,61.091182708740234
2022-05-17,67.17528533935547,31.826339721679688,36.44557571411133,122.92274475097656,386.3825378417969,98.87203216552734,169.3300018310547,61.03543472290039
2022-05-18,64.1015853881836,30.950042724609375,35.51128387451172,119.74974822998047,370.8068542480469,100.97974395751953,169.4199981689453,60.53364181518555
2022-05-19,63.39861297607422,30.744958877563477,35.38092803955078,120.01183319091797,368.53570556640625,101.22156524658203,171.91000366210938,60.939849853515625
2022-05-20,63.53921890258789,30.68901824951172,35.533016204833984,121.47196960449219,368.6965637207031,102.37046813964844,172.02999877929688,60.90004348754883
2022-05-23,64.99849700927734,31.68650245666504,36.47164535522461,122.53897857666016,375.59503173828125,100.68601989746094,172.8300018310547,61.13896179199219
2022-05-24,64.0337142944336,31.621244430541992,36.61069869995117,122.90399932861328,372.7277526855469,102.67279052734375,174.1300048828125,61.505348205566406
2022-05-25,64.78030395507812,31.87294578552246,37.366817474365234,122.86660766601562,376.020751953125,103.0787582397461,173.0800018310547,62.437255859375
2022-05-26,66.3365707397461,32.60940933227539,37.77963638305664,123.3907470703125,383.5341796875,102.6123275756836,172.75999450683594,63.30543518066406
2022-05-27,68.58123016357422,33.159423828125,38.4705696105957,125.44054412841797,392.9496154785156,102.8628158569336,172.85000610351562,63.87095260620117
2022-05-31,68.0915756225586,33.066200256347656,37.89261245727539,123.76512908935547,390.7447509765625,100.68601989746094,171.13999938964844,63.32133865356445
2022-06-01,67.8879623413086,32.53484344482422,38.509674072265625,121.98677062988281,387.5842590332031,100.57093048095703,172.22999572753906,63.08709716796875
2022-06-02,69.53144073486328,32.9822998046875,38.387996673583984,122.95082092285156,394.9651794433594,100.62283325195312,174.35000610351562,63.35094451904297
2022-06-03,67.86856842041016,32.50687789916992,38.89642333984375,121.5094223022461,388.48321533203125,100.4065170288086,172.5800018310547,62.87922286987305
2022-06-06,67.8734130859375,32.600101470947266,38.85297775268555,121.52812957763672,389.66607666015625,98.55465698242188,171.82000732421875,62.407447814941406
2022-06-07,68.68304443359375,32.85179138183594,40.01321792602539,123.10994720458984,393.40380859375,99.6190185546875,172.94000244140625,62.5513916015625
2022-06-08,67.9073486328125,32.27381134033203,40.100120544433594,122.13652801513672,389.12664794921875,98.73639678955078,172.77999877929688,62.015647888183594
2022-06-09,66.09414672851562,31.462770462036133,39.21363830566406,119.37537384033203,379.8721008300781,99.0652084350586,172.22999572753906,61.519927978515625
2022-06-10,63.55375289916992,30.325448989868164,38.54878234863281,117.45659637451172,368.8574523925781,98.45082092285156,174.5399932861328,60.47246551513672
2022-06-13,60.737003326416016,29.42118263244629,36.53683090209961,113.89985656738281,354.85260009765625,95.36154174804688,169.92999267578125,58.44953918457031
2022-06-14,61.12000274658203,29.16948127746582,36.606353759765625,112.81411743164062,353.7833557128906,94.15868377685547,168.57000732421875,58.833309173583984
2022-06-15,62.40959167480469,29.49576187133789,35.798091888427734,113.95600891113281,358.82708740234375,95.91534423828125,170.77000427246094,59.976715087890625
2022-06-16,59.86919403076172,28.749980926513672,33.78178787231445,112.28060150146484,346.9512634277344,96.6768798828125,172.69000244140625,59.02519607543945
2022-06-17,60.41703414916992,28.833881378173828,31.934955596923828,112.21509552001953,347.6991882324219,96.9883804321289,171.27000427246094,59.209129333496094
2022-06-21,61.954463958740234,29.409317016601562,33.58938217163086,115.23603820800781,356.4520568847656,95.34420776367188,170.6300048828125,59.169151306152344
2022-06-22,61.691993713378906,29.34371566772461,32.244747161865234,116.83393859863281,355.8058166503906,97.9662094116211,171.30999755859375,59.15314483642578
2022-06-23,62.61552810668945,29.23125457763672,31.049518585205078,119.45635223388672,359.2936096191406,98.77100372314453,170.25999450683594,59.57693099975586
2022-06-24,64.86601257324219,30.309030532836914,31.458181381225586,121.43960571289062,370.7169494628906,97.40374755859375,170.08999633789062,60.00071716308594
2022-06-27,64.4285659790039,30.205936431884766,32.38097381591797,121.89077758789062,369.3009033203125,96.5730209350586,169.89999389648438,59.63288116455078
2022-06-28,62.49886703491211,29.906036376953125,33.255428314208984,119.76654052734375,361.7550354003906,97.02299499511719,169.6199951171875,58.97725296020508
2022-06-29,62.625244140625,29.73733901977539,32.0997428894043,120.80985260009766,361.46044921875,98.537353515625,169.49000549316406,58.8892822265625
2022-06-30,61.789207458496094,29.47492218017578,31.423030853271484,120.53726959228516,358.5237731933594,99.40269470214844,168.4600067138672,58.8573112487793
2022-07-01,61.93016815185547,29.877918243408203,31.893211364746094,121.89077758789062,362.3158264160156,100.42324829101562,168.32000732421875,59.418704986572266
2022-07-05,62.70787048339844,29.77482795715332,30.6276798248291,121.18583679199219,363.0000305175781,101.21224975585938,164.75,59.36250305175781
2022-07-06,63.24740982055664,29.699851989746094,30.10477066040039,122.00358581542969,364.2259521484375,99.5128402709961,162.13999938964844,59.137596130371094
2022-07-07,64.554931640625,30.13096809387207,31.190139770507812,122.52054595947266,369.6810607910156,98.63709259033203,162.22999572753906,60.10142517089844
2022-07-08,64.5841064453125,30.065359115600586,31.176959991455078,122.88710021972656,369.3769226074219,97.54460144042969,162.3000030517578,60.14959716796875
2022-07-11,63.69461441040039,29.821687698364258,30.87814712524414,122.57694244384766,365.1573181152344,99.22666931152344,161.42999267578125,59.812278747558594
2022-07-12,62.824527740478516,29.634248733520508,30.276142120361328,121.01663208007812,361.9261474609375,99.81629943847656,160.8300018310547,60.0532341003418
2022-07-13,62.65927505493164,29.3718318939209,30.227802276611328,119.84172058105469,360.0253601074219,100.9608154296875,161.60000610351562,59.98897933959961
2022-07-14,63.23283386230469,28.80950927734375,29.65655517578125,119.49394226074219,359.1510009765625,100.13707733154297,159.3300018310547,59.87651443481445
2022-07-15,64.34593963623047,29.784198760986328,30.139921188354492,122.3795394897461,366.01275634765625,100.70069885253906,159.00999450683594,60.6395263671875
2022-07-18,63.7237548828125,29.671735763549805,30.829824447631836,119.79473114013672,362.9905090332031,99.65155792236328,159.16000366210938,60.0532341003418
2022-07-19,65.66804504394531,30.56207847595215,31.778961181640625,121.83438110351562,372.7982177734375,99.11396789550781,159.5399932861328,60.84836959838867
2022-07-20,66.69363403320312,30.674541473388672,32.08655548095703,120.63127899169922,375.1741027832031,99.37410736083984,158.0399932861328,61.11338806152344
2022-07-21,67.63175964355469,30.871356964111328,31.524099349975586,122.53932189941406,378.9945983886719,101.09086608886719,160.27000427246094,61.83625793457031
2022-07-22,66.6985092163086,30.693283081054688,31.264842987060547,122.03176879882812,375.478271484375,102.79034423828125,160.6699981689453,61.75595474243164
2022-07-25,66.27562713623047,30.89009666442871,32.4117317199707,122.6709213256836,375.9344177246094,101.78450775146484,160.22999572753906,61.7398681640625
2022-07-26,65.201416015625,30.458982467651367,32.11732482910156,123.30067443847656,371.4867248535156,101.8625717163086,160.0399932861328,61.30616760253906
2022-07-27,68.00604248046875,30.927587509155273,32.84236145019531,124.07141876220703,381.1329040527344,101.29029083251953,161.6699981689453,61.98081970214844
2022-07-28,69.0413818359375,31.152517318725586,33.026920318603516,124.86096954345703,385.9132385253906,102.0966796875,163.63999938964844,62.615325927734375
2022-07-29,70.10099029541016,31.592992782592773,34.45943832397461,124.4474105834961,391.5393981933594,101.81922912597656,164.10000610351562,62.8000602722168
2022-08-01,69.95032501220703,31.3305721282959,33.7475700378418,123.52628326416016,390.3799133300781,104.27137756347656,165.02999877929688,62.81941604614258
2022-08-02,69.45453643798828,30.98381996154785,33.668479919433594,123.08450317382812,387.80450439453125,102.06503295898438,164.0500030517578,62.5291748046875
2022-08-03,71.30158233642578,31.452421188354492,32.701744079589844,124.21241760253906,393.8772277832031,103.67204284667969,164.4499969482422,63.07743835449219
2022-08-04,71.62725830078125,31.349323272705078,31.488943099975586,123.6014633178711,393.6111145019531,103.63725280761719,167.1699981689453,63.24674987792969
2022-08-05,71.46199798583984,31.57425308227539,32.1129264831543,123.5544662475586,392.9458923339844,101.17034149169922,165.2899932861328,62.924251556396484
2022-08-08,70.85441589355469,31.55550765991211,32.2799072265625,123.84583282470703,392.4897766113281,102.80338287353516,166.69000244140625,62.980674743652344
2022-08-09,70.1447525024414,31.714832305908203,32.846763610839844,123.46987915039062,390.93115234375,102.40381622314453,167.1999969482422,62.51303482055664
2022-08-10,72.05986022949219,32.427101135253906,33.08404541015625,124.8139877319336,399.14227294921875,101.73493957519531,166.77999877929688,63.448360443115234
2022-08-11,71.77793884277344,32.81134796142578,34.222145080566406,124.005615234375,399.14227294921875,99.36357116699219,166.33999633789062,63.085487365722656
2022-08-12,73.20697021484375,33.326820373535156,34.481407165527344,125.5941162109375,405.89935302734375,100.37118530273438,167.8699951171875,63.64993667602539
2022-08-15,73.66874694824219,33.31744384765625,33.80908966064453,126.22386932373047,407.57196044921875,100.2843246459961,165.7100067138672,63.53703308105469
2022-08-16,73.46945190429688,33.56112289428711,33.72998809814453,125.88553619384766,408.37030029296875,100.70126342773438,165.4199981689453,63.23869705200195
2022-08-17,72.94450378417969,33.39242172241211,34.011234283447266,125.15237426757812,405.4716491699219,99.65022277832031,164.35000610351562,62.58559799194336
2022-08-18,73.32364654541016,33.429901123046875,34.92522048950195,124.5978012084961,406.650146484375,99.79791259765625,163.9199981689453,62.682373046875
2022-08-19,71.99181365966797,32.76449966430664,34.91643142700195,124.93617248535156,401.185546875,98.1909408569336,162.72000122070312,62.045379638671875
2022-08-22,69.98434448242188,32.0428466796875,34.850528717041016,123.30067443847656,392.83184814453125,97.86080932617188,161.63999938964844,61.34387969970703
2022-08-23,69.79965209960938,31.91164207458496,36.10726547241211,121.58060455322266,391.8815002441406,97.32225799560547,162.77000427246094,61.497074127197266
2022-08-24,69.8433837890625,32.08033752441406,36.55107498168945,121.73098754882812,393.13592529296875,96.60997772216797,163.25,61.56960678100586
2022-08-25,71.0245361328125,32.577056884765625,36.83230972290039,123.0750961303711,398.6860656738281,97.95636749267578,163.75,62.15019607543945
2022-08-26,67.991455078125,31.602373123168945,36.40167236328125,119.64434051513672,385.19091796875,98.69471740722656,161.75999450683594,61.126182556152344
2022-08-29,67.09222412109375,31.377437591552734,36.95095443725586,118.80780792236328,382.6440124511719,97.87821960449219,161.86000061035156,60.89235305786133
2022-08-30,66.39229583740234,31.2087459564209,35.698604583740234,118.01824951171875,378.44342041015625,98.12142181396484,160.50999450683594,60.42469024658203
2022-08-31,65.74581146240234,30.974441528320312,35.37343215942383,117.26631164550781,375.56378173828125,97.18328094482422,159.27000427246094,60.09408950805664
2022-09-01,65.42501831054688,31.06816291809082,34.50337219238281,119.19316101074219,376.7423095703125,95.4040298461914,157.8699951171875,60.25292205810547
2022-09-02,64.57439422607422,30.82448959350586,35.13614273071289,117.48249816894531,372.769775390625,95.94373321533203,159.25999450683594,60.2123908996582
2022-09-06,64.14663696289062,30.749521255493164,34.81097412109375,117.59528350830078,371.3631896972656,93.56733703613281,158.3300018310547,60.050357818603516
2022-09-07,65.17224884033203,31.35869598388672,34.40670394897461,119.51275634765625,378.03472900390625,95.04715728759766,159.94000244140625,60.917354583740234
2022-09-08,65.39585876464844,31.91164207458496,34.55611038208008,121.58999633789062,380.5056457519531,94.07221984863281,158.97999572753906,61.184757232666016
2022-09-09,66.68878936767578,32.202178955078125,35.41737365722656,122.66153717041016,386.41693115234375,94.2811279296875,159.82000732421875,61.4278450012207
2022-09-12,67.75814056396484,32.46459197998047,36.06772232055664,123.47924041748047,390.57000732421875,93.50640106201172,160.6300048828125,61.614200592041016
2022-09-13,64.16121673583984,31.255603790283203,35.158119201660156,119.39995574951172,373.5870666503906,93.7239990234375,158.5399932861328,60.2123908996582
2022-09-14,64.39453887939453,31.161880493164062,36.151206970214844,119.46574401855469,375.0125732421875,94.04608917236328,157.92999267578125,60.30153274536133
2022-09-15,62.91203308105469,31.264978408813477,35.21963882446289,120.13310241699219,370.7549133300781,93.98519134521484,154.97999572753906,59.92070388793945
2022-09-16,62.56206130981445,30.98381996154785,34.46822738647461,119.79473114013672,367.926513671875,93.2017593383789,155.83999633789062,60.12327194213867
2022-09-19,63.07223892211914,31.335229873657227,34.4886589050293,119.14926147460938,370.77978515625,93.41932678222656,155.9600067138672,60.350128173828125
2022-09-20,62.701904296875,30.87358856201172,34.248775482177734,117.75261688232422,366.52374267578125,92.48793029785156,155.07000732421875,59.734344482421875
2022-09-21,61.72248840332031,30.232940673828125,33.746829986572266,115.7991943359375,360.13018798828125,94.03738403320312,155.7899932861328,59.55608367919922
2022-09-22,61.093910217285156,29.724191665649414,33.626888275146484,116.41258239746094,357.1050720214844,91.6348648071289,155.6999969482422,59.19952392578125
2022-09-23,60.29479217529297,29.253122329711914,31.308101654052734,115.81806182861328,351.12188720703125,92.0091781616211,153.00999450683594,58.44598388671875
2022-09-26,59.875736236572266,28.79147720336914,30.539602279663086,114.71395874023438,347.6484069824219,90.25082397460938,151.22999572753906,57.757240295410156
2022-09-27,59.953704833984375,28.669004440307617,30.88164710998535,114.36479187011719,346.7608947753906,87.87443542480469,151.5399932861328,57.63570022583008
2022-09-28,60.587154388427734,29.23428726196289,32.24982833862305,116.86552429199219,353.5838928222656,90.81664276123047,154.69000244140625,58.664756774902344
2022-09-29,59.00839614868164,28.866849899291992,32.24982833862305,115.88411712646484,346.1979064941406,90.34659576416016,154.66000366210938,58.11375427246094
2022-09-30,57.8779296875,28.60305404663086,31.992185592651367,114.28927612304688,340.844482421875,89.18013763427734,154.6699981689453,57.84636688232422
2022-10-03,59.67108917236328,29.375600814819336,33.80012130737305,116.6390609741211,349.8432312011719,90.5971450805664,158.42999267578125,58.60447692871094
2022-10-04,61.673763275146484,30.468473434448242,35.25270080566406,119.34742736816406,360.68359375,90.3441390991211,160.6999969482422,59.866615295410156
2022-10-05,61.87842559814453,30.232940673828125,35.9812126159668,119.74378204345703,359.8439025878906,89.48029327392578,159.80999755859375,59.63048553466797
2022-10-06,61.37166213989258,29.80898094177246,36.62087631225586,118.2149887084961,356.1318359375,88.98291778564453,159.6300048828125,59.45133590698242
2022-10-07,58.84759521484375,29.102380752563477,36.336585998535156,115.71426391601562,346.1979064941406,88.11911010742188,157.8800048828125,58.72663497924805
2022-10-10,57.858436584472656,28.970481872558594,35.590301513671875,114.98761749267578,343.5545654296875,86.74917602539062,155.47999572753906,58.010040283203125
2022-10-11,56.97161102294922,28.60305404663086,35.30601119995117,115.60101318359375,341.37884521484375,87.13311767578125,155.16000366210938,58.18918228149414
2022-10-12,56.79618453979492,28.537105560302734,35.590301513671875,115.03479766845703,340.2528076171875,87.56066131591797,155.99000549316406,58.28689956665039
2022-10-13,58.560115814208984,29.714765548706055,37.04287338256836,117.71485137939453,349.2324523925781,86.72303009033203,154.91000366210938,58.41718673706055
2022-10-14,56.91313934326172,29.215438842773438,35.66138458251953,116.92218017578125,341.2738952636719,86.00753021240234,152.97999572753906,58.22990417480469
2022-10-17,58.64781951904297,29.950302124023438,36.1055908203125,118.80008697509766,350.0435485839844,85.5887222290039,153.4199981689453,58.946495056152344
2022-10-18,59.14482879638672,30.430789947509766,36.42097854614258,119.4606704711914,354.15643310546875,85.78939819335938,153.75,59.36176681518555
2022-10-19,58.97427749633789,29.93145751953125,37.4959831237793,117.79035949707031,351.6467590332031,84.22753143310547,151.69000244140625,58.7917366027832
2022-10-20,59.00839614868164,29.450973510742188,37.53151321411133,116.79005432128906,348.6980285644531,82.7878189086914,151.4499969482422,58.46605682373047
2022-10-21,60.587154388427734,30.327150344848633,38.615394592285156,119.41348266601562,357.17193603515625,81.29574584960938,154.14999389648438,59.027896881103516
2022-10-24,61.42525863647461,30.73226547241211,38.797523498535156,121.716064453125,361.5425109863281,80.6239013671875,153.64999389648438,59.068607330322266
2022-10-25,62.59958267211914,31.09969139099121,38.837501525878906,122.6408920288086,367.31585693359375,82.97103881835938,154.0,59.63862228393555
2022-10-26,61.20598602294922,31.175073623657227,39.366111755371094,123.999755859375,364.5483703613281,84.16645050048828,154.97999572753906,59.80149841308594
2022-10-27,60.509193420410156,31.4294490814209,39.50825881958008,123.3486328125,362.6016540527344,85.04772186279297,154.74000549316406,60.241214752197266
2022-10-28,63.14045333862305,32.2114143371582,39.64596176147461,125.37755584716797,371.228271484375,84.46311950683594,153.16000366210938,60.705352783203125
2022-10-31,62.307220458984375,32.0135612487793,39.9791259765625,125.27373504638672,368.5467529296875,83.86104583740234,151.91000366210938,59.79334259033203
2022-11-01,61.78583526611328,32.098350524902344,40.36559295654297,125.3492431640625,366.9341125488281,84.6447982788086,153.4600067138672,60.153011322021484
2022-11-02,59.65159606933594,31.693241119384766,39.392765045166016,123.2165298461914,357.72540283203125,84.27738189697266,152.38999938964844,59.605316162109375
2022-11-03,57.897422790527344,31.372915267944336,40.121273040771484,122.69751739501953,354.0419921875,83.82257843017578,151.80999755859375,59.1802864074707
2022-11-04,58.95479965209961,31.94761085510254,40.60990524291992,123.44298553466797,359.13775634765625,82.41429138183594,156.47000122070312,59.5889892578125
2022-11-07,59.939090728759766,32.2679443359375,41.30732345581055,124.76415252685547,362.57305908203125,81.59205627441406,155.85000610351562,59.58081817626953
2022-11-08,60.514068603515625,32.45635986328125,41.34730529785156,125.38700866699219,364.5293273925781,82.48429107666016,159.4499969482422,59.52360153198242
2022-11-09,58.940181732177734,31.909927368164062,39.32613754272461,124.03753662109375,357.0192565917969,82.75542449951172,158.64999389648438,58.81245040893555
2022-11-10,63.783653259277344,33.52096939086914,40.201229095458984,127.18939971923828,376.6388854980469,85.9393539428711,163.47999572753906,60.643436431884766
2022-11-11,64.87513732910156,33.794185638427734,41.3695068359375,125.63235473632812,380.2842712402344,85.62445831298828,164.55999755859375,60.85595703125
2022-11-14,64.31962585449219,33.3137092590332,41.356178283691406,125.74559020996094,377.04931640625,85.41452026367188,164.9199981689453,60.4063835144043
2022-11-15,65.0992660522461,33.389068603515625,41.791507720947266,125.58515930175781,380.2651672363281,86.79656982421875,165.5,60.93771743774414
2022-11-16,64.20758056640625,33.228912353515625,40.93862533569336,125.52854919433594,377.3642272949219,88.69467163085938,165.1199951171875,60.806915283203125
2022-11-17,64.29041290283203,33.049903869628906,41.027462005615234,125.47191619873047,376.20953369140625,87.75871276855469,163.9199981689453,60.54535675048828
2022-11-18,64.3635025024414,33.3231315612793,40.703189849853516,126.99125671386719,377.91766357421875,87.15518188476562,162.7899932861328,60.67613220214844
2022-11-21,63.67155838012695,33.4267578125,40.152374267578125,127.04790496826172,376.5435485839844,87.52255249023438,161.8800048828125,60.651615142822266
2022-11-22,64.90436553955078,33.76593017578125,41.409488677978516,128.15199279785156,381.6106262207031,88.76461029052734,162.07000732421875,61.093021392822266
2022-11-23,65.47936248779297,33.90725326538086,40.960838317871094,128.6615447998047,384.01544189453125,90.31285858154297,163.0800018310547,61.43632125854492
2022-11-25,65.0992660522461,34.02029800415039,40.8098030090332,129.42591857910156,383.9295654296875,90.00672149658203,163.22000122070312,61.313724517822266
2022-11-28,63.70568084716797,33.43617630004883,39.69038772583008,128.45396423339844,377.8031311035156,90.26036071777344,161.92999267578125,60.66796112060547
2022-11-29,63.08198547363281,33.63402557373047,40.29007339477539,128.1331024169922,377.15423583984375,89.20196533203125,162.72999572753906,60.92954635620117
2022-11-30,66.24923706054688,34.20872497558594,40.48997116088867,131.19064331054688,389.0348815917969,89.85802459716797,164.80999755859375,61.84503173828125
2022-12-01,66.34181213378906,34.01087188720703,40.3567008972168,131.5680694580078,388.7485656738281,92.72862243652344,167.83999633789062,62.07404708862305
2022-12-02,65.95687103271484,33.8507194519043,40.11682891845703,131.90782165527344,388.30010986328125,93.89472198486328,167.25999450683594,62.02479934692383
2022-12-05,64.86050415039062,33.01221466064453,38.92634963989258,130.64329528808594,381.31488037109375,92.57953643798828,164.38999938964844,61.43378448486328
2022-12-06,63.47179412841797,32.720157623291016,37.900203704833984,129.6524200439453,375.8182373046875,93.77198791503906,164.83999633789062,61.21213912963867
2022-12-07,63.15019607543945,32.5882568359375,37.811370849609375,130.71878051757812,375.178955078125,95.9814682006836,166.3300018310547,61.54869079589844
2022-12-08,64.18321228027344,32.61652374267578,37.6425666809082,131.8983917236328,378.11810302734375,95.71842193603516,166.47000122070312,61.597965240478516
2022-12-09,63.78852844238281,32.53173065185547,36.72749328613281,130.209228515625,375.2934875488281,93.22837829589844,167.05999755859375,61.597965240478516
2022-12-12,65.18209838867188,32.965118408203125,37.691429138183594,131.59642028808594,380.7041320800781,93.52649688720703,165.67999267578125,61.836002349853516
2022-12-13,65.95199584960938,33.049903869628906,38.406612396240234,132.002197265625,383.5860290527344,94.4295425415039,168.50999450683594,62.476287841796875
2022-12-14,65.39651489257812,32.6353645324707,38.171180725097656,132.20980834960938,381.1335144042969,94.8328857421875,168.10000610351562,62.123291015625
2022-12-15,62.95042037963867,31.994718551635742,37.94019317626953,129.78456115722656,371.810302734375,95.20291137695312,165.35000610351562,61.88896560668945
2022-12-16,62.117183685302734,31.749771118164062,37.47377014160156,127.89717864990234,367.4207458496094,94.1394271850586,166.7899932861328,61.558895111083984
2022-12-19,61.288883209228516,31.66444969177246,37.46927261352539,127.41961669921875,364.3050842285156,92.5573959350586,166.32000732421875,61.24530029296875
2022-12-20,61.381736755371094,31.797164916992188,38.034751892089844,127.39116668701172,364.8036804199219,90.9138412475586,169.0800018310547,61.0885124206543
2022-12-21,62.398162841796875,32.2901496887207,38.75730514526367,129.06838989257812,370.2583312988281,91.1423568725586,168.8000030517578,61.60837936401367
2022-12-22,60.82465362548828,32.0057373046875,37.86420822143555,128.88833618164062,364.9761657714844,91.1247787475586,166.75999450683594,61.22880554199219
2022-12-23,60.88817596435547,32.18586349487305,39.07145309448242,128.96412658691406,367.0755920410156,89.78887939453125,167.25999450683594,61.38560104370117
2022-12-27,60.31154251098633,32.1763801574707,39.48883056640625,128.63250732421875,365.6280517578125,88.013427734375,168.6699981689453,60.75019836425781
2022-12-28,59.33909225463867,32.06261444091797,38.60470962524414,127.79859161376953,361.0841369628906,87.49491882324219,167.91000366210938,59.93325424194336
2022-12-29,60.893062591552734,32.50819396972656,39.00861740112305,129.1915283203125,367.5837097167969,88.48806762695312,168.85000610351562,60.708927154541016
2022-12-30,60.80998611450195,32.422874450683594,39.25545120239258,128.72723388671875,366.615478515625,87.50370025634766,169.63999938964844,60.7584342956543
2023-01-03,60.233360290527344,32.53663635253906,37.87767028808594,128.3577117919922,365.07208251953125,89.17362213134766,171.05999755859375,60.87395095825195
2023-01-04,60.389739990234375,33.05806350708008,37.873191833496094,128.69879150390625,367.89044189453125,90.39527893066406,172.6699981689453,61.57536697387695
2023-01-05,59.21692657470703,32.81156921386719,38.5643196105957,127.38168334960938,363.6916198730469,90.77322387695312,170.52000427246094,61.45164108276367
2023-01-06,60.95170593261719,33.541561126708984,39.295841217041016,128.55667114257812,372.0318298339844,92.44314575195312,173.7100067138672,62.326316833496094
2023-01-09,61.6602783203125,33.41831970214844,39.15671157836914,126.40570831298828,371.8208923339844,92.93533325195312,174.10000610351562,62.54910659790039
2023-01-10,62.04143142700195,33.6079216003418,39.43497085571289,127.46697235107422,374.4284362792969,91.39722442626953,174.74000549316406,62.47482681274414
2023-01-11,63.11650848388672,33.92076873779297,39.55614471435547,128.1871337890625,379.1641540527344,92.88257598876953,174.6199951171875,62.887428283691406
2023-01-12,63.585628509521484,33.98713302612305,40.31010437011719,127.7796859741211,380.5445861816406,94.71072387695312,176.63999938964844,63.24224090576172
2023-01-13,63.76643753051758,34.243106842041016,40.36843490600586,128.3481903076172,382.02093505859375,93.8230209350586,178.75999450683594,63.24224090576172
2023-01-17,64.05474853515625,34.01557159423828,40.45372009277344,127.75125122070312,381.32110595703125,93.2165756225586,177.58999633789062,63.0277099609375
2023-01-18,63.22890090942383,33.38038635253906,39.713218688964844,125.95086669921875,375.3008117675781,95.47535705566406,177.0800018310547,63.10196304321289
2023-01-19,62.49101638793945,32.991695404052734,40.20688247680664,126.25411224365234,372.5686950683594,94.87767028808594,179.88999938964844,62.730655670166016
2023-01-20,64.18181610107422,33.51311492919922,40.606300354003906,126.88896179199219,379.5093078613281,93.33961486816406,179.2899932861328,62.85441589355469
2023-01-23,65.64292907714844,33.90180587768555,40.66016387939453,127.32483673095703,384.0628967285156,92.90013885498047,179.6300048828125,62.84618377685547
2023-01-24,65.61360168457031,33.92076873779297,40.50308609008789,126.48150634765625,383.650634765625,94.23609161376953,180.27999877929688,62.887428283691406
2023-01-25,65.47676849365234,34.18622970581055,40.507568359375,126.51941680908203,383.7944641113281,94.464599609375,181.11000061035156,62.87916946411133
2023-01-26,66.52253723144531,34.36634063720703,41.786617279052734,126.75629425048828,388.01251220703125,94.02519226074219,179.47000122070312,63.03594970703125
2023-01-27,66.80106353759766,34.36634063720703,40.942893981933594,125.89402770996094,388.904052734375,93.78784942626953,179.22000122070312,62.84618377685547
2023-01-30,65.5256576538086,34.195701599121094,40.00493240356445,124.7569580078125,384.0245056152344,93.44509887695312,178.75999450683594,62.49959182739258
2023-01-31,66.43946075439453,34.660240173339844,40.35947799682617,126.36780548095703,389.67095947265625,94.19214630126953,179.41000366210938,62.98646545410156
2023-02-01,68.0031967163086,34.660240173339844,39.565120697021484,126.96478271484375,393.812255859375,95.32444763183594,181.6699981689453,63.64811706542969
2023-02-02,69.8601303100586,34.75504684448242,38.663055419921875,126.10248565673828,399.5450134277344,95.44783020019531,177.89999389648438,64.01295471191406
2023-02-03,69.27862548828125,34.688682556152344,38.57778549194336,125.73291015625,395.2981872558594,94.02032470703125,173.4600067138672,63.34132766723633
2023-02-06,68.43323516845703,34.679203033447266,38.40275573730469,125.03172302246094,392.8824462890625,93.32421875,173.82000732421875,62.935035705566406
2023-02-07,70.1435775756836,35.07737731933594,39.650386810302734,125.83716583251953,398.0207214355469,92.57522583007812,173.97999572753906,63.1589241027832
2023-02-08,69.29816436767578,34.86880111694336,39.295841217041016,125.46761322021484,393.66845703125,93.01579284667969,174.41000366210938,62.89358139038086
2023-02-09,68.91700744628906,34.48011016845703,38.959259033203125,124.36844635009766,390.25567626953125,92.13463592529297,173.02999877929688,62.487281799316406
2023-02-10,68.599365234375,34.59387969970703,40.485130310058594,125.54341888427734,391.1664733886719,91.10365295410156,173.36000061035156,62.006378173828125
2023-02-13,69.7868423461914,34.9920539855957,40.38190841674805,126.58573913574219,395.7583312988281,91.87028503417969,172.47999572753906,62.163902282714844
2023-02-14,70.0849380493164,34.80244827270508,40.39537811279297,125.83716583251953,395.5762023925781,91.65879821777344,172.61000061035156,62.18046188354492
2023-02-15,70.41232299804688,34.84036636352539,39.70873260498047,125.21177673339844,396.8608093261719,90.8040771484375,170.88999938964844,62.08097839355469
2023-02-16,69.19066619873047,34.489593505859375,39.31828308105469,123.96097564697266,391.396484375,89.51758575439453,170.75,61.58346939086914
2023-02-17,68.32572174072266,34.499080657958984,37.91807556152344,125.06963348388672,390.418701171875,90.21370697021484,171.25999450683594,61.82394027709961
2023-02-21,66.7033462524414,33.78804016113281,37.729576110839844,123.44927978515625,382.5865783691406,88.4601821899414,170.6199951171875,60.87038040161133
2023-02-22,66.60560607910156,33.7501335144043,37.47825622558594,123.0323486328125,382.05926513671875,89.2708511352539,169.66000366210938,61.26839828491211
2023-02-23,67.70999145507812,33.77857208251953,38.043724060058594,123.36402130126953,384.0916442871094,90.14320373535156,169.57000732421875,61.873680114746094
2023-02-24,66.50298309326172,33.8070068359375,37.99436569213867,121.77208709716797,379.9886169433594,88.97126007080078,168.35000610351562,61.50055694580078
2023-02-27,66.8597183227539,33.79752731323242,38.10655975341797,121.40253448486328,381.2828063964844,89.21798706054688,169.00999450683594,61.9151496887207
2023-02-28,66.71310424804688,33.863887786865234,37.55903625488281,120.5023422241211,379.87353515625,89.62332153320312,169.77999877929688,61.7990608215332
2023-03-01,66.22444915771484,33.7501335144043,38.299537658691406,120.30335998535156,378.4163818359375,88.66046142578125,170.75999450683594,61.623878479003906
2023-03-02,67.04052734375,33.58896255493164,38.63612747192383,121.04246520996094,381.3594970703125,87.87432098388672,170.66000366210938,61.6989631652832
2023-03-03,68.4820785522461,34.11986541748047,39.16121292114258,122.39749145507812,387.47564697265625,90.00314331054688,172.49000549316406,62.33295822143555
2023-03-06,68.80950927734375,34.14830017089844,39.17915725708008,122.34063720703125,387.7440185546875,89.30530548095703,171.6199951171875,62.33295822143555
2023-03-07,67.95433044433594,33.266632080078125,38.49699783325195,120.36968994140625,381.8004455566406,89.85298919677734,168.6199951171875,61.89081573486328
2023-03-08,68.51630401611328,33.14338302612305,38.10206985473633,119.72534942626953,382.42352294921875,89.94132232666016,168.5399932861328,61.59885025024414
2023-03-09,67.53407287597656,31.797164916992188,37.56352233886719,118.51246643066406,375.3679504394531,90.16215515136719,170.1999969482422,61.256813049316406
2023-03-10,66.34662628173828,31.218870162963867,37.08332061767578,117.64069366455078,369.9515686035156,93.27147674560547,173.8699951171875,61.265167236328125
2023-03-13,66.7082290649414,29.98641586303711,36.32935333251953,118.7398681640625,369.42437744140625,93.4834976196289,177.86000061035156,60.93147659301758
2023-03-14,68.24755096435547,30.593164443969727,36.688385009765625,119.80115509033203,375.5308837890625,91.94650268554688,176.8300018310547,61.37360763549805
2023-03-15,68.28662872314453,29.777851104736328,34.71821212768555,119.69691467285156,373.1822509765625,93.72200775146484,178.2100067138672,61.17340850830078
2023-03-16,70.20222473144531,30.346668243408203,35.09518814086914,120.81504821777344,379.7297668457031,92.98881530761719,178.57000732421875,61.57383728027344
2023-03-17,70.10448455810547,29.37019157409668,34.54317855834961,119.26103210449219,375.2896728515625,94.38447570800781,183.77000427246094,61.20677947998047
2023-03-20,70.29353332519531,29.696983337402344,35.23472595214844,120.77259063720703,378.89837646484375,93.55416870117188,183.83999633789062,61.039920806884766
2023-03-21,70.86163330078125,30.449649810791016,36.454566955566406,121.50505828857422,383.87347412109375,92.75035095214844,180.3699951171875,61.70730209350586
2023-03-22,70.15637969970703,29.7446231842041,35.67913055419922,119.66913604736328,377.32977294921875,93.98701477050781,183.44000244140625,61.765689849853516
2023-03-23,71.29749298095703,29.54454231262207,35.184837341308594,119.44081115722656,378.3498840332031,93.98701477050781,185.74000549316406,61.52376937866211
2023-03-24,71.48361206054688,29.525487899780273,35.32088851928711,121.09603118896484,380.83258056640625,94.38447570800781,183.64999389648438,61.39862060546875
2023-03-27,70.93018341064453,29.935171127319336,36.07365798950195,121.59069061279297,381.544677734375,92.16732788085938,181.9499969482422,61.24848556518555
2023-03-28,70.59716796875,29.925640106201172,36.63142013549805,120.85820770263672,380.688232421875,92.33515930175781,183.44000244140625,61.21511459350586
2023-03-29,72.07620239257812,30.36390495300293,37.13930892944336,121.191162109375,386.2214660644531,92.14967346191406,182.52999877929688,61.982582092285156
2023-03-30,72.9136734008789,30.297210693359375,37.30255889892578,121.84751892089844,388.4829406738281,92.57365417480469,184.17999267578125,62.349647521972656
2023-03-31,73.95684051513672,30.630674362182617,37.561038970947266,123.1507568359375,393.9584655761719,93.96051025390625,183.22000122070312,63.02537536621094
2023-04-03,73.83930206298828,30.687835693359375,39.261558532714844,124.53010559082031,395.45965576171875,94.40240478515625,184.5399932861328,62.976768493652344
2023-04-04,73.43280029296875,30.402013778686523,38.54960632324219,124.54911804199219,393.2655944824219,94.87174987792969,187.97999572753906,62.79240417480469
2023-04-05,72.5953369140625,30.36390495300293,39.130043029785156,126.69896697998047,392.2359619140625,95.86360931396484,187.8300018310547,62.44044494628906
2023-04-06,73.00672149658203,30.478233337402344,38.536006927490234,127.01290893554688,393.7659912109375,96.11154174804688,186.49000549316406,62.716976165771484
2023-04-10,72.96754455566406,30.544923782348633,38.844364166259766,126.9272689819336,394.1701354980469,94.56181335449219,185.11000061035156,62.65831756591797
2023-04-11,72.2818832397461,30.811691284179688,39.211669921875,127.35533142089844,394.2760314941406,94.75662231445312,186.27999877929688,62.79240417480469
2023-04-12,71.87049865722656,30.745004653930664,39.23888397216797,127.3934097290039,392.6689453125,94.6592025756836,187.19000244140625,62.77565383911133
2023-04-13,73.20750427246094,31.021289825439453,39.4837532043457,129.04859924316406,397.8846130371094,93.91534423828125,189.72000122070312,63.2030029296875
2023-04-14,72.80101776123047,31.326175689697266,39.55630874633789,128.01173400878906,396.9126892089844,93.05632781982422,186.36000061035156,63.08570861816406
2023-04-17,73.06549072265625,31.688213348388672,39.0892333984375,127.90708923339844,398.3369445800781,91.94934844970703,185.52999877929688,62.9181022644043
2023-04-18,73.29078674316406,31.783493041992188,39.24341583251953,127.03191375732422,398.5967102050781,92.27701568603516,186.25,62.959983825683594
2023-04-19,73.0802001953125,31.859704971313477,39.10737609863281,127.42195129394531,398.5293884277344,92.18849182128906,185.36000061035156,62.70859909057617
2023-04-20,72.60022735595703,31.764432907104492,38.76274108886719,126.89871978759766,396.3546142578125,92.97662353515625,186.08999633789062,62.649940490722656
2023-04-21,72.36515045166016,31.65010643005371,38.536006927490234,127.7548828125,396.6625671386719,92.45411682128906,184.25,62.84267044067383
2023-04-24,72.04682159423828,31.573883056640625,39.125511169433594,128.4683380126953,397.0763244628906,93.34857940673828,184.80999755859375,63.0186653137207
2023-04-25,70.5090103149414,31.030824661254883,38.39088821411133,127.0985107421875,390.773193359375,94.72119903564453,185.75,62.9181022644043
2023-04-26,71.55706787109375,30.735471725463867,37.87847137451172,125.29109954833984,389.1180114746094,93.71163177490234,184.74000549316406,62.67507553100586
2023-04-27,73.0752944946289,31.230897903442383,38.01451110839844,125.94744110107422,396.8646240234375,92.78178405761719,184.75,62.88458251953125
2023-04-28,73.86868286132812,31.602468490600586,38.60402297973633,127.02240753173828,400.2519226074219,94.2784194946289,184.8000030517578,63.15271759033203
