Date,XLK,XLF,XLE,XLV,SPY,TLT,GLD,HYG
2019-01-03,-0.05178548089149959,-0.02273796682262448,-0.009967769488584083,-0.02051423094437933,-0.0241520802270345,0.011315616977521285,0.00902531942317299,0.0004933982399822517
2019-01-04,0.04336572786660376,0.03267995573712663,0.03345824065019713,0.029395117391764345,0.03294673851384706,-0.011642646767309327,-0.008119106827353268,0.01664503733388222
2019-01-07,0.00890323689778559,0.0012358724412452093,0.014756047365129997,0.0038315208505181604,0.007853926874502405,-0.0029527090314988556,0.0034525160778516237,0.009662848963457472
2019-01-08,0.008345498350994301,0.0008232772942777714,0.0077056327977426614,0.0077344792585728895,0.009351467624565929,-0.002631635126635453,-0.0027117139907279018,0.006469900256637311
2019-01-09,0.012862494314776318,0.004923868317500381,0.015717534242469713,0.004474766721250276,0.004662565667810507,-0.001566079706334413,0.006397649700215412,0.0011937501582784072
2019-01-10,0.004408202811999938,0.00040940917973543916,0.0028899359309309766,0.0019444877181574382,0.0035211915964085162,-0.006454417647996689,-0.005904086348646452,0.0039290355973180474
2019-01-11,-0.0018867958532226415,0.0024518694295345114,-0.005949005503758688,0.003308030168844997,0.0003862165296905625,0.003893998719199549,0.0017256811414607263,-0.003213321929487137
2019-01-14,-0.009328963383922903,0.00691493708080286,-0.0024217274400071746,-0.011107875715073753,-0.006119637806716886,-0.0037278417505784284,0.002378067354322114,-0.0032240158171509712
2019-01-15,0.01497851312155831,0.008878126672167285,0.003550061455317071,0.017804121574995672,0.011395669062951674,-0.0036587233145748393,-0.0017215161032263467,0.003343340718956512
2019-01-16,0.000938751134865815,0.02107012845448726,-0.0012893730658392105,-0.001811681934676783,0.0024170742378905362,0.0009990768500265572,0.0031947551186356582,0.001547661484073561
2019-01-17,0.006389665008103994,0.005492366442737685,0.009150997289564457,0.00880102607678673,0.007558031902564079,0.0002496133287294361,-0.0013094038577051105,0.0027338565896638666
2019-01-18,0.015109996199065789,0.01706788071713121,0.020094418294898626,0.011836933023626098,0.01322235302975892,-0.005255792951276574,-0.008966489387798326,0.0028442835118807413
2019-01-22,-0.016975961473422903,-0.011605600817963305,-0.02201372580150034,-0.006906332135548115,-0.013602787618251814,0.006752165894132827,0.0035468368649853345,-0.0066493788414305425
2019-01-23,0.0034183126120268478,0.001166495319777173,-0.010301068071485715,0.0011169939844408116,0.0020903754073884916,-0.0004151230530346602,-0.0014007184915951448,0.0020229179914210407
2019-01-24,0.008341211901045276,0.0023297650332890648,0.005324797539979095,-0.008409387738772296,0.0005312237069676354,0.0065441578353281765,-0.0015678713054947328,0.0010694079053574885
2019-01-25,0.0140524892431377,0.008109340464896862,0.012633006964273809,0.0012376310161094635,0.008425769057389874,-0.004799947413097586,0.014511460180241248,0.0024913114390485934
2019-01-28,-0.013437450242459003,-0.003081692257679178,-0.01006171957617945,-0.011423358939835466,-0.00762923648707851,-0.000996552598851245,0.0034938106026215594,-0.0015412867353554681
2019-01-29,-0.010819382417985362,-0.0034781028608549406,0.0030453588704087834,0.004879314906867392,-0.0013277562772790663,0.0050531650574253155,0.005580978043920208,-0.0005933435728725799
2019-01-30,0.030606814473113864,0.00579021980417086,0.013983918226649185,0.013604523929146458,0.0157068856165953,-0.0007441978842291632,0.005710387238117351,0.007923050229733076
2019-01-31,-0.001055585323558903,-0.0015406765389593751,0.006449205415906538,0.0124292392920864,0.008743901036746656,0.008563551603915653,0.00048105804332541224,0.002470531136013838
2019-02-01,0.005867214637508912,0.004231477022697583,0.017253495430448424,0.0008817357150225064,0.0004815428417902158,-0.006058090787736353,-0.002006018726865743,-0.00048456494315881336
2019-02-04,0.015921445892954248,0.004213814366749522,0.002309345956561673,-0.0028691085570659337,0.007010864503422415,-0.00447401348793141,-0.0043467903708823,0.002359086293412469
2019-02-05,0.008379558837575013,-0.002679386748413765,0.0015360930669586184,-0.001437551545622677,0.004183083663165609,0.004556642755922133,0.0025781491687657575,0.003528161731413745
2019-02-06,0.0033610106301237294,-0.001150473953490921,-0.007396004633725191,0.004527115311711952,-0.0013192452450468942,0.0004957867884587561,-0.006781846869660092,-0.0009392245391051876
2019-02-07,-0.013809467371479355,-0.010027119871977056,-0.022363896003432294,-0.011077922944096564,-0.009578532524775222,0.0065885163972778694,0.0024273450059934865,-0.0034140437024810463
2019-02-08,0.005752677152530072,-0.0050514321430505625,-0.00459713737217513,0.0018920219514530034,0.0012210438709280864,0.004259202835665553,0.003791101346321012,-0.00023541858954957218
2019-02-11,-0.0004411146359051113,0.003111317618076583,0.0047551275503911914,-0.001223970722939816,0.0005542016825311299,-0.003931163088886428,-0.004923141507008373,0.0004711106347449228
2019-02-12,0.013156209499359209,0.014649701350791836,0.012571058637337701,0.01359964769283594,0.012777307156525348,-0.0025468001385764542,0.0021013677593768472,0.004821743429905346
2019-02-13,0.001305896992064035,0.0026754576367175363,0.012414661327752803,0.002194121542476453,0.0032418781893441663,-0.003791288272327712,-0.003963908091330168,-0.0014085029240168976
2019-02-14,0.0017389407025440117,-0.012288956756414907,0.00354097028016698,0.00229817660601604,-0.0022208062965900595,0.005681670955272654,0.005577307519395154,0.00011725988503943419
2019-02-15,0.007931543432114841,0.021029117400704796,0.01600776069866209,0.014974428746729797,0.010838295551773423,0.001558872957951149,0.005947180522781207,0.003166841320746538
2019-02-19,0.0002869696377262449,0.0015122174238921037,0.0030200027713539503,-0.0023724896320511312,0.00172907290235459,0.002537888908986328,0.015109582852092095,0.0003511078533888488
2019-02-20,0.0011479908149082492,0.006401779899174791,0.004213358372235229,-0.0011879389092236316,0.002013704386842032,-0.002865939410698817,-0.0017378437981698566,0.0008190553484731994
2019-02-21,0.0004305075170419804,-0.005268867894499366,-0.015586289740214752,-0.008793452545274529,-0.0035623394380469176,-0.008979291641770025,-0.011370537714508392,-0.0009359687384488306
2019-02-22,0.012679140125995884,-0.0015105866029317733,0.002893544107854969,0.009117745511299914,0.006180872800634529,0.005940231022224221,0.0035920768439101198,0.0019880830577592937
2019-02-25,0.004801684213062782,0.004148490667278849,0.0016713697879502643,0.001403465424348106,0.0013603542075768858,-0.0029656275849057347,-0.0010363715360959395,0.0008178504933796875
2019-02-26,0.0021111733806366334,-0.0030154814256235546,-0.00319321015007969,-0.0035669712771365923,-0.0007158510029031368,0.0049378378027065285,0.0016736332310033522,0.0012827378633199211
2019-02-27,-0.0009847284227568274,0.003768138889015425,0.0038001069702460945,-0.004667326510033591,-0.00042986638677342903,-0.011393462882791899,-0.00711234367844341,0.00034991874827526023
2019-02-28,-0.002818322615554253,-0.0026362468547638435,-0.0100642387762545,-0.0029417363182923885,-0.0018643431591759921,-0.0034103656475300143,-0.005629776625606553,-0.000582832174887445
2019-03-01,0.006750403433792923,0.006389830162595208,0.018223525407816184,0.014084938211044094,0.006224790660186224,-0.009286032135848724,-0.017163968380321165,0.0028305773549307973
2019-03-04,-0.0037917226983943345,-0.006389830162595218,0.001804513009487367,-0.013648216215235555,-0.003644288821859814,0.007806935792542288,-0.0026289836177433583,-0.0015195523667248332
2019-03-05,-0.002958680735398667,-0.0037779388779052773,-0.003310141866010834,-0.0005454611363714258,-0.0013606342105192304,0.002088279276675454,0.0013153870929190252,-0.000468044500004919
2019-03-06,-0.005235524707495148,-0.006455093007092186,-0.01274111842932514,-0.014730306268591778,-0.006075931549055311,0.003665089114607333,-0.0009041270457165541,-0.0016397853696413233
2019-03-07,-0.009550441617247345,-0.010339251599976217,-0.005970829680576911,-0.007894186498338836,-0.008400522875051181,0.0064636332039850275,-0.0008226265106168819,-0.0007040545899239493
2019-03-08,-0.00014322133282302152,-0.00038479918183227706,-0.018912497054937305,-0.002122818950210419,-0.0020015571040721304,0.004204004354583888,0.010886084259377201,-0.001643571163677942
2019-03-11,0.021259366083135185,0.01034270995935584,0.015528037339532138,0.011344732128693436,0.014396739127117,-0.0029659096112103415,-0.004896357818091546,0.0032849008396006476
2019-03-12,0.0058725942541422715,0.0022841191488735773,0.006450928661081633,0.00727319048388722,0.0037641538140137038,0.006988514757152978,0.006035459879402026,0.0017548316718894131
2019-03-13,0.006530886336978194,0.006820641544533387,0.01005318541954431,0.010702135767154565,0.006596922377408501,-0.0018862764047683062,0.006968612448215201,0.0026856560112094078
2019-03-14,0.002075537052150796,0.0037693951021674104,0.0010606384581449864,-0.001630690915150128,-0.0006395114089634267,-0.00724942960517429,-0.011614284265949192,-0.0006997586701356272
2019-03-15,0.012032425158459419,0.0069713819134339826,-0.0003970877512146125,0.0045867473309815845,0.0049283283755880815,0.006593031670864019,0.00456433710702197,0.0009329027886449966
2019-03-18,0.004237973025145179,0.010087682882097083,0.013795634893978488,-0.0015230199616814634,0.003619163757794053,-0.000575775358808569,0.0005690800870331783,-0.0003493479004319964
2019-03-19,0.002044369843371347,-0.007837056182006197,-0.0027136492827639753,0.007916481665512249,0.0002480501754332695,-0.002220884441585141,0.0027594883221057557,0.0005828908526288577
2019-03-20,-0.002726460565929758,-0.020822289239203623,0.008717789162014575,-0.006936903904718723,-0.0030143005106713946,0.010405977486088602,0.006463126873942885,0.0043030324206078585
2019-03-21,0.02480912979261624,-0.0030651947386094885,0.007009154873743635,0.003908090938888026,0.011231128913640013,0.00219829848095218,-0.004034541087699915,-0.00023241109856324786
2019-03-22,-0.02385413358058706,-0.028017336000404708,-0.027419581756859854,-0.01836923127647871,-0.019434022219769302,0.015415371901402837,0.0023420233902432335,-0.003604410784174334
2019-03-25,-0.004373781313932732,-0.004350419426334972,0.0004582840032843352,-0.0005521350358257838,-0.00075206697559471,0.001600561000858199,0.007633907060241407,-0.00034981553816642127
2019-03-26,0.005464327108420876,0.01182045703916265,0.014249126862087744,0.006822039990659892,0.007426470624067908,-0.0007198458519759685,-0.0049754946888428755,0.002444205648011979
2019-03-27,-0.005738429004928891,-0.004318058364556461,-0.007099144233973922,-0.008368861735982688,-0.005243192595097275,0.009159661821248374,-0.005243016760484571,0.0006973499854574011
2019-03-28,0.00410233027603249,0.008617466315458426,0.0037822587812891438,0.0025403315425323075,0.0037833877036631326,0.003483203571170607,-0.014253957303041619,0.0019734135875989355
2019-03-29,0.009777337966299862,0.002726324450724622,-0.0015112189842162544,0.011950974879083798,0.006286082749451765,-0.0009488961709116742,0.0009019770912032663,0.002547514143849005
2019-04-01,0.01355636015760534,0.024208934227373597,0.013071876780026742,0.0015244912375555516,0.011789394406777686,-0.01430580722161688,-0.003941890257643701,-0.0002446479891929367
2019-04-02,0.0034600728490805535,-0.0007598316397462816,-0.006890387208468359,-0.0022875154280326813,0.0004892553800303063,0.0018473909126041567,0.003695988550420936,0.0004647671723828586
2019-04-03,0.00807178070285858,0.003035043834223921,-0.009666000620235213,-0.001309867344555265,0.0015726685203863633,-0.00870522524546325,-0.0014767440573913667,0.00034822502392004815
2019-04-04,-0.004226122551282785,0.006042182290838731,0.008312615485577669,-0.0020771031804196097,0.002649919344620046,0.0028297287191410363,0.0025419025120261784,0.0015081737501350591
2019-04-05,0.0047528801809003434,0.0015047969924261175,0.017456526256114508,0.006871086358687379,0.004828282875788624,0.0012906879390947484,-0.001065158454634802,0.001852830970329797
2019-04-08,0.0038127955586954167,0.0011272975585567906,0.004427280465590115,-0.00021744873240823982,0.0007621972608001112,-0.0035536341082233426,0.004335552354601057,-0.0005787290179449414
2019-04-09,-0.004735178403097122,-0.00829560506317898,-0.01229712808483688,-0.0026127045090289583,-0.005137953471572993,0.0031501726830540405,0.005210460213684454,-0.0006941868457248525
2019-04-10,0.006963213578830409,0.003024634149917449,0.003719944176299645,0.0003269616167097263,0.003405358774404714,0.002417131874405512,0.0030808947099307334,0.004392035768435218
2019-04-11,-0.0013099011668083567,0.006021633826989358,0.000742160088531357,-0.012389537926823771,-0.0002777149192540103,-0.005890968727972195,-0.012872932029622242,0.001498694253459503
2019-04-12,0.006923671992883717,0.018219637822819344,0.002667876335477567,-0.009199621629700774,0.006743091608645516,-0.007148611116962552,-0.0009844542413608548,0.0014950524170749904
2019-04-15,-0.00039062267050605327,-0.006283505534408033,-0.005938179593334374,0.004000498274367688,-0.000654730491900609,0.0025242206416058385,-0.0018896884121835308,-0.0006893009791100661
2019-04-16,0.005066757903224067,0.013991356351992612,0.006530023988875578,-0.02073009095878087,0.0006547304919005866,-0.006281020317855264,-0.009004202217837268,-0.0005761709276730945
2019-04-17,0.005556565875799065,0.002556005114015074,-0.0013320263995928378,-0.0291807907685039,-0.002449786730144246,0.0004089990198386893,-0.0019104067944000637,-0.002420472943575394
2019-04-18,0.0028312566610403374,-0.0029217394938864075,-0.00475163309504516,0.0016310049827431723,0.001967014134683074,0.005221375646342176,0.0007480072379889946,0.0004615824881759427
2019-04-22,0.0023101943724372757,-0.0029303809533138426,0.020913918948466212,0.0005817075808691328,0.0008615636844505524,-0.004812391604341899,0.0,-0.001732049990931906
2019-04-23,0.010838542982638581,0.006216549854826893,-0.0016044630647042192,0.015695504789783,0.008951742926582391,0.0021236146826614163,-0.0020790892290242957,0.00346135993603954
2019-04-24,0.00038016381696964725,-0.001094004766615056,-0.017673502480418973,-0.001145620252567165,-0.0022217979038854497,0.008125281524603028,0.002909503431152912,-0.0013831193411745588
2019-04-25,-0.00025315180829246564,0.001823179314095339,-0.0031251051247999802,0.010264517337120888,-0.0006164514094420125,-0.001457626465587271,0.0008297251865102907,0.0004613373706772624
2019-04-26,-0.0038117084084691904,0.009066289052123248,-0.013052577869307488,0.009935716339385978,0.004646016685422286,0.0033980297659299504,0.006613259149985578,0.002532699722421657
2019-04-29,0.0002546353231202361,0.010057473446501052,-0.0009063306027680638,-0.001799157850444898,0.0015668285559138012,-0.006401173787010439,-0.004459139554905491,-0.0004603610054409906
2019-04-30,0.0016531898206057483,0.0014287931378148238,-0.0007561676644113534,0.0046040885653030935,0.0005099787388892826,0.005108190807519835,0.003057434262503009,0.00011539636948086987
2019-05-01,-0.0025444386092507857,-0.008242266870049388,-0.02016884009179128,-0.0017942104447957155,-0.007544654212830643,0.004116767978841985,-0.0066225029075604345,-0.0032859847778620513
2019-05-02,-0.005236198173265065,0.001078816254264513,-0.01759464173037758,0.004255692743700135,-0.002160959612102652,-0.004773530608675904,-0.003827907452540267,0.0006948223195447242
2019-05-03,0.009430273835425246,0.008946246345103728,0.009225105679126785,0.007570760623632776,0.00973994881042044,0.002834171596791944,0.005902166622599615,0.002545298130905464
2019-05-06,-0.007767035362817536,-0.00679170860163172,0.0009335057025890258,0.005089288935735742,-0.004123432476364186,0.0027458482656562283,0.0013252386046357174,0.00046140993637319136
2019-05-07,-0.021709008203762783,-0.016637246719233445,-0.008746001948406242,-0.01938802561826454,-0.016841065717788147,0.007632058037332681,0.0033055276063594123,-0.006021844015447102
2019-05-08,-0.0011764162625144425,-0.00219040444687876,0.0,0.002135715434221481,-0.0013900246381335123,-0.004330517982491768,-0.002478073455137969,0.0003483105184441805
2019-05-09,-0.006824006960079358,-0.0021956116523019647,0.0,-0.002135715434221353,-0.003030340212664167,0.004090404347877159,0.002395550981643927,-0.0015106495132015966
2019-05-10,0.003155394733145644,0.006571791633774174,0.004694801768097724,0.0003374808735203936,0.005010476065126351,-0.0013616099164350075,0.0018959191232165698,0.0027873471900828183
2019-05-13,-0.03840169162289391,-0.029544167188056247,-0.017323137647766922,-0.018961550125251764,-0.025451396452981417,0.007824600629667071,0.010159840539079522,-0.009204280862047729
2019-05-14,0.01596738336089528,0.00784022598460948,0.012157715160079307,0.005030974456181022,0.009003226674237466,-0.0029469163476202463,-0.0017133695443152437,0.0022212910791835805
2019-05-15,0.010815236929437453,-0.0037256750686194082,0.005165422487687532,0.002960812503421094,0.005840142047668068,0.006123556601265948,-0.0005717761663673002,0.0009337589816564385
2019-05-16,0.009121720639184453,0.010028058039842217,0.005449623439352271,0.007815633101076745,0.009218470436600143,-0.0033355194506628715,-0.007216080906090217,0.00302893331248639
2019-05-17,-0.008059619773892855,-0.0066741320541090525,-0.010144425207450057,-0.002146038054710769,-0.006485760067013715,0.002224964522307338,-0.007102776783024275,-0.0003486621486961465
2019-05-20,-0.01753134047202944,0.001115561155901413,0.0004705636328988155,-0.0004525539674371534,-0.00663433645381874,-0.002066085325290038,-8.290551782707826e-05,-0.0009308736035612251
2019-05-21,0.012210927836132209,0.01035096658180542,0.011535578561196608,0.009345481268148279,0.00897539265274774,-0.0015917792583060011,-0.0023236423674714048,0.003139190802556571
2019-05-22,-0.005214914195942028,-0.005901608571459487,-0.015620512153152254,0.005699362765291588,-0.003076133714530223,0.005719542826041939,-0.0009975291545631813,0.000812329194305639
2019-05-23,-0.017719002432304818,-0.014158498168927081,-0.03410781107469861,-0.0034606058485181796,-0.012293594125257545,0.011184340230428956,0.007704775453647589,-0.005000752719030638
2019-05-24,0.000272647444937531,0.007849260655504703,0.003739285421061233,0.0014526770101773519,0.002265523318703464,0.0008615729945376573,0.0010723379767872785,-0.0014003701719553085
2019-05-28,-0.002868735172535419,-0.011608961011271476,-0.010440412621942825,-0.014395125029223282,-0.00934393943590241,0.007173695730222857,-0.0038822269155751525,-0.0009344133393072795
2019-05-29,-0.005900668423816018,-0.00188446582752304,-0.006415873570374118,-0.009675093214385685,-0.0067335047709882355,0.003025868124122158,0.0003309964016131658,-0.0026912960647570553
2019-05-30,0.006174357823616087,-0.00340210179361697,-0.012789799087108445,0.005475155862705215,0.0027275468577653917,0.008562066896477248,0.006761236816409685,0.0021072143003977254
2019-05-31,-0.016828126823475245,-0.01526177056766879,-0.017708679669079914,-0.007192406623784533,-0.01356689727873348,0.012441233223237598,0.013386857013473643,-0.0072765355870473255
2019-06-03,-0.0176822977503424,0.006515085465815651,0.012680799443582696,0.0024034835482062765,-0.0025462597846170275,0.006666961072898092,0.014329650783140814,0.0016078102829613172
2019-06-04,0.0328674973214078,0.026758281164325572,0.01715699248050234,0.01643725610031746,0.02147460580024141,-0.01146705878908471,0.00031967486235552026,0.00999164475547595
2019-06-05,0.012931581659865906,0.006302382971222854,-0.011126685152648289,0.00750489724319709,0.008624622926763942,-0.005667632547889658,0.002553665830468566,0.002335675694818719
2019-06-06,0.011563546117166949,0.003688408622522926,0.018367250323401526,0.005119967791731479,0.006481737818157911,0.0032206554591235736,0.0032623544765036684,0.0020986731330129424
2019-06-07,0.018412640992711893,-0.0014735868075692784,0.004580562917391632,0.01038243442725877,0.009957416016401547,0.008614712049792356,0.005624438342681366,0.0025584766636889992
2019-06-10,0.010185637617890592,0.008444955768661791,0.0029332777039962183,0.002962350663147152,0.004578355085271969,-0.009457160865179387,-0.010003215486538885,0.0015090507879661214
2019-06-11,0.0,0.00036560066713643187,0.0019510896632529832,-0.001644855670139373,-0.00024223397528485741,0.000612715241427581,-0.0011975692988471266,0.0013901605039846848
2019-06-12,-0.005602173137845836,-0.009917313974849233,-0.014231159976743223,0.004817020618133119,-0.0017665872979403443,0.0007655970719579009,0.005179100221238763,-0.0023190271017318473
2019-06-13,0.0030002448619097324,0.0033166046449580136,0.011628888668761264,-0.0012021285899404665,0.004117504824661357,0.0034375629444427765,0.0061006935016299476,0.0023190271017318456
2019-06-14,-0.008765687472797597,0.00220473464072511,-0.006534815986893293,-0.0022984705510048138,-0.001105198571820547,0.002513174119046555,-0.0003160129284807664,-0.0006948386837335186
2019-06-17,0.0007882828380196653,-0.009219698583901871,0.008324524874086416,0.004482701167850707,0.0003798522392377456,0.0017481495151248166,-0.0006322652864021801,-0.0015074284540492334
2019-06-18,0.01795752896759289,0.013250072605931648,0.013722292636413566,0.008473808758190014,0.010416555224788593,0.004999455270497307,0.005047324392238259,0.006939443928950514
2019-06-19,0.0036045917712168945,-0.001830010985165558,-0.0011232543210165425,0.008938772955066232,0.0022547253249071246,0.001434749400222811,0.006038970838080658,0.004714401491372641
2019-06-20,0.014542925506588353,0.004386016099180739,0.021909135869183683,0.004386105967813834,0.009508778123186729,0.0026370394055731804,0.024866155493817887,0.005035049369209356
2019-06-21,-0.004739281831529138,-0.0022381565789409683,0.007200436546298009,0.004791504277053003,-0.0014539911942937807,-0.011047359460441603,0.00661369341666817,-0.003201079301930838
2019-06-24,0.0019132647043391803,-0.0040495477892847605,-0.009008428658217564,-0.0052417090929380355,-0.0012257715056426016,0.007428562277004401,0.014741593126273352,-0.00011475614645384128
2019-06-25,-0.018523400941432337,-0.003325215872499709,-0.007969387552727093,-0.004083592801369042,-0.009856235254660561,0.0030920570131273816,0.0019392450876947497,-0.0042458677143396755
2019-06-26,0.01071873810196282,-0.0018521400258516595,0.015245652301413939,-0.012679694820504414,-0.0009981139446387463,-0.006420245986197234,-0.009207653748305768,-0.00046073197288380523
2019-06-27,0.002565774857855925,0.008859135873299855,-0.007435109166189706,0.006955436685222005,0.0035399378474056642,0.007022261937808778,-0.0009781791081800058,0.0027579421491796966
2019-06-28,-0.00012808583822185069,0.014231334941426655,0.011524297190316586,0.003352394431378936,0.005132465665846791,-0.0006774068745242192,0.0027063662544696662,0.00034439721237791796
2019-07-01,0.01576434914798299,0.011885612545538578,0.0009413702677679343,0.004953001539026545,0.009037735328673668,-0.0023416215854211867,-0.019559428102497136,0.00029914440397396885
2019-07-02,0.0026455222611854717,-0.002509367950415356,-0.016124167333526257,0.005356021455144502,0.002600861666555653,0.007683774600978323,0.02113481354805423,0.002185914827297007
2019-07-03,0.007644555997960649,0.007865716812760923,0.003975998660288487,0.008510754047125054,0.007963548223839306,0.007103333032110034,0.0016477026920105947,0.0037852560874251347
2019-07-05,-0.0018744589692323685,0.00284483640536046,0.0014276629701833418,-0.006909397701168748,-0.0011389703524734521,-0.013351878438476543,-0.011212861349998495,-0.004014668511273895
2019-07-08,-0.007659361990458115,-0.004983826083521286,0.0014252989479440993,-0.007494726838790112,-0.0055100396138851055,0.0013588620273862011,-0.006453396174434407,-0.0019565024034481743
2019-07-09,0.0035232848383031554,0.001782718933167668,0.0007912933993162485,0.0009667077399877375,0.0012456586880878113,-0.0003770089098876621,0.0034976216131429347,-0.0011519895483428433
2019-07-10,0.007881185476324978,-0.0035689314483705425,0.012728863643894429,0.0034297157893151734,0.004767250244523254,-0.005522318912784095,0.015664164068756106,0.002762925237614878
2019-07-11,0.0037313357797038008,0.005704038356378404,0.0020278475893042904,0.00021401299420099732,0.0023412831317397194,-0.013440184857985678,-0.008479433149487648,-0.001956550442294794
2019-07-12,0.007298167881236633,0.006731661280592804,0.0041989118668370054,-0.011187634325100868,0.004466719185465436,0.001152515935916627,0.006235244213343071,0.0016120571465891426
2019-07-15,0.003321976982323107,-0.005665661038246797,-0.00904143579585305,0.002161545300259429,0.0003328698710798315,0.005743021690826931,0.0,0.0006900600098818391
2019-07-16,-0.009379286567991562,-0.002489001039137877,-0.010705480703498792,-0.004978306486189306,-0.0032304524809544915,-0.002982390834314676,-0.008498565150237166,-0.0020714216140495577
2019-07-17,-0.0026071202888633964,-0.008580481227231216,-0.011461344054618482,0.00021670568599894656,-0.00682850464877861,0.01073968255852004,0.01633123396202252,-0.0012683200268147077
2019-07-18,0.007431169626864231,0.007511977396939807,0.0001603329676151622,0.005624672148010677,0.0036543722450221388,7.592110868097597e-05,0.01401922107283276,0.0004618167100246785
2019-07-19,-0.004328076635129064,-0.004285624130450147,0.004631394349850813,-0.010407747235043539,-0.005570468991039217,-0.002351179692018187,-0.01483691752503857,-0.0017310540915282193
2019-07-22,0.011459509838289538,0.0021451852569225713,0.004609961037025038,-0.002073111979453029,0.002453567150257438,0.0018967587968521556,-0.0001487748968767623,0.0033430967062991904
2019-07-23,0.005498242960620529,0.010303706829560043,0.0026927076534618137,0.006205371209337765,0.007124684066836065,-0.005471969012168694,-0.005668654760058427,0.001725469786233194
2019-07-24,0.008251399709210516,0.010199152905711665,0.004261791766105422,0.0005426547382329593,0.0046884536613278896,0.004334556146712408,0.005073447292028362,0.0008041304704277417
2019-07-25,-0.004117140069171241,-0.007022670588678716,-0.011405059288473669,-0.004893125683367103,-0.00478880107359216,-0.0047919609260643516,-0.007095118991376651,-0.0013788517461225242
2019-07-26,0.0021817333859089176,0.01086387689694547,-0.005111071478385561,0.0035904639605016365,0.006677781128250597,0.0023608097976578354,0.00164757936404381,0.002181897839844847
2019-07-29,-0.0006054671237216679,-0.007697604867616317,-0.004011669420165149,0.004118932280192621,-0.0018227730272728777,0.0003036544288178733,0.006637600502192369,-0.0014923597199352498
2019-07-30,-0.00644191354821396,-0.0028141974704516087,0.011191656693892658,-0.0043359439484924305,-0.002457628882275634,0.0024307648585670328,0.0033393742390960437,0.00045957431664992495
2019-07-31,-0.015235557961116256,-0.004943503897443269,-0.003184843896219182,-0.009935088247276286,-0.01100042283620748,0.008008428557350943,-0.013199706898717264,-0.0017240386409116066
2019-08-01,-0.005088975428859834,-0.022915355741104683,-0.022908065846193808,0.0013159450900530497,-0.008746531096904013,0.019665632973639696,0.0237382025873749,-0.0004974899843179226
2019-08-02,-0.016435943875619568,-0.00036225813720998454,-0.014464303448419336,-0.002304065113560501,-0.007557891608651177,0.00919872004741839,-0.003819352910475418,-0.0015029525509943106
2019-08-05,-0.04264239725234414,-0.0339016139287647,-0.030254403663805527,-0.023783933030430825,-0.03053475545201304,0.017140853488979153,0.013885007839557597,-0.010472695115569775
2019-08-06,0.016497039843438838,0.01598849901238937,-0.0011952969512309369,0.012851486609855847,0.013925413264266627,0.007961415689186051,0.008095529492025941,0.0064127712315122974
2019-08-07,0.006213612346775708,-0.013368211020294873,-0.007545983924223261,0.000332976250057657,0.0005910333494590161,0.0003571763476945816,0.01507548681526026,-0.00011622954159961226
2019-08-08,0.024223405729218047,0.01888596905844835,0.028343089238528015,0.013231852321518932,0.019429869461752257,0.0021395934582917726,0.005022054446004403,0.003944622848336204
2019-08-09,-0.011401150460745867,-0.0033068883752183833,-0.011105635552437262,0.0012044074397127408,-0.0068347998464333305,-0.0019966926931998955,-0.003321683939870917,-0.0013904363507190021
2019-08-12,-0.013209444310155154,-0.01932453575831854,-0.011915028410346246,-0.009785250089280401,-0.012248130547284441,0.020635181149377874,0.009651773675578623,-0.0034843197939208575
2019-08-13,0.024736808533547577,0.012306868203477917,0.009204095288661273,0.01295327296301981,0.015432163270991802,-0.003433430004364831,-0.005977346952418699,0.004411660013393389
2019-08-14,-0.03121289967558147,-0.03776886154304943,-0.03998093810261622,-0.028205528110437143,-0.030013597557451487,0.022279887984447116,0.00681829671908825,-0.008959482952116639
2019-08-15,-0.001820665285068973,0.004991439143079328,-0.006199689729073689,0.0034717734936020603,0.0026381029366336186,0.011057987958076339,0.006632923311853109,0.002917419160926581
2019-08-16,0.01882723765677801,0.017464203527681972,0.013062634733750815,0.012222597176186309,0.014647293816054736,-0.008042860331990493,-0.00642279632319684,0.0033740496742782613
2019-08-19,0.015087442671277925,0.01011077084416316,0.0218570667334076,0.009561876783173438,0.011975871470847943,-0.0144061338615854,-0.011765243129746363,0.0028994001764556603
2019-08-20,-0.005046004588259326,-0.013503682477864465,-0.008443181005140271,-0.008568587080229206,-0.007692294416976899,0.010291847959744518,0.007765153200510364,0.0008104989208025508
2019-08-21,0.011693331748670316,0.004521383098529884,0.006381932115284374,0.007364443225122016,0.008102998510454802,-0.006687452422333883,-0.0031694374885161206,0.004272131423679291
2019-08-22,-0.0023780966284890495,0.00674429733834073,-0.004480459222974509,-0.0049403062588458495,-0.00030806991216923946,-0.006662762078535336,-0.002542737809443374,0.0018421725597901266
2019-08-23,-0.033637871000397786,-0.02572021190325971,-0.034080138381246704,-0.02338371423095516,-0.026023124105079676,0.01630070399128447,0.0194004358255685,-0.004611433316197007
2019-08-26,0.013769848235922096,0.009533255031919381,0.004279446241408408,0.01042338156897027,0.010997553748131573,-0.004050476087208172,0.00013874512727632068,0.004955893039344413
2019-08-27,-0.001534583291531462,-0.006090698339016958,-0.0062471822569685745,-0.005926888930366136,-0.003930952455384077,0.015291408717428626,0.009525229640210546,-0.00045972274079209854
2019-08-28,0.0008957530628131305,0.009122110564033838,0.014222573135457175,0.007263808070646698,0.007016547849291965,0.0012863271605108562,-0.002820513317677276,0.0024126866401362954
2019-08-29,0.017243632647142536,0.015020893997325865,0.014544981450085434,0.007542929592988915,0.012692227115245982,-0.0037965303825095668,-0.007190355573252848,0.0010315262097384606
2019-08-30,-0.00025145857042193617,0.0033488049452635787,0.0,0.0012150486989162686,-0.0004441822400367911,0.0002721026594457122,-0.0025705723222454796,-0.0009169150516618017
2019-09-03,-0.012271704685545004,-0.01045580120566759,-0.0048831604248124804,-0.005867373823315996,-0.005864633251155064,0.0012919001822233103,0.013817145553141903,-0.00287341671514753
2019-09-04,0.016913230171474287,0.009712411913769805,0.013889309971652141,0.0006658630219830232,0.011286183753589338,0.0014929071549442251,0.006224182405113975,0.0020783509462309548
2019-09-05,0.02068589017127638,0.02023999782362561,0.012337175825193955,0.009826493520903114,0.012773711812936865,-0.018276108616297717,-0.02429383958928248,0.003912521834353823
2019-09-06,-0.0008587194648601386,-0.0003644489955613052,0.0052657353272427525,0.0027428869205790452,0.0007719477613369701,0.00708960117163762,-0.008559662387184017,0.0009184094952316321
2019-09-09,-0.007512645573459956,0.015190293640089742,0.019792091758438542,-0.009246226064099921,0.0005031085917684752,-0.017924746915055093,-0.0037414803722944866,0.001031970825475195
2019-09-10,-0.005081607507811702,0.003582919923295756,0.01172323797016228,0.0028709093348685375,-0.00023427756797687053,-0.017683207581480866,-0.008594766463448816,0.000573559980493946
2019-09-11,0.010383009722500433,0.005706226728575854,0.000984461777990107,0.009874992540682467,0.007085632795179678,-0.0017788410799850288,0.0060453662250154515,-0.00011508254053688779
2019-09-12,0.005396609957461931,0.005319946401449695,-0.0062509843900640984,-0.0003274286134314096,0.003457725706333821,-0.006572374823612218,0.0020542492696135994,0.0005734210992091487
2019-09-13,-0.007365685565339889,0.00775200609636603,0.00788980171543885,-0.0005463895932945206,-0.0006638729623927169,-0.021590227764169165,-0.008313640257218174,-0.0018339330674078285
2019-09-16,-0.002467534309599389,-0.00351622596905257,0.0330112883811937,-0.0021879857562292306,-0.0030942552799804153,0.012663018032999296,0.008313640257218249,0.0035500607722898105
2019-09-17,0.004067859040950158,0.001056090374465404,-0.014037360500392079,0.0015321674903663793,0.002528983545578011,0.005409248501406724,0.001979350045407386,0.0005715536118519361
2019-09-18,-0.00012298037731636169,0.003512748870494915,-0.00483124755805057,-0.00010914187841384771,0.0005981903381191895,0.004234596538254341,-0.006305141849164153,-0.0005715536118520536
2019-09-19,0.0022124291267386913,-0.004568839244960427,-0.002585720138588279,0.004691329529534123,-6.651013274245278e-05,0.003003614438011707,0.004042645700960864,-0.001143778487597495
2019-09-20,-0.011730341251054415,-0.005894107348986447,0.0008161389506816123,0.0055587643839764824,-0.00473603722641069,0.013124449090300474,0.011751169204553406,0.001257979254029908
2019-09-23,0.0031101195521916402,0.0017789398697026814,0.00032620202502598806,-0.005340115559177367,-0.00023471341779602139,-0.00021182251717460123,0.005580782257567522,-0.00045731455805655735
2019-09-24,-0.00973533709200992,-0.009644601591783137,-0.015950289667615476,-0.009221746525115697,-0.007877891854005531,0.011982420896604916,0.00527299162043293,-0.0013730139132578313
2019-09-25,0.011844562721579284,0.00822161087714401,0.0016562733741372888,-0.004864520746898522,0.005897400984076022,-0.01473538246078324,-0.018719501081169466,-0.001031898539166183
2019-09-26,0.001114638822175388,-0.0046385615308076,-0.013159235907660286,-0.005556771903807356,-0.0020854290457215335,0.006412021501819826,-0.0002821278180384957,-0.0006879242878164599
2019-09-27,-0.013461208290541276,0.003926382901235631,-0.00016762740444491403,-0.004467680693471,-0.005401704904648752,0.0024547987594587006,-0.005161727926224835,-0.0011472824116369946
2019-09-30,0.010485671909712682,-0.002496857930279177,-0.0072373840187414905,0.008915584620149426,0.004627083816173138,0.00244975391145967,-0.015647105922203676,0.0011472824116368992
2019-10-01,-0.009356991339587766,-0.021296699728505758,-0.023413848921205987,-0.009811731283171319,-0.011965831552117114,0.0030054730709645466,0.005457893373498284,-0.0023059005564049087
2019-10-02,-0.01898060479652729,-0.020641985478009613,-0.024861071311640812,-0.014673096096211289,-0.01782278220129029,0.0024401591506240743,0.011606023170116823,-0.005905381553657118
2019-10-03,0.012188925800125868,0.004088451481566281,0.010755547423052816,0.008942178014617578,0.008159488022848164,0.009080689417871587,0.004520416059329575,0.0005806872960056528
2019-10-04,0.016397036931167598,0.018376153716921338,0.006294016845637647,0.015542649364764915,0.013441441924915788,0.007356446787297111,0.0,0.0031286506871270056
2019-10-07,-0.004229940196683539,-0.005111240829881101,-0.008928200523309546,-0.003334285525710822,-0.004323826614786619,-0.008322873326591087,-0.00856363541098911,-0.0008101413717364678
2019-10-08,-0.018496795579441044,-0.01996390219511707,-0.017203514448350866,-0.019219602758969778,-0.015646663159864273,0.0026900406543589163,0.00870459991703739,-0.0037124125191880727
2019-10-09,0.01474956068462042,0.009292439160593033,0.009082150702970063,0.00723695118100051,0.009451540920410888,-0.005664677546334186,0.0009156241246349503,0.0030172865762617507
2019-10-10,0.006858989170321501,0.01030540096851575,0.012507972916681768,0.0049446941127779575,0.00674080110776623,-0.015006147455918177,-0.008767683192965708,0.001273446512787482
2019-10-11,0.013701601247062545,0.0123726357762021,0.013390250750933955,0.008261990811185858,0.010313533463847387,-0.012454459523519257,-0.005554769940672898,0.004157741496370524
2019-10-14,-0.0006131155863452377,0.001445540663730544,-0.0005185306364610422,-0.00044498146565776316,-0.0011145787414845666,0.007236467521527349,0.003991150393420187,0.0006913621182807979
2019-10-15,0.010979463847974479,0.014342243023835622,0.004139496357023533,0.018077833120485554,0.009851816198820288,-0.012161611712471246,-0.0069950016712766044,0.0021860001758545536
2019-10-16,-0.00693939676302096,-0.002495078135029669,-0.014039598962568109,-0.0013114340126348565,-0.0016076721331104132,0.0012160840589339132,0.005713914835703777,-0.0008047082338474463
2019-10-17,-0.0019570455026510078,0.0007136796601137598,0.0006980704686463656,0.007410612155520728,0.00294514705006395,-0.0024333191329988057,0.0014233647353723328,0.001379138997719112
2019-10-18,-0.009593737358261011,0.0024929935890079832,-0.005246813854343407,-0.003698255494440314,-0.004386910872305907,0.0,-0.001067306413452129,0.00022956854738155876
2019-10-21,0.010694997353317312,0.013778907611095495,0.017727337057506655,-0.001090740854134269,0.0067566440550527055,-0.007550826753792022,-0.004781550075213642,0.0003447799014851409
2019-10-22,-0.01354205035341865,-0.002811134597326563,0.012837181578844392,0.002179643163757684,-0.0032722202772711992,0.00583024327635031,0.0029287043785159624,0.0002291274861370803
2019-10-23,0.0008671485812646231,0.004213895055298273,0.008298653851842128,0.00618580951822937,0.002905127556280776,0.0010040719187610068,0.002351027592914482,0.0009179627733384027
2019-10-24,0.014507184711587516,-0.0014027604579717335,-0.004225373280046865,-0.005097720531039494,0.0016328140704418646,-0.002009747993879196,0.007090719694468963,0.0011457759508986516
2019-10-25,0.012011517301678645,0.004900060834363719,0.008097121685186537,0.001086813663001885,0.00408648719523239,-0.00489637943479229,0.0023289599557340403,0.0008014231195294879
2019-10-28,0.01258319775443136,0.005224059463696365,-0.005728709958640471,0.01026656367620544,0.00562028246425764,-0.00913812434746611,-0.008637230479381003,-0.0001147228666875593
2019-10-29,-0.00909227404053333,0.002428352219583438,0.004047352105388008,0.01409219088378038,-0.0002963462673980127,0.000655739002923395,-0.002776885194246242,-0.0018324762037406593
2019-10-30,0.006110402681086634,-0.0006932454349570272,-0.02057359682000761,0.00560287298703963,0.003062247658261615,0.01452813953863584,0.005475210184932403,-0.0012624161768944272
2019-10-31,-0.0005974620334524108,-0.004866221368880255,-0.0043042915546339655,-0.0011604210043835946,-0.002666880672495327,0.013399754345107633,0.009948844935468628,-0.0034497716222616583
2019-11-01,0.01188098730814898,0.014528120782597846,0.02251905436357945,0.0012660024117935997,0.009221579748009084,-0.003083225014016917,0.0009123470738276627,0.004282554067505184
2019-11-04,0.0051833218970935065,0.008548760797704062,0.03203835566944796,-0.0030615247421021843,0.004009839717415351,-0.013248341163327307,-0.0028801514371747305,0.0020710609881873358
2019-11-05,-0.001175938255893347,0.003738089622604597,0.0013061644072498658,-0.007109295959830844,-0.0011066946536270113,-0.011310012422683383,-0.016312331868591004,-0.0010351487279255775
2019-11-06,-0.0004706298176116601,0.005075363578861271,-0.020605520665577737,0.0034017201188469384,0.00022753444452726365,0.00603257723140576,0.004281068530555171,-0.0011512172905729888
2019-11-07,0.007854381762441399,0.007397525701537001,0.014878603116950197,0.002226140427609649,0.0035109238818774717,-0.01828450010325239,-0.015643205521891117,-0.000461043830552084
2019-11-08,0.005589138097353013,-0.0003350305283579413,-0.004110901761713619,0.007279597482749448,0.002462911583675009,-0.004216040295347959,-0.0063847338065501705,0.0009218133968080867
2019-11-11,0.000464346693306773,-0.0026846548846284476,-0.005617703838057606,-0.004108174801027805,-0.0019116392126480985,0.0006669486368018956,-0.0024048241483873045,-0.0005759023840219657
2019-11-12,0.0033600572990877243,0.0013432645282637301,-0.005149997517178936,0.005998598808918437,0.00210573004353013,0.004582194058938618,0.002695874927586959,0.00023043784807720653
2019-11-13,0.002195629028293618,-0.006396474224457051,-0.0043399451466325486,0.0011532489709782754,0.0003239076736181815,0.006467749806695721,0.003994072881030811,-0.0010374196917866502
2019-11-14,-0.0011551601273387846,0.002024523450610951,-0.0026800678841018806,0.00010487242386538185,0.0014543904349911822,0.010276264707525599,0.004194711040663475,-0.0005763899608719097
2019-11-15,0.00805629571723124,0.0026925698800925064,0.007686034887249932,0.021049417824774496,0.007210470822492314,-0.001088288820563316,-0.0025291110010524226,0.002994828824927023
2019-11-18,0.002975995453678755,0.0020147887497375815,-0.01222512546690601,-0.0033920841938497735,0.0007374261065612464,0.001813090709544522,0.002962025072169786,-0.0012660365110325137
2019-11-19,0.0019406159731483166,0.0020106653770191993,-0.014938272670742356,0.0067720903384447155,-0.0002883857009292436,0.008298769808201333,0.0005049030061831341,-0.00357695239217424
2019-11-20,-0.006063544723314713,-0.00469780847099803,0.01004002320460817,-0.0013304691219540447,-0.003726042126077257,0.010294562666664578,0.0005045382424530197,-0.0020820044735536175
2019-11-21,-0.005061895096249745,-0.0010096338956660574,0.016290671148148937,0.002556964983383941,-0.0016102511396337146,-0.0062789463716197026,-0.005492097356825017,0.00023147895012416215
2019-11-22,-0.0012698136495980054,0.007379938138456319,-0.003337078535494241,0.0035683857046595554,0.0022215752712631126,0.001287774082478848,-0.0018857951599790925,0.003814101621791551
2019-11-25,0.014446839896800616,0.006330194961985629,0.001002155922200454,0.011635547641870296,0.007720438120529291,0.002926028742630308,-0.004803179633254922,0.0026494165149523008
2019-11-26,0.0009102935542416033,-0.0009965991478888324,-0.00922577222716957,-0.0008048130553463275,0.00226287650547501,0.005828059333911738,0.004803179633255016,0.0011500079522758586
2019-11-27,0.0055568662886820806,0.003981236240709503,0.0025245018721143523,0.00512096661618812,0.004447798082410828,-0.0029093922014972223,-0.005314014225370608,0.0012631504581178473
2019-11-29,-0.0029448019598725056,-0.0016570477233708851,-0.010136997067787621,-0.0035119019563531165,-0.0037158532966622953,-0.0021343587050836276,0.006184806112979683,-0.002183162120501117
2019-12-02,-0.014395210798209745,-0.006321482263415591,0.0,-0.004432055752563692,-0.008530805030540656,-0.013423001766824432,-0.0005079436043828876,-0.0006816838707192002
2019-12-03,-0.00890033639646181,-0.014117970537136367,-0.01505575138001751,-0.002223588526952485,-0.006729247614888707,0.02075080678202427,0.009534253178573626,-0.0013875293746942658
2019-12-04,0.004055481128205141,0.00943401955849755,0.014886163708748186,0.009266137107636237,0.006151581663261467,-0.010035826773843067,-0.0013667767637935283,0.0030037196257828463
2019-12-05,0.003693525216579372,0.004683950978638944,-0.004767017189705417,0.0,0.0017963152657920337,-0.004875501416248298,0.0005757184354598549,0.0014992838284259799
2019-12-06,0.010999053797411649,0.013262521366265318,0.01893227238329232,0.006594119112788428,0.009092730960870725,-0.005549901591763472,-0.009977704836757457,0.001380992166071927
2019-12-09,-0.00525542867912792,-0.0023080935247713308,-0.0011726675700700182,-0.006995757408902323,-0.0031494155841784908,0.002165520939399931,-0.0002906488870483782,0.0
2019-12-10,0.0008015109672256743,0.0003297694429235537,0.0020098642245424845,0.002204242369309343,-0.0011154104231284492,7.209230728607594e-05,0.002830699660654389,0.002412938979488253
2019-12-11,0.00673001684898519,-0.0023128833926798387,-0.0016747499069803106,0.0009001276300499106,0.002834493254072449,0.007830347766720435,0.006861935627691577,0.002063644435783399
2019-12-12,0.01062998508857005,0.01932904245378483,0.01826689216681329,0.009255111214148641,0.008582156423313255,-0.016594805281740406,-0.0035334849047766476,0.0022881310925685515
2019-12-13,0.006614664395709512,-0.003575413707137198,-0.0075982633900066356,-0.0006933243275726396,0.0005990676072435019,0.011501374279211074,0.004468872836715887,0.0010272637910656507
2019-12-16,0.008900013320597519,0.003575413707137248,0.013341323707955047,0.010746637539220836,0.006846328015893722,-0.009030801230967913,-7.198939739749056e-05,0.001938879674606487
2019-12-17,-0.0023283674630257636,0.003886180078812623,0.0006541728363646912,-0.0010792140934095234,0.0002187598614100115,-0.0013797030952281098,-0.00021577975709612248,0.0030711055264241284
2019-12-18,-0.0001113512674524318,-0.004210874391974481,0.0037535887527466037,0.001373343183566697,6.279403861929004e-05,-0.008246394802521907,7.200493236905694e-05,0.0018153210541941589
2019-12-19,0.00719099620635693,-0.00032451984921680853,-0.0003262266469263327,0.0039139767554776965,0.00409064184435314,0.0015985877177537011,0.0025862126377012157,-0.0005234381456742677
2019-12-20,0.005788967546815489,0.0011740838336023651,0.00954676142973466,0.007055033020210732,0.004374715557996777,0.0013179456266762346,0.0010039397404910592,-0.0014805561334008174
2019-12-23,0.0028546736122800867,-0.0022839004671865713,0.010215164710452489,0.003984174441786444,0.0015264583124550667,-0.0014646851561230482,0.003077203372165587,0.00045513552239187223
2019-12-24,0.00032868194604763633,0.0022839004671865396,-0.0004841518868077056,-0.0012613618425397339,3.108340910824408e-05,0.002854499708688756,0.009387789011397068,0.0007980513215192728
2019-12-26,0.007425727132138938,0.005525948679180802,-0.00032265141939549167,-0.0006799877898878794,0.005309583942939072,0.0024087309203828853,0.00782659080315549,0.001478824382806296
2019-12-27,-0.00010885481421159291,-0.0025965815530558526,-0.004206447690547682,0.0002912323482644196,-0.0002478943600077769,0.0010931505201765097,-0.0003512560225688557,-0.0004550696637395897
2019-12-30,-0.005783423185845344,-0.002929367126124944,-0.0031609570142808545,-0.006021325809891743,-0.005528874237243698,-0.003647956464161493,0.0021055808220621446,-0.0006823866801652171
2019-12-31,0.0031683993543931838,0.003254439410533949,0.005678922766756774,0.001964925719797622,0.0024265030073465656,-0.009842646802137908,0.001891143454574884,0.0009099473980845359
2020-01-02,0.018589131690343336,0.009699213493802088,0.008953987514932501,0.0026474121109100915,0.009308403581367598,0.01123006679139816,0.007320953634035891,0.004198448219976143
2020-01-03,-0.011306718074332624,-0.010674468575260184,-0.0029759269916617105,-0.008752401095523957,-0.007600846325567,0.015283210757511134,0.013181265882528811,-0.0010198351469550367
2020-01-06,0.0023796440877524696,-0.0006503964539579908,0.007751316169870154,0.006203353584143956,0.003807851117782061,-0.005694956097683577,0.010434868967011986,-0.0010202113397648374
2020-01-07,-0.0004322178723450102,-0.006529725103844289,-0.002632051196246026,-0.0019650643687579798,-0.0028157767092078377,-0.004927330988705635,0.003927428056507489,-0.0009078635864959981
2020-01-08,0.010643405273853929,0.0065297251038442475,-0.016608703936101823,0.006470499354141251,0.0053152297675338215,-0.006633325939329679,-0.007529802584635164,0.0009078635864959847
2020-01-09,0.011272010948807773,0.006163591366476073,0.007341829957861373,0.004290659926139948,0.006757681752732155,0.0035041043472427294,-0.0056676844863565315,0.0026064605377380634
2020-01-10,-0.0023293489852382956,-0.007466423336683756,-0.005668507791068396,0.00029163120890566586,-0.0028818592091293996,0.00885163229886348,0.006008107616788398,0.0003390797384363541
2020-01-13,0.012429329099656498,0.006819395731490214,0.00033427908214655127,-0.0035078372020692925,0.006853827453186531,-0.0030382975747857443,-0.007447144703816297,0.0
2020-01-14,-0.004721537484030401,-0.0019436680189364975,0.0001671803207356987,0.006034017523665704,-0.0015257037938457715,0.005130323737139537,-0.0008919411826434922,-0.00011283297266275499
2020-01-15,0.0011561988962429828,-0.0055273262734609275,-0.007380170987041331,0.00859882573172666,0.0022572603843081696,0.0066103488427472394,0.005817289492435278,0.00022643664488946133
2020-01-16,0.013357253069197963,0.008764769751990188,0.0016822972678998017,0.005181225077223687,0.008283892303479916,-0.003156091444171038,-0.0015707412123407796,0.00033904679010779957
2020-01-17,0.006715295635102489,0.0029044400112159157,-0.006407189124503016,0.0,0.0031080045921334384,-0.00858458113571581,0.0018437252860089575,-0.0007917302007708199
2020-01-21,-0.0004121685874234954,-0.00841419998108405,-0.018092258230417154,0.0010521739430600552,-0.001960181545104031,0.010450730080375734,0.0010909837309721073,-0.0021530793226772855
2020-01-22,0.0035987468544952292,0.002920741501026238,-0.009691890641982646,0.0012421113002158127,0.00012044452004852357,0.0035068756391849385,0.0003405975107135845,0.0018134020779160427
2020-01-23,0.004710461936507127,-0.002595669216617233,-0.0038335438740378647,-0.00507364188493296,0.0011464697254466778,0.006978110415685987,0.002245598875511729,-0.003061633066559963
2020-01-24,-0.004710461936507071,-0.012751489087689399,-0.011589429922816676,-0.01683968262445958,-0.008932966736861798,0.008055806688079531,0.0058285535187767275,-0.004210088640319688
2020-01-27,-0.024099850922547402,-0.015586584577113765,-0.028120297839991135,-0.007641766050436994,-0.01615916200460384,0.015435264671494529,0.006802125843070944,-0.006751600664028564
2020-01-28,0.01895495279540718,0.011630034522024359,0.0045310761550139585,0.004905413345634161,0.010424543486672539,-0.00786291621866167,-0.00896686803661793,0.008574191197178786
2020-01-29,0.0025757578070132407,-0.0016532767009373517,-0.010543446711403061,-0.00274410939991325,-0.0008262749132464204,0.009732271220803309,0.005403248480831511,-0.0005689752515214125
2020-01-30,0.008606636982439788,0.012496098030971528,0.008008577484700028,-0.007288562500030263,0.0032401727347234188,0.0001381277710674978,6.731894098032181e-05,0.001024164933971743
2020-01-31,-0.0278270131704988,-0.02113680399360786,-0.031678749796782375,-0.020170380273124,-0.01832479379854543,0.00908849961621664,0.005775708477189364,-0.004104733318491231
2020-02-03,0.01313061677173921,0.006984904652596133,-0.01318523512113318,0.00903722002819192,0.007401130081038497,-0.0008103068556762262,-0.006516877595597702,-0.00015989937390586986
2020-02-04,0.025855911852150488,0.009566324819162187,0.00359605122880549,0.017440003975472806,0.015126251096248123,-0.0135590967896904,-0.013094308186782415,0.0059488747778228485
2020-02-05,0.005834592980828151,0.019828278818232993,0.03690748962191774,0.01907053649037455,0.01148164066746543,-0.01099502433708998,0.0012285555646719122,0.0040972389474988715
2020-02-06,0.009086060600727681,-0.0012883587869638917,-0.010249228781322818,0.0008669472434240705,0.003359221368454114,0.004497242229386661,0.005373934234125879,0.0007952296761364224
2020-02-07,-0.009186259271702843,-0.0035511878656150427,-0.007014602082595556,-0.007830371751036973,-0.00534379393644209,0.012400879504964317,0.002642363450658169,-0.0014768074446741078
2020-02-10,0.01345090808809324,0.002906662107054305,-0.005014831201587034,0.005323351288930986,0.007437741015247212,0.0027655525982042436,0.0025679490647931946,0.0013633537583764269
2020-02-11,-0.0033705027046526813,0.003540967886712287,0.011109373565178935,0.005967474958606065,0.0017313534085262251,-0.00505294654764403,-0.0034478924308700464,0.0006810105780701536
2020-02-12,0.01076599460196966,0.0006423860138187013,0.013351977099775167,0.0012466760297872217,0.0064218446699246395,-0.005079118591760237,-0.000813078481224605,0.0026057924248901842
2020-02-13,-0.0026562899287819242,-0.0003211758687260515,-0.003093452464833498,-0.004707130526287463,-0.0010674476352720544,0.003828634089078204,0.005677303718111386,0.0003390858937050349
2020-02-14,0.0043249545216971245,0.0012840850147121086,-0.005299322153418992,0.000769871986991469,0.0016008433806043157,0.00436857524670813,0.0041697222765956264,-0.00011293584050103248
2020-02-18,-0.0037338730547235763,-0.008699952758764999,-0.008278992616642326,-0.0035662992848757534,-0.002580074570627714,0.006825302597842842,0.012737350951843347,-0.0020379156307073353
2020-02-19,0.011841416919707389,0.007415867744052873,0.013213632527433482,0.004624383097705423,0.004769840817047997,-6.946569452658926e-05,0.005814285510176441,0.0004528885792063571
2020-02-20,-0.010464111132455326,-0.001929293486280448,-0.0010943938972383484,-0.0064607377638032145,-0.004116913491547274,0.007803478648891126,0.0040763395182913265,0.0016979628920019963
2020-02-21,-0.022669563451440992,-0.009702558768047943,-0.011934364132538712,0.0005801198184376364,-0.010351630410427828,0.009297341105804028,0.014913455926308593,-0.000905165357123385
2020-02-24,-0.04220985679315579,-0.03303910022465613,-0.047277041321574925,-0.032026470527725726,-0.03372759333719598,0.014817881569796732,0.008945002656717951,-0.01081296073607723
2020-02-25,-0.032516993025544914,-0.03451565299521754,-0.0451560004453215,-0.030818024304808924,-0.03077104046823109,0.005310516284112059,-0.01803593472393269,-0.007005914252720836
2020-02-26,0.004540879166723149,-0.007328383423194891,-0.030651625409448564,-0.00010307815184269119,-0.0036848601667862487,-0.00531051628411213,0.004360980385151266,0.001036565973211163
2020-02-27,-0.05544650671172803,-0.04367195097594077,-0.05496097106575838,-0.034569386470895025,-0.04595148345802251,0.010790523706019328,0.00019481624361363943,-0.013561197385865023
2020-02-28,0.007610638991027677,-0.027449588823707925,-0.0008833737080594609,-0.012980868543133276,-0.004210163124029806,0.0223322010076067,-0.03717601874476565,0.004076112579040807
2020-03-02,0.05621501692076896,0.04988167416734748,0.039628512661228306,0.045798040222455844,0.04239490562786994,-0.00738442333871115,0.005511083646655957,0.007559649785643841
2020-03-03,-0.03871582993577669,-0.0382912126254691,-0.031050486212443953,-0.02517221630715292,-0.02905026201030668,0.015405413469180422,0.030950390194086085,-0.004296372910979265
2020-03-04,0.0420262848907398,0.032550365449130474,0.023377756996128603,0.05604710223149674,0.041173680493979015,-0.010674865948474612,0.001752990351755443,0.013637673128549025
2020-03-05,-0.03206848400193795,-0.04942009665333628,-0.037271157650706474,-0.0234756606853226,-0.03380704937170751,0.02458718680116991,0.021370951204574475,-0.012707217046752182
2020-03-06,-0.021364711737698345,-0.03461884482788501,-0.05782501573490576,-0.005338068531937133,-0.01666926806141456,0.050734578479518226,0.0003808885074389379,-0.011340323484008166
2020-03-09,-0.07895599817971052,-0.11343844615985116,-0.22490984867232536,-0.05338140629517086,-0.08131245950775126,0.026742293774134496,0.0016488747161249012,-0.04398754510491679
2020-03-10,0.06456869630884776,0.05708527727097488,0.046346005775712844,0.0337350750683538,0.05045071943205607,-0.05261881341391456,-0.02132715182628954,0.015241986674885416
2020-03-11,-0.04839084189716939,-0.055770859584777864,-0.054333202350289087,-0.03896035652347945,-0.049976768637366976,-0.037491170055905465,-0.0035667044227174947,-0.022021935438313208
2020-03-12,-0.10270317554912761,-0.11444976114153647,-0.13323423539534332,-0.07758993211923218,-0.10056899069242059,0.006177731671019191,-0.04070560424243849,-0.040776046606254154
2020-03-13,0.11093271777748948,0.12360234600503474,0.08828318024103439,0.06705655197803775,0.08202806858794993,-0.02286235477672774,-0.03099155256530076,0.030955692881870802
2020-03-16,-0.14866241689083293,-0.14744898880483356,-0.14626022779660988,-0.10381772187467676,-0.11588656767207607,0.06275430345908178,-0.011512126298224866,-0.056533800181405205
2020-03-17,0.06586404928508381,0.05287580850205599,0.006808739577450744,0.06088411098183986,0.05258503995737461,-0.06901025721651473,0.01346442633870517,0.009341167172081295
2020-03-18,-0.03840564891264654,-0.08870335402494169,-0.15498443882444882,-0.03372311790387605,-0.051959822591513834,-0.05806646245954055,-0.02012310684271081,-0.045136731225680536
2020-03-19,0.003613855239187064,0.02165036073353518,0.06576296622152115,-0.020696269809316582,0.0021227088037131065,0.02686191265331277,-0.019086492837834465,-0.0227250206304719
2020-03-20,-0.04690850604609794,-0.03634884700172797,0.009714442766687552,-0.0391770837544587,-0.04405019618934577,0.07250202161803325,0.014884383146683595,-0.02267987201478584
2020-03-23,-0.009176470284042596,-0.05994490781939685,-0.07059260196801355,-0.05333592316404346,-0.025900805211948978,0.04038309664357672,0.043231496146295734,-0.016187557253681914
2020-03-24,0.09750320060859165,0.11690172903408197,0.14874185294239745,0.07423241178556038,0.08673074236558657,-0.018789595798565234,0.047389520259250466,0.04040808833002169
2020-03-25,-0.0012889925191546128,0.02684058260198374,0.04608781334800611,0.01322549213512193,0.014859373579935914,-0.0022739000289919813,-0.013784208180364264,0.027739270157335783
2020-03-26,0.06008549096618936,0.06088428212024141,0.05930909526803618,0.06431617422779702,0.05674872572708021,0.004909722307585783,0.012740714714697083,0.044717191095974135
2020-03-27,-0.04624826996406252,-0.0309298439517585,-0.07019214009763539,-0.02164920708623204,-0.030238290581292817,0.026343163304528457,-0.006481449089244015,0.002600234960181225
2020-03-30,0.041254526602482654,0.018859265434940105,0.010184418539402624,0.045765573876162785,0.03195984592748348,-0.008263847249858002,0.004390990264267052,0.008531880892833445
2020-03-31,-0.018857747322905263,-0.027944126523687808,0.015257149553045338,-0.004393112449603914,-0.015017716804683858,-0.0081495588720427,-0.032364821693651916,-0.008011945257170807
2020-04-01,-0.04882761203241521,-0.06293867791086198,-0.050822558572038566,-0.03878712824474752,-0.046049245686846645,0.013913315312788109,0.009411793149400162,-0.027834202395251098
2020-04-02,0.023117178690007824,0.024754899197200243,0.08764490454083894,0.02731945393255106,0.022813182515042153,0.006326004501460577,0.01626050111056189,0.007746712642319554
2020-04-03,-0.015568181806705453,-0.020162279738031422,-0.010670568051962879,-0.009062304771054824,-0.014559608984371484,0.0023764955930958153,0.004925309776577716,-0.0216535524064479
2020-04-06,0.0818762619191244,0.06933260876595307,0.05161159766095045,0.05110333832834361,0.06500676612987598,-0.002614651305978444,0.02733353381543522,0.024045887686464068
2020-04-07,-0.00900070796082922,0.009926990972039286,0.021106592625823876,-0.008246037159623573,0.0010189048238140198,-0.010527839071562748,-0.005368871400719198,0.0
2020-04-08,0.026528432488442024,0.042814017401603684,0.0645773991586147,0.0403541631966201,0.0330174809236249,-0.0073021089987877165,-0.008947881947437637,0.025682217571917975
2020-04-09,0.0002348028338529036,0.0522394182194601,-0.009100183805786801,0.005498378058281697,0.01510250863483722,0.0018153227849628602,0.025788169295063085,0.06340617839751352
2020-04-13,0.002227694089082921,-0.03703334168199502,-0.0032491744412320635,-0.00879090187663134,-0.00917192196282199,-0.009172146102462744,0.01699510551392902,-0.014430568659223255
2020-04-14,0.04107021550532433,0.004428865941756963,-0.004745148253398101,0.032652538268644726,0.029066309209385445,-0.00024440044171583094,0.007837301543346824,0.004178866582073791
2020-04-15,-0.022046490974558398,-0.04427103366911987,-0.04810635411152429,-0.00516151919795064,-0.021477528228028862,0.0261446017989462,-0.005115017933585634,-0.009366283072206116
2020-04-16,0.012106123501409358,-0.01770803285205095,-0.04367248618739551,0.02160312908732391,0.0048129982504369565,0.011292935201577021,-0.0008653689753940822,-0.0009914105266261425
2020-04-17,0.013194607328815108,0.05131704818828467,0.10095208782427492,0.020550718956196985,0.026657090859369813,-0.01349525578093298,-0.019608466717140425,0.005069098121869254
2020-04-20,-0.016150465439117415,-0.017571923117120407,-0.03172015809522367,-0.007969482004373666,-0.01777524145715697,0.008012421866047477,0.007100853720992193,-0.015158766149173278
2020-04-21,-0.04280198042941714,-0.03280490153969179,-0.017792102849649077,-0.030878026681014203,-0.03083331893677412,0.012513162510075953,-0.006848673348053854,-0.018448668077440014
2020-04-22,0.037779726316905536,0.010745207190234276,0.034974075066154894,0.015151728787863,0.02195146953456142,-0.010268832599612318,0.019479888950845802,0.008760616784212721
2020-04-23,-0.006889331848746366,-0.004191355368573842,0.03176746232284845,0.005471767495558291,-7.17287966624371e-05,0.0052939131827992305,0.009905643795524405,-0.0005059854786320653
2020-04-24,0.020978972883783992,0.014362221780873914,0.0023133899449805386,0.013350426417495268,0.013842357490727075,0.0023443348437471273,-0.004294729942651925,-0.009403720142975488
2020-04-27,0.008538377165368562,0.03347228230795613,0.0214323402525487,0.01278038797558364,0.014315701723780865,-0.018789051485153887,-0.00666258998355511,0.004077496183343606
2020-04-28,-0.013402056272902772,0.010619558835151442,0.02264250686806023,-0.020387461251867953,-0.004609264649168728,0.0114455685108518,-0.004466516323334757,0.003047514773970117
2020-04-29,0.04022331538948175,0.028635403984294455,0.0714589916536627,0.006609460207213246,0.02584173210025887,-0.005202199163946238,0.005518192454017435,0.017468143827605323
2020-04-30,-0.004475284257127798,-0.025559285751770928,-0.02237913492780093,-0.004602017122465458,-0.009354093314385529,-0.011745542025819206,-0.018282683683788697,0.0019911667713172054
2020-05-01,-0.027842717337147292,-0.03255583894905938,-0.05824249180337929,-0.01923531436453975,-0.02683016437428207,0.008526249305164225,0.0061522933833428935,-0.01739991472680683
2020-05-04,0.013186114091173165,-0.00910747516266524,0.0340035394179444,-0.0005111392344673975,0.002754558818516751,-0.004714601387382937,0.003498676361159418,-0.001398912980315943
2020-05-05,0.013671577862878061,-0.0032072944615155483,0.0008084209231438856,0.02144955021026762,0.009196701860379455,-0.00642137977114987,0.004232069630406605,0.008617247207027764
2020-05-06,0.007744846349836145,-0.021805392884402145,-0.026478959349286634,-0.009959193988473038,-0.0068017812985024335,-0.016267726209481602,-0.012938939248234135,-0.005694705264196542
2020-05-07,0.014883760084645311,0.023181137835254325,0.025670538426142777,-0.00010141365031330618,0.011994452434083409,0.016568442561051156,0.015234124108560072,0.0025351391250333566
2020-05-08,0.014560130508218132,0.02131130506516049,0.044557058680505406,0.005143817030891372,0.016411074794249445,-0.013086210950110921,-0.006028427741239837,0.00944943138602632
2020-05-11,0.006624912820473402,-0.01947975555449694,-0.017690336831045345,0.017055225336322397,0.00020534192141086235,-0.007836813651326338,-0.006253147010599243,-0.004525119938067055
2020-05-12,-0.02086388434452745,-0.02642071886644084,-0.017741544309951892,-0.015346735730513338,-0.0201331020351362,0.010212204128852152,0.0038815245238018456,-0.0012602427697590228
2020-05-13,-0.01738036318039456,-0.030038147824732585,-0.04648195904283977,-0.010904772275648207,-0.017844215073633395,0.006972077302130019,0.009576645345897673,-0.005310842915377258
2020-05-14,0.01266043702491101,0.025329770591854824,0.011132994272907388,0.010904772275648232,0.011896153974652147,0.009739385622162863,0.008811127536123346,-0.0034292151905587665
2020-05-15,0.005040639624979202,-0.006628730630289191,-0.003882344157758735,0.008400228748483502,0.0045866236337081204,-0.00257564198455836,0.005627947839551041,0.0013979807377552953
2020-05-18,0.024204940654208064,0.05003349967058124,0.07852386886785481,0.008231109403762017,0.03000497235131383,-0.022198564771780834,-0.007592898231851983,0.0175062708653694
2020-05-19,-0.0036617697791761212,-0.024703715843178056,-0.02839829701685831,-0.012122672858249067,-0.010324098225161853,0.0037340947949494035,0.009603940342589153,0.0012471148871839451
2020-05-20,0.021669002876330397,0.02198895298181674,0.0391292021467686,0.001199030847431856,0.01684517488077724,0.0029890690073446653,0.0023714668825757603,0.010543439889955715
2020-05-21,-0.014047017813694357,-0.0031767274063610523,-0.01613966357778198,-0.007416185747237332,-0.006928208755568052,0.0024947409686338273,-0.014683616168536867,-0.0002470322177236261
2020-05-22,0.0036339334560209725,-0.003643181419054136,-0.006217653498985967,0.0021101327550705805,0.0018973721039514566,0.005998264304624237,0.005899400714775776,0.002465133191142339
2020-05-26,-0.0010369791958331355,0.050699986544912236,0.02742702997530386,-0.0018084969488670485,0.012245437987677781,-0.013500567645835855,-0.014316858429627,0.0074812391739203865
2020-05-27,0.005690000434064981,0.042451471506387076,0.012812701398160412,0.010304620190333652,0.014769402279702484,-0.0018384245848490073,0.001800809585778032,0.00207540006679876
2020-05-28,-0.001961930174259678,-0.015920085207209337,-0.028356552861919647,0.012954509312211792,-0.001846425602157615,-0.0036872439116952685,0.0033447448656947374,0.0009752641555363907
2020-05-29,0.01253111846650379,-0.011467438674376058,-0.004632976796836581,0.012012440768918789,0.004445518377352163,0.007116151462167646,0.007331471236597383,0.004011219326538695
2020-06-01,-0.0003062249911770603,0.011467438674376027,0.017391645850854176,-0.00995139265176362,0.0040335772319978315,-0.006755777529976548,0.004593203918142176,0.007535653242106665
2020-06-02,0.00934936728700464,0.007991634322712026,0.027508666854288814,0.005768370743902752,0.00824607011436108,-0.0036425427241807947,-0.006497892824854574,0.009864456410059877
2020-06-03,0.007758754617989711,0.03660700724977906,0.02893118298379851,-0.0019517794680545715,0.013220566449347717,-0.01338572568204271,-0.01862251139241922,0.004657538395306351
2020-06-04,-0.008264558501540696,0.021574865632068226,0.0002394241356645944,-0.007943109619246422,-0.0026302742076935908,-0.014585792925322909,0.010471254055873179,-0.0031021988727547613
2020-06-05,0.02597291596265611,0.03648055924551654,0.07164080565941522,0.016017520728050173,0.025306969526037518,-0.00714801732132621,-0.02048368991541374,0.009397199050070755
2020-06-08,0.005016178662854892,0.018875572563732807,0.04406366169547707,0.00685564383266082,0.012014674143584536,0.003835958846150416,0.010764002439043798,0.0011827921936719535
2020-06-09,0.004698877607359115,-0.021546706202884527,-0.03828212259813477,-0.01044697072219751,-0.007484385832579882,0.011295110040323476,0.009595645355064148,-0.007834965769614625
2020-06-10,0.01656104649107694,-0.03816682236615844,-0.05047648383273751,-0.0015570053288315275,-0.0055957199836068625,0.014718126289880305,0.014223142854853236,-0.0014314011885313246
2020-06-11,-0.05905295994507973,-0.08531657225927025,-0.0989551887557175,-0.057215848498835625,-0.05937745824299999,0.018724355005626372,-0.007240232329265166,-0.025998050555297407
2020-06-12,0.012857814060391236,0.029814814558664842,0.024918829045067484,0.006476131200784365,0.011904932566266737,-0.009687678989338212,0.0014153150353447643,0.009874234354800164
2020-06-15,0.009610653772972346,0.013753280481679295,0.0030089165335357507,0.00225150944376534,0.00929227680336797,0.0005537979565229031,-0.0017848491512042477,0.009657190467024825
2020-06-16,0.02109716260810297,0.015605986234084225,0.028386525908016675,0.024338382130200946,0.019064435474800363,-0.015452551339757273,-0.0004929560183834836,0.004076269829656705
2020-06-17,-0.00019554007117440655,-0.0151922199732039,-0.0346656560877702,-0.0009982946804401116,-0.004162408039982187,0.004119074025602598,0.0019087937874243815,-0.004676775148805179
2020-06-18,0.004478294591944767,-0.0012419889227691674,0.012270299257401258,-0.003401339097474114,0.000385109474469461,0.010533087403380123,-0.0019703951105462295,-0.00036135358885343446
2020-06-19,-0.006920494657050698,-0.006650326076052994,-0.015298013902070515,0.009574344830591459,-0.005731335013852146,0.0008003899107744456,0.010972576221366465,-0.003372364619861168
2020-06-22,0.018665966818618457,-0.004964371408740219,0.004622103630981158,-0.003844809235717114,0.006394385353806041,0.00012314895934535677,0.006441427074830093,-0.0007242843684854752
2020-06-23,0.007193778701163564,0.0046287619471507765,0.0010184295738895656,0.004293213176563983,0.004593493824714651,-0.006857469363352016,0.008384398864595731,0.0014477932267974547
2020-06-24,-0.022813875270015965,-0.03590122850864576,-0.0570832322823705,-0.02645018631217215,-0.025839947911116507,0.0106680304133619,-0.0034899960158010397,-0.01030109625795327
2020-06-25,0.012727893484235914,0.026198596131000448,0.01895132335305759,0.009773173907002778,0.010663682520520506,0.002878668905642822,-0.0006028992986150158,0.0003652377828978631
2020-06-26,-0.019891344764288995,-0.04375839404214966,-0.03525183448477995,-0.012231314734350308,-0.024038134786377334,0.010646383418643119,0.0044532193863769335,-0.009543395423230622
2020-06-29,0.010872054735050105,0.011010839106938052,0.013331673280474061,0.008984134635616129,0.014590341092261714,-0.0031511707414868958,0.0005403343600226875,-0.0056715118044255546
2020-06-30,0.017766459510118023,0.013487404493418684,0.022712921994090775,0.01693086078119175,0.012728475834659206,-0.004868332446896891,0.004431086497931087,0.009108125685238477
2020-07-01,0.0016256636497812016,-0.008680743650904278,-0.024606728973020752,0.007664960656865041,0.00698025250001029,-0.0019442318281906647,-0.004491160110102202,0.0031075045355483475
2020-07-02,0.005811230127986646,0.0013070079763292434,0.011040947966710488,0.007508600334606538,0.0054919138983701155,0.0010392515792345468,0.0021582779375089872,0.007332523804357908
2020-07-06,0.017327866015740497,0.01897430063868588,0.0029417812332135137,0.010086695658221003,0.015319339810680375,-0.00410375501892072,0.005970880083946397,0.007157840689511658
2020-07-07,-0.010511607133667705,-0.020717265682176342,-0.03229159132783696,-0.008709779827917529,-0.010367447994209822,0.013958598137051225,0.0062904343270385864,-0.0066712321110890425
2020-07-08,0.01619066149373043,0.0104124193115099,-0.0008279331743930527,9.83314728428942e-05,0.007619650747178354,-0.004003170783058138,0.006192353605402356,0.002673823255675471
2020-07-09,0.0036139305158873988,-0.021375067306973427,-0.05066876532818969,-0.007893337655999798,-0.005709366966147946,0.01579630265864981,-0.002708063902871328,-0.0021870095308440555
2020-07-10,-0.0002774746517693466,0.033813282875830054,0.03144020019446194,-0.002380210392996655,0.010158989810075018,-0.0050373194519255605,-0.0025972650920347735,0.003400258793017842
2020-07-13,-0.020943197282171692,0.004253581388623982,-0.005360297455759518,0.005643632037871189,-0.008696647279336292,0.003301834212424845,0.0012403879870823364,-0.005470112652044483
2020-07-14,0.011460792941480426,0.005080226109559352,0.034476427840562845,0.019651510178996048,0.012875675186869046,0.0014367032681505635,0.004652728164010819,0.008495745390692642
2020-07-15,0.0054028678799399,0.019653796282605503,0.021360865926682845,0.012889901691789279,0.009145107903704118,-0.004678380915180615,0.0008809438623464781,0.005664881878632999
2020-07-16,-0.012433015668291277,0.0,-0.004558217556867277,-0.0016259841570475798,-0.0032989458488794986,0.004738361766963513,-0.009496639325154646,0.0009614170849280673
2020-07-17,0.004879518108461967,-0.00831592052477764,-0.01407323020418779,0.013596354068935532,0.002895057545415647,-0.0020964646465493953,0.008204262794308569,0.002757453182215155
2020-07-20,0.025233361587988435,-0.004603578877621767,-0.016765770943806116,-0.00018858750190051086,0.008049278010882814,0.0024556225132189146,0.004808590336846309,0.005967968132147048
2020-07-21,-0.01009058906365601,0.019522991887111523,0.058666333953929395,-0.0006617991907522618,0.0021250202130041187,0.000597984277705162,0.011978962477666387,0.0046313718091439806
2020-07-22,0.007989376763979143,0.0,-0.012360678404889889,0.008939430727503129,0.0056760573489043845,0.0029837035000159383,0.015087942737564556,0.002012103447828949
2020-07-23,-0.02631984712975846,0.0008223463537060271,-0.0018537375306215602,-0.004506954795301149,-0.012003509363653679,0.01161360133935519,0.008786586410813348,-0.0007099303022430556
2020-07-24,-0.012187680967473467,-0.0024691576683599364,-0.005583066593603844,-0.011070689187336571,-0.006461167614133626,-5.852013910207194e-05,0.008542281441677423,0.0009468297835646309
2020-07-27,0.01565632373264404,-0.008274720343444796,0.0010658381148453476,0.007488599947787284,0.0072661929221953785,-0.003718388279849402,0.019561196964697856,0.002360650985000703
2020-07-28,-0.01176663010691613,-0.0024959503336487257,-0.017190604182976556,-0.0011337987991567049,-0.006362706189841997,0.006894061954748405,0.008306536040413818,-0.0025975504663221594
2020-07-29,0.014383345113730432,0.018568702144299797,0.020646737474787513,0.010440006795242806,0.01222353002200047,-0.0017044023765103694,0.007482169283186,0.005541372770995705
2020-07-30,0.005584454012143666,-0.018152262897914852,-0.04007012660267444,-0.0069480377281927845,-0.0035741982312317584,0.0065676379851655415,-0.007427778888433271,0.0021144837528631988
2020-07-31,0.02466094541113295,0.0004163538283123523,-0.004707149822201394,-0.005763509735423249,0.007871262842671438,-0.0006432504550521778,0.00904688435302792,0.0018756734471040322
2020-08-03,0.024332716566084107,0.0029089316573501487,0.003601475851654925,0.010275736247441134,0.006927928853737983,-0.00504770058583521,0.0011318982444248418,0.0002463775599994271
2020-08-04,0.002559498687277079,-0.004158425513647657,0.02404482431461901,-0.004417971140416355,0.0038552164571067846,0.009487340195395827,0.021054515412853636,-0.00035284603011898866
2020-08-05,0.0036957580143292717,0.01365652912705343,0.010474169808292888,0.004605467546957746,0.006191760689390409,-0.008781637191944684,0.009240417270834574,0.001762379804899301
2020-08-06,0.01395434305333506,-0.00041121896946911,-0.00804727323637649,-0.0053593650682948885,0.0066623443277675125,0.005570279462160637,0.013186741026147062,0.0022279587073513922
2020-08-07,-0.015008810760763424,0.02115632028819453,0.0013455995854547852,0.0032004020926529064,0.0007176927170115587,-0.0066882819785398385,-0.016012829047696152,-0.002462702621719663
2020-08-10,-0.0028174323341052334,0.0072203923987887615,0.03046233711225828,-0.0033889061533833933,0.002984132051505634,-0.004483264323785689,-0.0034649534714480275,0.0004700999050371242
2020-08-11,-0.018150081022446033,0.011523801613954098,-0.0033976106720970136,-0.006338048466538172,-0.00828864354696332,-0.011956116858516715,-0.0551897267189793,-0.009077867990143972
2020-08-12,0.022460716951176605,-0.002769253387524728,0.009898680182368325,0.016656797856465455,0.013846031659409971,-0.009138001700138822,-0.004679132411383586,0.00023640587541062577
2020-08-13,0.0004389635851873162,-0.0063594021527844,-0.01963183280985458,-0.0013071156926348895,-0.001809453237185793,-0.010746529885469635,0.023343474417206588,-0.0027269869043716802
2020-08-14,-0.0007023782037696769,0.003979289697775302,0.009471160407513047,-0.0019643526196767122,2.953675911213692e-05,-0.003914427785701963,-0.004318527254207777,-0.0017817469384775895
2020-08-17,0.006651644447308569,-0.016820635907452457,-0.00577723681602458,0.005881519577244237,0.0031716407118373637,0.0025092736948068455,0.02146194877539166,0.005928929621679046
2020-08-18,0.0037438240136946107,-0.006483087719261922,-0.012721856181371142,-0.00027950075537745705,0.0021581444882085845,0.007126783698580015,0.008967673573403242,0.0015359372017867325
2020-08-19,-0.0012173409250915224,-0.00040653284747313315,-0.0115364109112098,-0.003263918568932744,-0.004172356664528755,-0.006271222942398115,-0.03207438281593019,-0.0028374921249781524
2020-08-20,0.013224567682983392,-0.009397029740101396,-0.021822852340326968,-0.0031813163104122237,0.0031086697311420897,0.008999256703050813,0.006890137653281628,0.0033092902992674068
2020-08-21,0.01262805889197088,-0.002054989628351685,-0.006363174294901109,0.0010303964709650162,0.003541167017393622,0.00597425239086179,-0.008043165542872153,-0.00011782194799894239
2020-08-24,0.008611338758136487,0.023578295435166534,0.027106217707354555,-0.004597767350218565,0.01008198942610341,-0.0016261529378167167,-0.005674470685927035,0.0045916605038768465
2020-08-25,0.005030970298997019,0.0028083940963733625,-0.014145972411596435,0.006748687189665665,0.0034932398030257123,-0.0076829587529114295,0.0012147382641175607,0.0010567431853214183
2020-08-26,0.020120888973877094,-0.0048192418591082664,-0.02132178465688637,-0.0012152300087715116,0.009975823136467608,-0.0038332612880364746,0.011739667325137685,-0.0001170507813718156
2020-08-27,0.0008193601682129239,0.01676716576435564,0.001957348737159385,0.007825839126210283,0.002184200224111601,-0.01715567059049563,-0.011629286747359606,-0.0015267351365008722
2020-08-28,0.00872581351009765,0.003950738806126964,0.01771930936274373,0.0022245076805543283,0.006438423145445006,-0.000744251178205484,0.01723092629924,0.0008215934218572619
2020-08-31,0.0031617137871615044,-0.011900279513050753,-0.02191816671520547,0.002404337984966778,-0.0036288711768956523,0.0066184575754511,0.00238341719432408,-0.001409953456221235
2020-09-01,0.018921442242288703,0.0027894535234759643,-0.006754763146501371,-0.009000053609836505,0.009374159948535766,0.011373358765801207,0.001189581722410416,0.0054285776247079845
2020-09-02,0.008855734968945669,0.014224150581799634,-0.004812420336476989,0.01984090568557596,0.014360682945755508,0.009475184587181646,-0.013218610873058246,0.0011738130448037281
2020-09-03,-0.05868275635393623,-0.015418581799338553,-0.007405463098928819,-0.027607103671237653,-0.03502053364186014,0.0028368782322184417,-0.008137254873336977,-0.006236379463465464
2020-09-04,-0.01403932081227236,0.007541304585564124,-0.003149628291566621,-0.007164436905290571,-0.008198292862968984,-0.01917080118248051,0.0027564932922231992,-0.002718837277256482
2020-09-08,-0.04626188106486434,-0.02603768065614348,-0.03710059372389919,-0.016598723876005275,-0.0277028144932819,0.006125890387490796,-0.0019287808618004912,-0.0055781843228417055
2020-09-09,0.03210863663138496,0.010094576469945537,0.0068217317051618084,0.017544165513204778,0.019554950191275157,-0.0026909738027913886,0.009661434230238847,0.007825125954358112
2020-09-10,-0.022841757007337357,-0.014161595247811005,-0.03734224415304489,-0.015430166359242877,-0.01751666059189759,0.005069968337811236,-0.0032283485242562797,-0.004735397860229977
2020-09-11,-0.007672463150167657,0.0069036090822294765,0.0009199233645474945,0.003927949330612384,0.0005090970525718496,0.0021302520438896324,-5.4861557792618405e-05,0.0020149098133982082
2020-09-14,0.02076387493773481,0.013665778753404871,0.007634869797446864,0.014239679222780815,0.01308542477164202,-6.070068532501452e-05,0.00786160327773618,-0.0010663153014307367
2020-09-15,0.009836326699960447,-0.013665778753404925,-0.0073282946215794285,0.0013186009802142531,0.005039597013799383,-0.002435029430581065,-0.0023956152677241513,0.0027230822875749954
2020-09-16,-0.01557550289789619,0.011267760775575652,0.03936197217361502,-0.001695652424284673,-0.0039765730485614706,-0.002990781755913487,0.0028305733071044763,0.0
2020-09-17,-0.0083189909595952,-0.010458891946394136,0.001472259972179367,-0.003305852387279261,-0.008833971227814848,0.0030515199949937193,-0.005505121062685115,-0.0010650365162057731
2020-09-18,-0.017385485747769158,-0.0020236141903034236,-0.01124258354336865,-0.0015148695028336125,-0.011579699662835511,-0.0031133300595527144,0.001310849171618332,-0.002487978580779357
2020-09-21,0.00827848973401927,-0.025375224713961305,-0.03370789390717958,-0.018646514343177642,-0.011191957606362287,0.005062062180460196,-0.020291789448272826,-0.00810019709609794
2020-09-22,0.015706560176110333,-0.008392817003166965,-0.010375755768443243,-0.0021343008435252297,0.010132913381619773,-0.0007911041717874662,-0.004858095828927072,0.003462906711498262
2020-09-23,-0.03166375827924201,-0.02258780204331775,-0.04624900774677027,-0.010348796392631126,-0.023464052108241266,0.0013378406195502656,-0.021843335368817322,-0.01018290687647178
2020-09-24,0.0055870648364827104,0.002152646295546056,-0.0003310689054651582,-0.005017592063497536,0.00266198225043457,0.0038228683402388875,0.0037119030895910897,0.0006013305851467845
2020-09-25,0.02362249656996816,0.010269776414454847,-0.0006624668123387336,0.015948716538969093,0.01603761459603496,0.0,-0.0028540460781505306,-0.001806380778131774
2020-09-28,0.018952058693605757,0.023559950366655126,0.023253135067191566,0.008986997306977634,0.016472800873474417,-0.002849905818546175,0.010010290107421884,0.006489322664697437
2020-09-29,-0.003364340001107512,-0.012552315965457857,-0.027902809986216855,-0.001251509409392608,-0.005460673598794666,0.0011531823801383498,0.008397048385655496,0.0008375735041911274
2020-09-30,0.008346504262253484,0.01338363117873022,-0.0030004832917788398,0.015862882510637992,0.007553418986421461,-0.009632087650627232,-0.006022969047958764,0.0040610609005680975
2020-10-01,0.010484744501214905,0.0016606471999529421,-0.031199587962651716,-0.003418826767200065,0.0063992979618965684,0.0016488684360177223,0.008880963695329078,0.0034294347592771905
2020-10-02,-0.025680794863054975,0.007849528560875108,0.009598836179700577,-0.009174456999198584,-0.009539863452959138,-0.0037412270271140777,-0.0008957769408936138,0.0
2020-10-05,0.02168761889281856,0.01632703893580638,0.029582276103391317,0.02033725707511963,0.017577829396276456,-0.019732565287002405,0.004861081696310086,0.007486874556800826
2020-10-06,-0.01561602132366045,-0.010173161158907922,-0.015018021015886885,-0.013353386496531191,-0.014318125171950231,0.005374748896777237,-0.011830479550692698,-0.0022522071599589116
2020-10-07,0.018166605001796038,0.016629874587012983,0.01402351517131213,0.01870111217313525,0.01725692418573189,-0.007319411626709396,-0.00045132478533539146,0.003553428681939083
2020-10-08,0.005166685954375422,0.013584046233256084,0.03678209266339706,0.0048537902408824175,0.008823443367594124,0.005384956932472731,0.0035486272055745486,0.0022442877331878648
2020-10-09,0.01517553017593722,0.0011896870259818302,-0.016108494509413554,0.008992091188044293,0.008890552506217984,-0.000187331093784129,0.017998399966815504,0.002239744866157229
2020-10-12,0.026926538788966333,0.011037065116976889,0.002594936290603529,0.006805733339941414,0.015959561532588283,0.003180654708331094,-0.002875813691634357,0.0050487744152997935
2020-10-13,-0.006419371426743972,-0.01939533881014456,-0.015671285245259813,-0.007636590438594005,-0.0065474755020768684,0.007135477372008236,-0.01585383405158326,-0.004461038534984918
2020-10-14,-0.005313134273661348,-0.00963847794025991,0.004268495472635351,-0.005835719049911538,-0.0063030337006266405,0.0022850522844166826,0.0030899939936110464,-0.002473487238057569
2020-10-15,-0.004517429911539347,0.007637933061126569,0.012050530130167639,-0.007272710738162941,-0.0012368906241496508,-0.001728705676095312,0.003639489400711449,-0.0007079308961589766
2020-10-16,-0.0028856288690627526,0.0008008664591284166,-0.02292176895755547,0.009870423116483179,-0.000604326138618896,-0.0027846091243953143,-0.0034712263457632483,-0.0011803536577944618
2020-10-19,-0.01849882756003944,-0.015322880546404826,-0.021427257587244418,-0.015971943770572084,-0.015320099417179392,-0.003786419354617416,0.0005046193567768562,-0.003551449183113701
2020-10-20,0.0034422282194333216,0.008094174084337423,0.01177466392863239,0.0013173049440434886,0.003997512981301951,-0.009562156097110147,0.004809318137998378,0.0035514491831136917
2020-10-21,-0.0015098969213735917,-0.005253976114664714,-0.019247318003562698,-0.004995852425117618,-0.0018946457972521353,-0.0034592347992485734,0.00750319529892231,-0.00011871168041789086
2020-10-22,-0.004711604745433336,0.01965950963835407,0.040426393686202815,0.015006614452919825,0.005470503083688653,-0.010451585321468426,-0.009849030639627157,0.0017716997400558944
2020-10-23,-0.0010969631656312245,0.0031734086705694576,-0.004923738669275772,0.0037170569158016835,0.003389469729233316,0.0060937495210185945,-0.0010630400237792174,0.001178707268898726
2020-10-26,-0.02193784223341233,-0.022832918308923505,-0.03652625605072676,-0.011192253670225472,-0.01865288247734373,0.00926055012947122,-0.0005039129828936211,-0.00887612437362181
2020-10-27,0.004993161078369515,-0.01840170110704915,-0.01305403757916446,-0.006870317686370591,-0.0034533967602699525,0.006686426133302357,0.002628864176270774,0.00047496439954438865
2020-10-28,-0.043347803928749165,-0.025921118197865068,-0.042740019617275006,-0.032245387045706134,-0.03477687253297651,0.0009339613008359106,-0.01627516884164325,-0.008352821665383906
2020-10-29,0.016542754990406257,0.007594988033081376,0.030213674095057742,-0.008226327127865524,0.010112151548584171,-0.009754256826229784,-0.004153341326592121,0.0028720113746874523
2020-10-30,-0.02238883085630295,0.0029382154874602663,0.005586735986507351,-0.00029517561811333564,-0.01047956908675914,-0.009914552355499222,0.004550651041840146,0.0021480737386002625
2020-11-02,0.0025225108202946394,0.018684318908379658,0.033553410239530033,0.017841216602533884,0.011146195618287353,0.007462274520152665,0.00965812884851217,0.0023804484617802888
2020-11-03,0.017481836980151984,0.021970089478892802,-0.005740631496296296,0.01448525683358466,0.01750187235223737,-0.005818298943698935,0.0056609432999779495,0.008563083295483899
2020-11-04,0.03816577193199783,-0.011738726942017292,0.001353868252661688,0.04342444918800577,0.022103207983006076,0.021460174226381516,-0.0005590140649358909,0.009312328291340703
2020-11-05,0.030591286078438428,0.024136288560311237,0.0,0.0020039543062112144,0.019314707670536866,0.0017363383826447857,0.022723771699055755,0.003513498686632903
2020-11-06,0.003542981308930354,-0.007980959405680154,-0.021881399161776276,0.0003639862868682886,-0.0002281561528650357,-0.012158157533320255,0.0014203529597109255,-0.0035134986866329253
2020-11-09,-0.007264372663220182,0.0789324859989441,0.13344498409380118,0.009326799547775056,0.012487241893216854,-0.02123908942816599,-0.045280856143465276,0.007597127983936882
2020-11-10,-0.018817230632425918,0.0051700182752214,0.03185275206942765,0.0028799566251859927,-0.0014675725741378964,-0.005783754772789254,0.0033073065556014952,-0.0013983358908529558
2020-11-11,0.023446210442407,-0.004059621740276662,-0.010307856186645998,-0.001258946519145917,0.007400971910868873,0.003603089814601576,-0.00433598220930235,-0.00034985994352818765
2020-11-12,-0.008946343451800082,-0.016782233793697622,-0.032799697539072865,-0.003695994109040977,-0.009747947416034547,0.016874146287063185,0.006042387508780373,-0.006788229467434701
2020-11-13,0.008451301771961663,0.016412316340767095,0.03575563746177385,0.012565068161447767,0.013749445243239096,-0.0013263968124152797,0.006796565090032186,0.0033997851310145493
2020-11-16,0.009607302220548406,0.02195466536459102,0.0637450355450846,-0.001695785614059666,0.012405110352131729,-0.002405822976787078,-5.650286865533134e-05,0.0056024367489877
2020-11-17,-0.0055724876600482965,-0.0014487788516133187,0.010194201462685105,-0.006543467203780565,-0.005392608196513779,0.0065074993206070166,-0.0036759204841880807,0.0003488488350575098
2020-11-18,-0.010740387355886255,-0.009468534797518446,-0.02948748046886867,-0.018790490499941352,-0.012108194654709694,0.0028919164163010718,-0.005738783845972931,-0.0018625298518100612
2020-11-19,0.00802478985924098,0.0032877576470937316,0.016242205616121455,-0.0007333777466808399,0.004201698670465758,0.005134931457717816,-0.0018822296869570197,0.00337422638356051
2020-11-20,-0.010353393625689407,-0.008791360321353607,-0.005291590629387673,-0.0022951058724999477,-0.00687155489573414,0.008831148565177372,0.003021229432643738,-0.0018605453668079424
2020-11-23,-0.00024972755993383296,0.018590194582391913,0.06826644434591388,-0.0025769811915597935,0.005976761126947569,-0.004592670450093481,-0.019890324232127853,0.0015117491047016553
2020-11-24,0.013811636691585175,0.03443102465761893,0.05010623657168598,0.002944579851165571,0.015985232746736223,-0.010001968695852575,-0.015447030279527764,0.0030172505858297926
2020-11-25,0.0021332401126452276,-0.003495463203826617,-0.023595911816666648,-0.0036819279140713752,-0.0015432087130058524,-0.003082985870636558,-0.0004718480371509017,-0.00046428284778976796
2020-11-27,0.005313113183646775,-0.00315616888208194,-0.011752564070806205,0.009179373021369624,0.0027812775817893363,0.00965866340923021,-0.010198732236165305,0.0016219805995918925
2020-11-30,0.006663192832588022,-0.020941257073283582,-0.056841190442272746,0.0027373547943693086,-0.004436979299996919,-0.0012492615788644596,-0.006697358920117144,-0.0010416902749250546
2020-12-01,0.012714250307572575,0.01530556735927358,0.004613839191496536,0.00834863989180632,0.010878173238067949,-0.014854359234031759,0.02084085881536413,0.002566693297066478
2020-12-02,-0.0015203111082493603,0.010890793273476368,0.03197738418679156,0.007472347589492478,0.0021015872781349337,-0.007967793485634856,0.007493385024315116,0.0027806781112341378
2020-12-03,-0.0006409137842147113,0.000349076465054581,0.010435596870704673,-0.001256385804542684,-0.00027280408702057263,0.00803109706554224,0.007842668530553789,0.0005779196640890643
2020-12-04,0.00996697412141377,0.012150890650322092,0.05306969569137104,0.01063037263573209,0.008580877634683558,-0.014774155574363677,-0.00283945502654119,0.004153883735800768
2020-12-07,0.002852068934415746,-0.006925078665693597,-0.02365969122933287,-0.006149882252807035,-0.0020574221182663235,0.00898044751791521,0.014803945459514797,-0.0004605092883136145
2020-12-08,0.003238564122052716,-0.0003476949543126235,0.014759929176793899,0.007570737273791521,0.0029220752298742296,0.004714476209570034,0.003481841534737405,-0.0008074860909572697
2020-12-09,-0.019348553000170143,-0.0024360107942214136,0.002232231486733362,-0.0034668636014841135,-0.00900929530041421,-0.003310813524308372,-0.017241806434506103,-0.0014989510796149645
2020-12-10,0.0014461471124067359,0.0017407696532744715,0.030260897314636756,-0.001693137356299344,-0.0003269792020368158,0.008824382640321654,-0.0019148863181888906,0.0018450126985600102
2020-12-11,-0.002089586652748168,-0.01013824217884477,-0.01160513065669193,-0.003932144188807696,-0.001173625241343111,0.0035336849384714503,0.001856945469586849,-0.0010377233012084448
2020-12-14,0.0036138700953860315,-0.011662992104010944,-0.03564792732147217,-0.0075497897303887255,-0.004487113741517217,-0.002774632552237032,-0.005522859199322822,0.00023091975770065436
2020-12-15,0.016535758188047825,0.016919495958553334,0.019466897546465675,0.010768195025362332,0.013428822294482227,-0.0033540614137304602,0.013893989774039692,0.0031093448218879748
2020-12-16,0.006757804797743786,0.0017463144963208337,-0.004955496536143778,-0.0029494856695494814,0.00156819119082906,-0.002664768173681663,0.005503920929853093,-0.0014956856914400656
2020-12-17,0.007878770595085701,0.002787512235247597,-0.004730407018343737,0.010684702572518122,0.005576270516014844,-0.0026493330022788323,0.01046541004295572,0.001490308272624441
2020-12-18,-0.0035026364117210266,-0.008736846528663841,-0.01686211892821051,0.0007967268896822099,-0.004000855895228326,-0.0030021149358076785,-0.0016988680965652808,0.0008078083354674831
2020-12-21,0.0009998263515318517,0.013390174789953987,-0.019478654577497517,-0.010055983657298994,-0.003581775161722185,0.0039583988945630835,-0.0031789169989821435,-0.003582434999156471
2020-12-22,0.008629218446628834,-0.00979713126075711,-0.016927211925663415,-0.0030566344385731235,-0.001686934686404415,0.005147549864766855,-0.007934507183398202,0.0012723766624851303
2020-12-23,-0.007614592568162144,0.01639083707426097,0.021897744002729543,0.0007201501073224968,0.0008981381236271597,-0.006933530207670592,0.006625879072275585,0.004499763540848594
2020-12-24,0.0066077287332716875,0.0013827398467132893,-0.005233135259589725,0.002874755485695004,0.0038828743493888535,0.003950055306208082,0.003977347328631379,0.002069897055601951
2020-12-28,0.01124904270416445,0.0048241568730208574,-0.006315661938603079,0.0025089002271738783,0.008554241032271757,0.00044488988963720073,-0.003635744312567208,0.001263257071650119
2020-12-29,-0.004761670914452045,-0.003443398457444605,-0.006621578881527376,0.00473120694641656,-0.0019096018259461905,-0.0012721151013480947,0.003635744312567162,-0.0012632570716500703
2020-12-30,-0.0005386681693118414,0.004474110119587785,0.015557504713744442,-0.00017790017895696417,0.0014259117316429927,0.0021608432814758088,0.007626026694655132,0.002065505360521489
2020-12-31,0.0014619920502910652,0.012286876619736051,-0.00840807411397284,0.010456450324588942,0.005067816357615376,0.0014592888045695917,0.0037072651943418997,0.0008021850864777887
2021-01-04,-0.01643944660657185,-0.01366132317432243,0.001582252012794061,-0.00432899173175663,-0.013707455749276528,-0.0012054460232981633,0.02201425891234798,-0.0020636149642870405
2021-01-05,0.006468460151331634,0.004460365747525,0.04380960834237174,0.00723368713856487,0.006863751600898672,-0.0074543078142930135,0.0029572490918935946,0.00034417360446884875
2021-01-06,-0.017395655983526565,0.04321560486987012,0.030053397627748557,0.013618920232253308,0.005960467502982564,-0.02074182944769666,-0.016374384156319522,-0.0018378552193449157
2021-01-07,0.02659727527632125,0.014323025974034665,0.014574081577849328,0.012922060534158437,0.014748257767696147,-0.008853450159099961,-0.0023373497260989994,0.002869433757058991
2021-01-08,0.006444750084984948,-0.0006465969110641419,-0.0012066602116257434,0.004781795597351686,0.00568166738163866,-0.0032323464896713886,-0.03480879472366203,0.00148998434251919
2021-01-11,-0.008293796932630569,0.0032290813042406704,0.015571275207796612,0.004674614847346948,-0.006763935938909832,-0.0016539606057407914,-0.001963368081678198,-0.005394312000041972
2021-01-12,-0.004792281660600635,0.01026309061782555,0.03434523460022585,-0.010912553955159016,0.00021145844299350525,-0.000793939053100513,0.006453094143516468,0.0012646215159783352
2021-01-13,0.0063335136780197495,-0.0006384082243174987,-0.007839677097472337,0.0027393760892795724,0.0026896582155332546,0.011198333696157373,-0.004316677807613859,0.00298398673861831
2021-01-14,-0.008816061808114612,0.004459990105204018,0.029199062773078592,-0.00316787325569939,-0.0035083019336287166,-0.009411797435567722,-0.0005192346256867747,-0.0002292751411510748
2021-01-15,-0.010305980104098549,-0.01666715689188862,-0.039670519736402954,0.003082394545609772,-0.007319401689792892,0.003960030751136043,-0.012485246085867416,-0.001606050866768809
2021-01-19,0.0129433638250756,0.002582484393176603,0.01991737116053846,0.007495069982171486,0.00782123056126839,0.003221955686085938,0.008437377567923208,0.0028662982250152198
2021-01-20,0.019638697464064894,-0.004199693594889845,0.0036621181979409174,0.005500343076591694,0.01374381059626728,0.0009844610137330258,0.016151154600027997,0.0018296150112694508
2021-01-21,0.012831303411407377,-0.010740542366464038,-0.03439786826501251,-0.0047367564827941215,0.0009112447767309742,-0.0070427652330881,-0.0006273739671711188,-0.0005709538776013304
2021-01-22,-0.0038318820612456618,-0.0072247835178258415,-0.005215721632896115,-0.0029722511570944095,-0.003545511707444439,0.0032314488900363246,-0.007904302060517928,-0.0019460511257336616
2021-01-25,0.008321441420921075,-0.007277638692549437,-0.01027391894689928,0.006526867733953905,0.00393575458292622,0.011716421297868053,0.0008622455288576803,0.00022902790164387805
2021-01-26,0.000671793633574827,-0.008000295727273062,-0.021605393453906423,-0.003724330292323237,-0.0015620569031250568,-0.0018894257048457984,-0.002473656951145883,-0.0014895617703067198
2021-01-27,-0.019056816631025812,-0.029893172596813122,-0.013588589658925818,-0.030829841673313627,-0.02474429894658883,0.002540072339416154,-0.006355778295441206,-0.002871545659031967
2021-01-28,0.004098040536282991,0.01844924279401265,0.011623668206905564,0.014499876504828075,0.008563810752961911,-0.005543034434325211,0.000926931727635592,0.0029862686611660996
2021-01-29,-0.023835353603587926,-0.02017501926338109,-0.03375746573998638,-0.008483550830130977,-0.020222910982223986,-0.006033944659606114,-0.0004054103376829626,-0.0026410332814390592
2021-02-01,0.024743839925270596,0.013040541387036747,0.007095928909471841,0.003817649870123782,0.016508583625300142,0.0011580562868999031,0.00934152297824149,0.0032030786584723325
2021-02-02,0.013453333473577104,0.02391908985406631,0.010799866922962793,0.00285377490140045,0.014041092493059697,-0.0064682528349008245,-0.012242430084677477,0.002412206380965758
2021-02-03,-0.0034401158018771746,0.005643161500757932,0.04183090125635229,-0.007106139454564778,0.0007859187746008389,-0.00891249161850229,-0.0015117720158050482,0.0008032016015841136
2021-02-04,0.01583016612531599,0.021935782546520118,0.010960371794672151,0.0041659117100281565,0.011301954217857579,-0.0026762051428235664,-0.021765636924135134,0.0020618079160152313
2021-02-05,-0.002213983753968034,0.00032363408191290533,0.008494531537218833,0.0018170984315221286,0.003927876041244666,-0.008408690458738289,0.009823748692690917,0.001486834752551098
2021-02-08,0.010438418664519725,0.012866165820290586,0.040972644711065646,0.0012094716499724842,0.007196144869370279,0.004381633069984619,0.01001975221091292,0.0029661344955560893
2021-02-09,-0.0011704703635629472,0.00031932733811197706,-0.010656857365086914,0.001467181077975402,-0.0006662478861479797,0.0007398359762922752,0.0032595928083516256,-0.0018244226760306375
2021-02-10,-0.0014655704498495602,0.0,0.01896665339364075,0.0018088871115831831,-0.0004356439489206519,0.0066311797675656136,0.003654430629279855,-0.00022798476193335103
2021-02-11,0.01093845374805733,-0.003199948150663144,-0.01555345205024683,0.001891732076409594,0.0016138301638925507,-0.005489570885612836,-0.008723013798522866,0.00045603266311107493
2021-02-12,0.0051361533005405075,0.010204248730985629,0.014658280049734924,0.007445737105418245,0.004927702387395426,-0.01249720302273516,-0.003041852351548402,0.0015963747748530162
2021-02-16,-0.0032520674966304438,0.016986827833168475,0.024763551848309667,-0.009939901324188653,-0.0008666719106997631,-0.015344124454164748,-0.014457496034195686,-0.0015963747748529043
2021-02-17,-0.008870731454945789,0.004978301308988386,0.014741335989297203,0.003610229004816565,0.00022952066085407598,0.006330771783805839,-0.011417786234196115,-0.0003420337850129871
2021-02-18,-0.004905331316094321,-0.0059144492683720256,-0.02285464810557124,-0.00628386505201409,-0.004264793298072285,-0.004055571751931615,-6.0090224343136566e-05,-0.0013706898330236143
2021-02-19,-0.001469122702482775,0.011793994415387397,0.01659441554180534,-0.0121621399952279,-0.001767754703290288,-0.013380919191692623,0.004139970385631239,0.00011425750991809438
2021-02-22,-0.022297511049836523,0.009213923315180268,0.03406025666127854,-0.002362819143923674,-0.007721489675835379,-0.007637010550637246,0.014858231751961605,-0.0030904694285625997
2021-02-23,-0.002784915130975428,0.00609568049317301,0.016398968204526188,-0.0016660398679854856,0.0012135314632572617,-0.0028878738971752096,-0.0023033964742125187,0.0024043823622422957
2021-02-24,0.01518437833263906,0.0192603223465945,0.0348002454580136,0.00690903517637255,0.0109593634763278,-0.006581892332221603,-0.0007097783269727351,0.0010284355409857918
2021-02-25,-0.035589882045506366,-0.018349131745787478,-0.019476677657717188,-0.01007339766957544,-0.024391015117501618,-0.01646500539231881,-0.018995808065307287,-0.009526897292959382
2021-02-26,0.005293487752833884,-0.01931084946483314,-0.024008231374225596,-0.008664782787880075,-0.0051658910317940645,0.03252409454718597,-0.024480114534154506,-0.003003837397990903
2021-03-01,0.03170581504085625,0.030781009659128347,0.02562900163983759,0.012969654220401094,0.023951260784055163,-0.013295346243229597,-0.0017319159550744983,0.011164214629769029
2021-03-02,-0.015990891027759947,-0.003607803517561182,-0.00548056616448252,-0.002897154497709686,-0.007834071824337173,7.101516629799143e-05,0.005433148366520264,-0.0014932077081429146
2021-03-03,-0.02548004759772445,0.007800584661523535,0.014548587900648068,-0.012740332293191917,-0.013334156968907204,-0.010904973653318599,-0.011082728374520621,-0.0032249992614199483
2021-03-04,-0.02234644327127479,-0.011421767503928182,0.023591312311673517,-0.013535869290018165,-0.01245176583912398,-0.006470947180060631,-0.00988559566723337,-0.0038142178660230007
2021-03-05,0.018708213614323305,0.018865567074959778,0.03673835742713486,0.019837785358423708,0.01822912161666876,0.0019455485553689683,0.0006286134207733884,0.0030060502136188072
2021-03-08,-0.02449288830235046,0.012674954281112346,0.0018868212485330118,-0.002480379037123863,-0.0049912552311499716,-0.0078047475903173374,-0.010422315048141234,-0.0072991936616794454
2021-03-09,0.03344863259504325,-0.009121264844173272,-0.017686023609565227,0.005837184110840055,0.014176654273111952,0.013762365470480455,0.02104806019448947,0.0013945364661863125
2021-03-10,-0.0040047287089967475,0.020190906118054124,0.02501071009416423,0.002290178490103429,0.0062054739737376265,0.0020013456866582067,0.005085327698430273,0.0031300910910700306
2021-03-11,0.021149559922260478,-0.0029016929749657045,0.00037392678178789143,0.006052284071041866,0.010087972054261611,-0.007239090519416656,-0.0008663865026826478,0.0036986795499800254
2021-03-12,-0.007203162025423212,0.010117377395413301,0.0020555303593572972,0.0021839998463525825,0.0013459140460421407,-0.02144983767495107,-0.00018574519969141986,-0.0027725810242402696
2021-03-15,0.010597123005756071,-0.005768412514501945,-0.011452034883575848,0.006869981028119747,0.00594573223235389,0.0058624621392204335,0.004386867610048303,0.00011555672546034974
2021-03-16,0.007501602138611685,-0.010468281154861285,-0.028926525711809887,-0.0006071855898075628,-0.0012620815641627263,-0.004027098883102937,0.0009244132771239594,-0.0023155397354445496
2021-03-17,-0.0008224798627998423,0.006700729410758897,0.007744408933079253,-0.0036485651603360347,0.0034040208973261567,-0.007510631650487154,0.0071195808075622735,0.0013902464011220702
2021-03-18,-0.02814059907353253,0.005212792456907751,-0.04597817043534074,-0.0020910108859013275,-0.014656466408998012,-0.010178367579463379,-0.0058269675795917875,-0.007669095080178507
2021-03-19,-0.0030049399410932336,-0.011621263534635589,0.0002019212306148541,0.003569586764994567,-0.0018520683610036026,0.006178586364053767,0.004174394816826358,0.0038417241975045643
2021-03-22,0.019472551174831994,-0.012969386529837867,-0.00963600584531761,0.008665357743951812,0.007953145358205484,0.011143873821158628,-0.0014713433816878438,0.0035959137109630467
2021-03-23,-0.006237521788371922,-0.014074059410532377,-0.014735443067829038,-0.010166465815373959,-0.007901720247144731,0.008986272352760942,-0.007327408483150656,0.001041193780573222
2021-03-24,-0.012206888473922888,0.0036121827264106042,0.02477928785275589,-0.0011360781657388565,-0.005096706834697681,0.00536784120746613,0.003454859203276189,0.0005783473027409168
2021-03-25,-0.0006183260367473627,0.016686816933564965,0.0036644837497620463,0.004188029209371585,0.005609974091388905,-0.007916860781722844,-0.0036402714825327686,0.001732457735872699
2021-03-26,0.025110868786898003,0.015540709298151803,0.024489400647984525,0.018717923097219778,0.01598633901995853,-0.00350619261152129,0.002839374216722469,0.0029956577001382903
2021-03-29,-0.005214438115069891,-0.008767005233680314,-0.011968880733946828,0.004689215151442263,-0.0005052077317160275,-0.008524239849836272,-0.011967328788777756,0.0005751717537557219
2021-03-30,-0.009516078191981005,0.007019912065507837,-0.008667044222216326,-0.009056668130673908,-0.0026562671394485446,0.005226307999755484,-0.01723957501602924,-0.0024177159344553664
2021-03-31,0.015784985914307353,-0.007607063929130489,-0.006906044983269361,0.0019718265716819256,0.004045160204744872,-0.005595237790980888,0.015053975494509144,0.004829485313305443
2021-04-01,0.019904795464084017,0.012259394262225944,0.02515979090055284,-0.0030026083783763952,0.010741158859863077,0.01646050948638244,0.012549018493591777,0.0021151445916244693
2021-04-05,0.020456526821664274,0.0078022939501248695,-0.024141263251036084,0.006935340972173588,0.014250972784790325,-0.004372550735299153,-0.00037046965366193687,0.00045943264673276886
2021-04-06,-0.004275840424486299,-0.002017018877588897,-0.00265072631371616,-0.003847027550413839,-0.0005906115776233693,0.006769954950439964,0.007996616729269289,0.00172036351606019
2021-04-07,0.005287952801150864,0.004891477963167358,0.0034650449512190567,-0.002229373123673132,0.0011566053061915801,-0.006989321570095704,-0.0028223021365765604,-0.00034379007419145356
2021-04-08,0.014345329854363192,0.0002867232836886411,-0.013107077292961783,0.0015439522754490263,0.004735391626532471,0.00822166053828816,0.010694635856861524,0.0003437900741914487
2021-04-09,0.00956756837345098,0.008571862262029994,-0.006618434765791302,0.010911314360062613,0.007243995744744962,-0.0036297431833332045,-0.007566026934120144,-0.0006878132662406662
2021-04-12,-0.004807790214957089,0.0042582980515520836,-0.007916705822983396,0.0010169455465929896,0.00036456461013367454,-0.00043634339701056766,-0.006082067490100263,-0.0010325502498194658
2021-04-13,0.00938267017952919,-0.009392188520183361,0.0010452393632301943,0.004141589394558945,0.002959070259572238,0.0074657402539957,0.007061488473290135,0.0006888683655556649
2021-04-14,-0.010658970862188042,0.0059868836569339536,0.027410447973997876,-8.44663077757291e-05,-0.003420911609441143,-0.003182864394943809,-0.0043537794872208335,-0.00045980606190757525
2021-04-15,0.017028091582349962,-0.0008529931883027644,-0.008164909033861157,0.0169785742084427,0.010685204403087447,0.016596431559579017,0.0160335365383925,0.004009396072930977
2021-04-16,-0.00020928069240782,0.0070869267714035785,-0.008025665834802482,0.007436365791518036,0.0033368479827105228,-0.007796443566266331,0.0060295628147861114,-0.00205989187133636
2021-04-19,-0.008338963279611781,-0.0028286287198515327,-0.001033666350660273,0.00024685867024168374,-0.004925132239867048,-0.0028770478787245547,-0.0027691247303623773,-0.0016046298359065204
2021-04-20,-0.00890575596478045,-0.01887426833296966,-0.026830573194275346,0.003860466724716873,-0.0073485741127621495,0.0045983710963262,0.003550241996940974,-0.0017227991641975986
2021-04-21,0.010031010953518622,0.013761893350972642,0.012666554202059055,0.011736218395130414,0.009417666148802347,0.0020053944120348847,0.009862362310853667,0.003327429000104154
2021-04-22,-0.011807377528001891,-0.011167018369086899,-0.011817055473124286,-0.004466453163424926,-0.009175194163571649,0.004354803109181044,-0.00650425423162094,-0.0018343029343911997
2021-04-23,0.014825248101987964,0.01854305369307754,0.009086340355684579,0.006570712171451332,0.01078426885514363,-0.002353550606943696,-0.0038387727937765547,0.0026357679823677356
2021-04-26,0.005102772980512004,0.003949380942648949,0.006708527354981902,-0.003401546746055511,0.0020854457268460534,-0.0014293051686701704,0.002640755671589698,-0.0004581799624073609
2021-04-27,-0.0024435909978123374,0.00785169354306361,0.012045942830789183,-0.005776793320747657,-0.00021558007026580974,-0.008761297134922118,-0.0025205449092440876,-0.001374881828618586
2021-04-28,-0.009338630588596058,0.003903138235195056,0.03389450871788668,-0.0030236214093270404,-0.0002874863130176469,0.0006494762339735102,0.002940064461277065,0.001947488001035898
2021-04-29,-0.0008469471921754874,0.01765049125019125,0.011113413976777875,-0.004018701272194901,0.006352513510926626,-0.0029599884260213755,-0.004142547462168167,0.0011440006133498464
2021-04-30,-0.013720662348153485,-0.008786074086381844,-0.025585780903521187,-0.0029626209330128727,-0.006592161638788255,0.0023105121920478583,-0.003374702192485256,-0.00045725989641277637
2021-05-03,-0.002795635350756853,0.004951583259889168,0.027163583713921614,0.011309742302351178,0.002154455903466218,0.0005997807033180733,0.01289485518814097,0.0003898065913385513
2021-05-04,-0.01810877675898831,0.007927116651529622,0.0005906394089486455,0.0010586359148123895,-0.0061883849329476565,0.006763116735709166,-0.007356686965198023,-0.0005738233499866105
2021-05-05,-0.002414923761757841,0.008134331509536383,0.031785960387033914,0.0017894123994799832,0.0003126096433815627,0.0016480459593618357,0.00413361336698124,0.0019492457183043306
2021-05-06,0.009988131633663857,0.014743584973005971,0.00513724583015327,0.001299327697373976,0.007953870150767104,0.00164482120903619,0.016542002735280385,-0.00034350666649761056
2021-05-07,0.008523612317413875,0.005307993261084695,0.01768308344571808,0.0068745413728836064,0.0072517802368445555,-0.004943698130731474,0.00895658735382193,0.0006872383633962504
2021-05-10,-0.02557059596789436,-0.0007944877583923735,0.0003729685227087709,0.0012888238260977132,-0.009951840273197184,-0.01017868270266891,0.0030259218728549953,-0.0022929774152029934
2021-05-11,-0.0030300497418585693,-0.01790768477761962,-0.026059197557906415,-0.010845059877932743,-0.008964732803643852,-0.00567563810043375,0.0001742848474817966,-0.0010333454578588387
2021-05-12,-0.028528169632010398,-0.010301059589512971,0.004771713723033249,-0.009484239220613238,-0.02147420443352989,-0.010563566491059396,-0.009983483413452903,-0.004836947469853589
2021-05-13,0.013163950831834293,0.015948673727401847,-0.012260517771661041,0.00899573790436978,0.011940940931615863,0.001547623860183369,0.004098917859921596,0.0035726199560059523
2021-05-14,0.021782693043168447,0.015697422430897223,0.03056120921999777,0.005035014216393851,0.015238435720987344,0.00930793535624843,0.009074563611959028,0.0032155865525305277
2021-05-17,-0.007381167745971202,0.0018463621602513682,0.022917072684583817,-0.0018648182211992291,-0.002547455135298904,-0.0021177824462073405,0.011572105937362132,-0.0018360970179805672
2021-05-18,-0.00803327794320425,-0.014063771247628636,-0.023478294664661673,0.0003246186212649945,-0.008653038283384089,-0.0025622582954365988,0.0019442812059788442,-0.0024153282174529393
2021-05-19,0.003504267741639876,-0.006165866148418967,-0.02519293123696193,-0.0017053909858020715,-0.002625411579437663,-0.0024213854739463616,0.0006853819629941132,-0.002652284477580748
2021-05-20,0.01894546737439191,0.0005379269379258263,-0.0015358263678893857,0.0104291000562788,0.010700625905279038,0.00819536225702282,0.004556871795741219,0.00426292173846336
2021-05-21,-0.005491910351124972,0.009894491004011454,0.002111186678171415,0.0001608604782208654,-0.000819011533942582,0.0032007844291482832,0.00045446916842239933,0.0014934362137030044
2021-05-24,0.017613189988927348,0.00477851511855834,0.009919886499042864,0.000964420561950714,0.010142781169592493,0.0036977247960522344,0.001759487487714246,0.0011473517608477286
2021-05-25,0.0002886235569561792,-0.01011461090325241,-0.02052040850882261,-0.0029768055850562082,-0.0022212580727502093,0.009220713773430736,0.009031903514378268,0.00011505201479922842
2021-05-26,-7.191939314113698e-05,0.0029383590457329736,0.008873358864380933,-0.005818135734440049,0.001982388150864838,-0.0017227101231161671,-0.0017435678186662285,0.0003434745731250208
2021-05-27,-0.005279768675853487,0.011404467513084382,0.0007683095269539603,-0.0021905409643934973,0.0005249086168431241,-0.004030070708987837,0.0003940189892895408,-0.0004585265879243562
2021-05-28,0.003546995333569742,0.0018445250151102929,0.0019170524364258577,0.0038910358004885298,0.001787251849362965,-0.0015882682693298014,0.0037630876338542248,-0.0003440902308375066
2021-06-01,-0.004925720127061725,0.0060359760842261054,0.03777550293503427,-0.016560338391596808,-0.0008813532271739627,-0.00022434095562062572,-0.0026945732480542135,0.0029996177343626735
2021-06-02,0.006874464770811891,0.0015682838463785078,0.01845659840929807,-0.0019759421709326353,0.001571340473104719,0.002312898288046515,0.004878526963101577,0.0012611503402207803
2021-06-03,-0.009345991764730693,0.0023484203867805086,0.0027122634502780647,0.003044771924610989,-0.003718163717527167,-0.00376097804471117,-0.019772420864664846,-0.0020646333461585994
2021-06-04,0.019034400075735616,0.0026030361842806085,0.006658712518082042,0.003199516466291987,0.00910409116615721,0.01360181183225879,0.010725633264657355,0.002179121620757339
2021-06-07,-0.0002142284861424221,-0.006519740417439616,-0.004314042065287622,0.003597216284447045,-0.0009705048082557141,-0.0030781239351259093,0.003999619209610979,0.0003437281587617903
2021-06-08,7.133910639589946e-05,-0.0026201942549627442,0.008609880973337676,-0.003105958013870039,0.00021311833998785597,0.007001730907762395,-0.003096867753862795,0.0006873298895589077
2021-06-09,0.0007144691160217419,-0.009488522499938583,-0.006270777630228632,0.009613851798604604,-0.001493170531550924,0.008789957344593462,-0.0019193434836643904,0.0008011364815307841
2021-06-10,0.007324692181082284,-0.011721353616377661,-0.001258888090812896,0.016963984391539046,0.004637688127174993,0.005981248633084419,0.004285131517665339,0.0018278212505455718
2021-06-11,0.005934621864514765,0.006410652475835142,-0.0034248857050905757,-0.007120423384220744,0.0016512285401927172,-0.0016145081540891696,-0.011316177890912231,0.00034281333309372055
2021-06-14,0.010091445368992404,-0.010437776547309,-0.004343176264466271,0.0008826235434585281,0.002236540446598713,-0.007689243685109212,-0.005878166410042197,-0.0009140891534179733
2021-06-15,-0.006154989400331307,0.001881484516640168,0.018863441168305673,0.0003208694781173871,-0.0018361093985186404,-0.0012039935171287558,-0.0037848631237422004,-0.00011379411473893053
2021-06-16,-0.005417399942291387,-0.0010750521312943623,-0.005353390504697965,-0.0038564468562049827,-0.005598694777806288,-0.00085167163654226,-0.01703600368035545,-0.0013721186570486092
2021-06-17,0.011502746594416614,-0.03001553023299198,-0.03458644899649808,0.007618541824350958,-0.00033198027933273045,0.014860620964894308,-0.03122282591641038,0.0006863515496546875
2021-06-18,-0.009177329488431621,-0.024394716853952156,-0.03008338246632228,-0.011490386243314521,-0.013582074324801408,0.018631328071295715,-0.005562705142465907,-0.0004569842080882979
2021-06-21,0.01065978285083584,0.023070879651424434,0.0417317829068579,0.011943872713927389,0.014214352257088048,-0.01688449918432565,0.012173251058176099,0.0019423326120608553
2021-06-22,0.009028173144934927,0.0016695343912588262,0.006635972263095908,0.002162227611448814,0.00533195798956194,0.0024397216124698454,-0.00420166857422807,0.0006846360905515368
2021-06-23,-0.0011066751717091654,0.0019442354082118674,0.0027520719056538232,-0.004168411023432331,-0.0012061269004343823,-0.0025797735570204853,-0.0006618767987564016,-0.0010271868060345711
2021-06-24,0.006278026328254245,0.012408762101832406,0.008574333418137254,0.005127778082086139,0.005898469122866814,0.0016045740826079742,-0.0006021199876096117,0.003078513774286654
2021-06-25,-0.0011699300596066757,0.011985947806725896,0.005254095397342273,0.004544974413259808,0.003545707196315169,-0.010437458267973293,0.003306999189259349,0.0010238047363589958
2021-06-28,0.010411737051096128,-0.007337908646096426,-0.03437509125415226,0.0015103472046172105,0.0020138488419814693,0.010227961583925723,-5.999643961855651e-05,-0.00011340251351507665
2021-06-29,0.007264894201721282,-0.0035523174973528773,-0.0048745823095063204,0.0011114295469788,0.0005380478149932056,0.001671565313464344,-0.010561034647227364,0.0012502251846889382
2021-06-30,-0.0010830370820659866,0.0043703549686637515,0.01232745081683941,-0.0006347551357119107,0.0008415281203241584,0.00444383323703569,0.004841763592293601,0.00011348688814751131
2021-07-01,0.0016916233897871073,0.007872974392398658,0.017298976450575522,0.008852837385526018,0.0055212170225221215,5.507003659027362e-05,0.0034354496150826534,0.0019587828660423694
2021-07-02,0.013097658044266686,-0.001082156504125027,-0.0021917549183286806,0.00955530112127637,0.007614451150416773,0.006016924763993087,0.0065369291506959725,0.001590668774581863
2021-07-06,0.00379631083828889,-0.015825905342485905,-0.03308855256579308,-0.0009357251587059132,-0.0018231985468208764,0.011652540046138709,0.004949187883217545,-0.0005680309588773004
2021-07-07,0.005436294855156774,0.0013741868031246743,-0.016387694868773315,0.006299777822554606,0.003527868697584172,0.008819719212902736,0.0037995736126820853,0.00034072210881466643
2021-07-08,-0.009499464629668785,-0.020253226753756296,-0.005780161275483688,-0.005519828336151787,-0.008181175170927557,0.003910100659554698,-0.0006520293887520076,-0.002160095742449393
2021-07-09,0.009169024510353055,0.028458925973038108,0.021033096450103667,0.0034244796497697894,0.010618001113356656,-0.014161948453314284,0.0033150614410246745,0.001705999203639562
2021-07-12,0.0007931657193725755,0.009758754736474043,-0.0015147030882145022,0.001940534175124607,0.0035755541809569095,-0.0012975953401426232,-0.0012418718351821449,-0.0003413278633775827
2021-07-13,0.004088898574502457,-0.010848987992668554,-0.0076089034195931035,-0.0009311808130338225,-0.0034147156909052406,-0.007683120384688206,0.0013009357869861221,-0.002959823717913981
2021-07-14,0.007344138091242917,-0.004646542162066184,-0.030240792653581903,-0.0009318567446897567,0.0014909543627857995,0.011297514367451352,0.010697757313475486,0.0015951523776519818
2021-07-15,-0.008265920299912799,0.003282105283365675,-0.014072193363178895,-0.0035019762671708006,-0.0034213023727179244,0.010970419312340775,0.00017546425482688882,-0.0006831476532570033
2021-07-16,-0.009930742351302788,-0.01374775020863586,-0.02875286638218364,0.0027247544282067056,-0.007874537883039745,-0.0018876318932911553,-0.009751038308664079,-0.001368602005897743
2021-07-19,-0.01386800929113314,-0.028360823458807194,-0.03597190848917041,-0.010551565561069825,-0.014878134033569839,0.021691377283050085,0.001179853512608669,-0.006752447908108645
2021-07-20,0.014732614821389788,0.024477202407932372,0.013326293522187314,0.01210553351780028,0.014228811047204118,-0.009685876562883904,-0.0012979424872485647,0.005040700362230446
2021-07-21,0.009592824714689802,0.017085006848042424,0.03428696681837162,0.0016287396185688478,0.008063643787483954,-0.012747808927897319,-0.003726190289074976,0.002396395734261151
2021-07-22,0.007347546766414934,-0.01098873046003912,-0.01123042380979821,0.007335619425737191,0.002091972657947517,0.009408959550205591,0.0019535411866020086,0.0005697303586828162
2021-07-23,0.009885483185952318,0.0016558272015627558,-0.003702760165847721,0.011473989293830665,0.010235420573850263,-0.006711390037837876,-0.003139340880551927,0.0019345009805832034
2021-07-26,-0.0005179942685757622,0.0057748648875201826,0.024430882754436983,-0.006485521808444413,0.0024518519297256776,-0.0029675759921689642,-0.0023758261058627853,-0.0014789276978995158
2021-07-27,-0.009498429682485252,-0.0002743252970647834,-0.00929486834816284,0.004658788751369368,-0.0045678999069929645,0.010615142774141122,0.0016636888817755746,-0.0013676822328877545
2021-07-28,-0.001242825426379674,-0.001372301004897471,0.009093731866970156,0.0035747163833570734,-0.0004101064928244767,6.63919356650294e-05,0.0050335632022407,0.000798211442922211
2021-07-29,0.004636158829898616,0.010926037198198122,0.009609929606578815,0.0024266203831629063,0.004138601764833968,-0.00556149110847971,0.011044023020098688,0.002162739475140256
2021-07-30,-0.0006518133008985945,-0.007909252637752587,-0.016068027215677783,0.0009085679512306025,-0.004868186284836247,0.004692963636285045,-0.007918108309762988,-0.0013652775755015958
2021-08-02,-0.0035918109699693396,0.000273761121978463,-0.0075194967922712535,0.0013610570120728305,-0.002100255618169379,0.008879381019925832,-0.0012374082182159806,-0.0024816753002593174
2021-08-03,0.006391362159355353,0.011161172856937336,0.016990401992628315,0.013809036921066184,0.0081023798316652,0.0005307739256703949,-0.0007077270423842932,0.001144266684774713
2021-08-04,0.0020128716267246863,-0.008427562564103987,-0.027448946280332558,-0.004257381224934273,-0.004930908619967664,0.0020542400821523896,0.00023593466942563418,-0.0018316822462687314
2021-08-05,0.005499588596474108,0.013018661869143302,0.011274256741921281,-0.004125505660976414,0.006312926301397643,-0.005110460952205681,-0.003959922253451811,0.00228902255476006
2021-08-06,-0.0008391568886372586,0.020008587058588732,0.009130357874033263,-0.000826887214548756,0.0016510021193953288,-0.016842246390958316,-0.025308704477345147,-0.0011438563244910089
2021-08-09,-0.0032340026482342936,0.002638253893117129,-0.014239302043561294,0.0038289811046699576,-0.0008139268374688887,-0.003592633307495703,-0.017894816057729707,-0.002291531971642384
2021-08-10,-0.007217007747151253,0.0104820125319897,0.017466058322618678,-0.0023259061495475223,0.0012430075990591703,-0.0046285273451704845,0.00030914743149373187,-0.002296226858742871
2021-08-11,0.00013050360782528118,0.011405396585307129,0.007821219445830613,-0.00996372701104838,0.0024819766790684728,-0.0006140228136677566,0.01369082807188368,0.0016078895653616196
2021-08-12,0.00572505490905252,0.0018022338032093201,-0.000999431995087791,0.007858652522977102,0.0029927556463840584,-0.0016398307210379335,0.00024383177142714218,0.0017205220639087077
2021-08-13,0.00543460876714504,-0.007488618073098144,-0.011868013563901752,0.006227797216205164,0.0018179782309379355,0.015672592143581552,0.014224167163591615,0.0021745595163796022
2021-08-16,0.0045062690552979436,-0.0025955853064971862,-0.01858514478185288,0.011305330197193564,0.002351905513930965,0.0024199202524821245,0.004975891262677384,0.0003428899143382213
2021-08-17,-0.008320417434228325,-0.007041398680254978,-0.010360686648635115,0.011764093440575748,-0.006576808019461378,-0.0004027334166112899,-0.001496155150116038,-0.0022883077375202483
2021-08-18,-0.01389133743233969,-0.012376513958706179,-0.021049074370707497,-0.015320454193815879,-0.01100546589222646,0.003353161530725172,0.0007783092556947036,-0.002293896648070749
2021-08-19,0.009737543219283433,-0.007446853363609675,-0.02629428190184733,0.0045170927809123915,0.0015473414487669499,0.00733910036120151,-0.0029367165231408677,-0.00011488416294714529
2021-08-20,0.012795326822064971,0.00612101671464925,0.0021812933359321852,0.005673439735703023,0.007925433577098066,0.0006639771619108717,0.0005400158455303154,0.0024087808110179404
2021-08-23,0.012823372800019925,0.008191512745284709,0.0367956016825621,0.000367331553405856,0.008758289844388067,-0.0006639771619109847,0.012104007439095057,0.0030877767285044165
2021-08-24,-0.001141753594808622,0.0060340784777905615,0.01645711303021533,-0.003531564690419132,0.0015859327185171182,-0.00780759716353139,-0.0004742535717267673,0.0013701927498894024
2021-08-25,-0.000571366020271187,0.01170239470003163,0.007615641493959817,-0.0027307665226684956,0.0020962589931802426,-0.008341214354772352,-0.006961609676564189,0.0010255128180662156
2021-08-26,-0.006306161798276625,-0.004924310103630509,-0.015289631761537463,-0.0039247451304903,-0.005920612254733786,0.0027658411233766993,0.001133835388463418,-0.0005699876912368463
2021-08-27,0.009603191236641384,0.01316331213993464,0.02630098095332848,-0.0011132041611026107,0.008901135023625557,0.006780687135798071,0.014917723322635659,0.002732847919327588
2021-08-30,0.01070194687836813,-0.014203100431055622,-0.011832007305716426,0.005628930339434293,0.004387940296165535,0.0026060928304747237,-0.004947859047149437,0.0012495866056475545
2021-08-31,-0.005274101914927288,-0.0013013385597858906,-0.0067949833800342715,-0.0013301531515348133,-0.0014826261192963115,-0.006830492142780891,0.00200564206756742,0.00022661159918472765
2021-09-01,0.00025207346994488917,-0.005745572981314684,-0.014778192541195955,0.00029578313123732356,0.000531337284728647,0.00167380408461757,5.88968847449306e-05,0.0008537936477403613
2021-09-02,-0.0010704803247934861,0.0033993852366238694,0.025055727310183795,0.010663856788374308,0.0030718032314207286,0.004356353987890299,-0.002655242464544409,0.0012511599233161188
2021-09-03,0.003960944577504726,-0.0062845986863543195,-0.0057424195289172576,0.0010964769755745776,-0.00024278657002110724,-0.00913653206112061,0.010637446088029513,0.00011332829191345716
2021-09-07,0.0002508855842359151,-0.006059843160586351,-0.005982464508810522,-0.005862969615938906,-0.003581797773767067,-0.008471734557467112,-0.019778020504279115,-0.0026167664146754337
2021-09-08,-0.0038339823637254214,-0.002381279952052838,-0.012911577020342391,-0.00044091622025481684,-0.0012191072822385404,0.006783385106632281,-0.002507544166051433,0.0011391315892967946
2021-09-09,-0.003785918287044667,0.0029094164290082683,0.0020938885949695835,-0.01161219168692781,-0.004289389514238432,0.012027706810305468,0.004413734414974538,0.0009096324305684525
2021-09-10,-0.00991039013167523,-0.007422834142381124,-0.00041848415539058825,-0.009192506228407548,-0.007915838620609971,-0.008855745141002059,-0.005071495164425335,-0.0014790360226285453
2021-09-13,0.00031928936822004137,0.011377282224646738,0.0282638648173785,-0.00617557985498878,0.0025559569603726944,0.0060460218114879085,0.0033441618437189445,0.0025017901780625207
2021-09-14,-0.0012774662372765212,-0.013508488494198037,-0.014548057622476334,-0.00015116056837653207,-0.0054110549761542,0.012050892085231186,0.006417907636002404,-0.0004547517606239028
2021-09-15,0.008717234766822271,0.009554040411932429,0.03667729551533701,0.006476638555991882,0.008317741315127665,-0.0035137146287425574,-0.005881528710091136,0.0014757900808725138
2021-09-16,0.0005699267542358496,-0.002909416429008375,-0.011405801669919433,-0.0025553586679735907,-0.0015861061763193663,-0.004592845560048726,-0.022902242747818987,-0.0003405285539256513
2021-09-17,-0.015698170821598245,-0.0045134177133727745,-0.007474112704764981,0.000977891139549489,-0.009788982548862802,-0.004815365422044352,-0.0015862999324902439,-0.0012485898188602806
2021-09-20,-0.018382320765789627,-0.02347064109019024,-0.031012605650479887,-0.010490086345961037,-0.01681472994498171,0.012326521552146608,0.007118755657039398,-0.003529115356452525
2021-09-21,0.0003937284774329342,-0.0013688948214770453,0.002325793225697947,0.0015239778958793999,-0.0009451846408330897,-0.0008619956471066684,0.00664689654260444,0.0017092894509668545
2021-09-22,0.013617191575354204,0.01657400028464331,0.030368541600035784,0.0016735790085764199,0.009707460029356636,0.005947135574849425,-0.0037409995549623856,0.0018198259054856439
2021-09-23,0.013306461638241385,0.02422591473520085,0.0344339360437609,0.007194362168667167,0.01207705795931349,-0.02285604229087194,-0.011613566243419594,0.0004541316484303223
2021-09-24,0.0007023930150307866,0.005246592832448091,0.007493858337201033,-0.0040829923484946625,0.001645730667466288,-0.009821654827146394,-0.0012850982867509395,-0.0014773551671465816
2021-09-27,-0.009746966957568588,0.01351393081485575,0.03494207494603548,-0.014347113184482525,-0.0028651047320592004,-0.0036827273742469795,0.0020798706668898187,-0.0009104866068090285
2021-09-28,-0.030089252088768302,-0.016658387144290826,0.003408896219371707,-0.017289365612523165,-0.020357637117603647,-0.015699139833186403,-0.009763940911599527,-0.004564796770024873
2021-09-29,-0.0012624447402343143,0.0007869874043650138,0.0,0.007867624258733691,0.0016817457709054444,0.0017336759212975331,-0.0045149330127863515,0.0018283524423563953
2021-09-30,-0.007206893892278236,-0.01586095204820054,-0.015241025228892256,-0.012335113424646004,-0.01229756302932009,-0.0001388779989943894,0.01781698430701417,-0.0011423425543991273
2021-10-01,0.014956001357959527,0.016385410707642444,0.03304360206307747,0.0002355749671166429,0.011814052619288253,0.008380448921629082,0.0022505110921036547,0.0023944135965385366
2021-10-04,-0.023430042256609846,-0.008687738242285992,0.01621259151250638,-0.015353377019134255,-0.012979956952909941,-0.0025487391089556535,0.004667408258473528,-0.003553174227780733
2021-10-05,0.014150493714015146,0.019377253782875803,0.005830980878743417,0.005963543015729254,0.01035143103522412,-0.009703364746608607,-0.004667408258473519,-0.0004596607716818865
2021-10-06,0.006504641175584606,0.0010367408367393236,-0.010593919708820678,-0.0018248880873656856,0.004147407490726447,0.005625173878468556,0.002669757352534067,-0.0005744499066684905
2021-10-07,0.009088564323727885,0.005941181992611614,0.007682597515792559,0.013176206337490061,0.00860856328758164,-0.010512300810514562,-0.005285683868044846,0.00011548077351079765
2021-10-08,-0.003743804132405319,0.004881039299606377,0.030329751882664988,-0.00502913658107983,-0.0018257269986130629,-0.00702421929936961,0.00042627404378714777,-0.002992690648017108
2021-10-11,-0.005543442004516661,-0.010045103283287265,-0.003718972458890988,-0.00782951526743383,-0.007265995591193064,-0.0025399539218527918,-0.0018893655741350408,-0.00311659959554609
2021-10-12,-0.0051744832089583885,-0.0031113517967153283,0.0008866605228553003,-0.004854941520025984,-0.0024645982758381407,0.01695504381635161,0.004504271350483098,0.0018481132963025972
2021-10-13,0.006100352803136378,-0.005729032435021989,-0.0008866605228553762,0.0015943022835692782,0.003591308664901366,0.009679646921461426,0.01763773443447277,0.002650580214701171
2021-10-14,0.022293868774314454,0.016576302122187817,0.012168485476324379,0.01423619058098743,0.01668081502992089,0.003708544511915594,0.0024434808580754102,0.005624258397790897
2021-10-15,0.007985103725760922,0.014788648382814478,0.004895825166800718,0.004935387386432939,0.007586822614860616,-0.005844321322192877,-0.0160204917648545,-0.0017175410534668448
2021-10-18,0.008430619654730158,0.00025289567509267344,0.0006975180943271085,-0.006821846910658116,0.0029563274864994335,0.004678210830483114,-0.002482990902389477,-0.00045947856694320124
2021-10-19,0.00987301719244579,0.009820304744261833,0.011266076764299849,0.013053836434042567,0.007685002019343878,-0.013890546664260182,0.003208519186409284,0.0006878438821722473
2021-10-20,-0.002774747282925229,0.007985867531606025,0.008068249664462282,0.014187910964658195,0.003920071949123865,-0.006773059951972617,0.008725778175468667,0.00034402598545999353
2021-10-21,0.0038449330310562956,-0.004234643583821038,-0.01863760726880286,0.004049625514749099,0.0026049416145556737,-0.0011921117753382535,-0.0008991093021597419,-0.0025241806861153117
2021-10-22,-0.003466145525517324,0.013882162397259203,0.009362145599633814,0.0040333545077100835,-0.001036820760608069,0.010953107002057974,0.006098334452755203,-0.00241541372070016
2021-10-25,0.003277226260909894,-0.0012315497891836073,0.01456133313421842,0.001214542800787998,0.005348568289393509,-0.001527705195110064,0.006890365329616705,0.001725390577603669
2021-10-26,0.0028274715018555786,0.0007392948660075152,0.0057656631597737115,0.0049183203603954985,0.0008995825693311685,0.008235379465256602,-0.007427027125168416,0.00023021114324731572
2021-10-27,-0.00087877715339875,-0.016640264717626026,-0.029166530170741917,-0.007957291558724367,-0.004440015520190127,0.018030565917366938,0.0026206236403640355,-0.0008043327335245094
2021-10-28,0.009997496370690445,0.01219678547847837,0.007112380039872711,0.008334847752567981,0.009602653778574336,-0.003389932743405601,-0.00023791366260843256,0.0025271442088707
2021-10-29,0.004280845361533295,-0.003966346501959356,-0.006590275608925631,0.00968665543702032,0.002027092338419055,0.0030512146177243083,-0.008544299301700552,-0.0026425052684944804
2021-11-01,-0.0014870994246985075,0.0004966160765307991,0.017079740457381653,-0.0011964707049389688,0.0017186074606801974,-0.007225761986285197,0.005207004497418708,-0.0010740273765273008
2021-11-02,0.00876583588160601,0.002479796578399462,-0.00945269060364073,0.006264721699988424,0.004035112938200956,0.004428207449004737,-0.0021513131388870075,0.0024229533185634662
2021-11-03,0.0058215662230191425,0.0037075407635507717,-0.008323275741564882,0.005856367296805779,0.006086504654697846,-0.010386686030165829,-0.0083501482773226,0.0019581558518242596
2021-11-04,0.015521046963103953,-0.01316281591347635,0.0013919673823885224,-0.006897776086688575,0.004701368665379283,0.010455100863351774,0.011277125295739413,0.002641654956823778
2021-11-05,0.00516043978906786,0.000499843222641734,0.012957070465240564,-0.011226739999159335,0.003463734977613421,0.014844963720502362,0.012978359326946427,0.003778305949791972
2021-11-08,0.005372350094582519,0.0054821564457501765,0.009055856794127853,0.005928381327685161,0.000853349069212219,-0.001876855519973656,0.003585184846901929,-0.0012578871531015961
2021-11-09,-0.004116321579155668,-0.0054821564457501245,0.004074059715103463,-0.003672754914751074,-0.0033108699178455393,0.012934301303490894,0.004916006634195484,0.0008004429686762265
2021-11-10,-0.016635889099635554,-0.001750597098268536,-0.026782728469036593,0.002849399696218694,-0.00807743528700672,-0.01845220100024088,0.010800248284572371,-0.005618291264067641
2021-11-11,0.004669061668729654,0.0027495346376457857,0.0038206407833783116,-0.002924727252461308,0.0003234544175563491,-0.0014857523046290294,0.005586453042738802,-0.001725809522492512
2021-11-12,0.012086546785466737,0.0022441218575525584,-0.00242940752807219,0.00494452023343817,0.007518553985204086,-0.00440187704901709,0.0018934614978916627,0.000345377712521253
2021-11-15,-0.0010165595598606528,0.0,0.00830591389663543,-0.006222068994340481,0.00034238921527130904,-0.012636751510492211,-0.00154894492430588,-0.0011520618390356379
2021-11-16,0.010475022029021041,-0.0009965942894119212,0.00154974627851034,0.0042022760133635624,0.003949930602665185,-0.0025463441180656244,-0.007260156004477963,0.0004609614541255279
2021-11-17,-0.0030241897160665225,-0.011534929007235526,-0.0154316167609213,0.0014219678549654293,-0.0024320215276006293,0.007893826053318344,0.009095692432078762,-0.0010375469404278169
2021-11-18,0.009927721799622648,-0.005056892476525306,-0.005958818450414606,0.00037353686607102354,0.0033905842507214044,0.0037533145036447208,-0.0032143154449525086,-0.0008079142362501805
2021-11-19,0.0072643861339008265,-0.01095959344149707,-0.03980446373413323,-0.006073210272321681,-0.0017899501966151493,0.010502746735415751,-0.007675708262916443,-0.0008083412569510089
2021-11-22,-0.01121196251842413,0.013996921726175327,0.0175873676685685,-0.00452226406638313,-0.0028191788853376837,-0.01179792208394735,-0.02267561664312034,-0.0038191882454601026
2021-11-23,-0.0023048841238876476,0.015546894976021547,0.03027034776734308,0.0010571185504661196,0.0013252641730205593,-0.014564150395584586,-0.008690053468478977,-0.0013928542635563718
2021-11-24,0.007251329530202413,-0.0022417828156286817,0.00971733993284658,-0.0003776132453233855,0.0026662943115749464,0.01592774970970954,-0.0009569597921073518,-0.00023255857695267585
2021-11-26,-0.025281541467372378,-0.033729579390557075,-0.04106646000948556,-0.003706060704940868,-0.022555716367346115,0.024955423138615398,-0.0016168462526691021,-0.007227681081846613
2021-11-29,0.02469394484356468,0.0030901998681919715,0.005740773783229281,0.0027242807153950903,0.012192092268185082,-0.008070886647927098,-0.0013795005365548109,0.006181806991283909
2021-11-30,-0.008380956332397613,-0.024204194837072687,-0.02371369950764774,-0.019843432075099372,-0.01964943304325648,0.015087492847892845,-0.006744546424564762,-0.004194697993212828
2021-12-01,-0.01378594818668754,-0.01112578188014394,-0.01068146844221714,-0.0017744066885736743,-0.011169394808621681,0.006149676019208992,0.003980006790395922,0.00014061772819445268
2021-12-02,0.00915193006425337,0.02939852009645606,0.028654394166635736,0.004853139816632005,0.01520038852467511,0.0012467538083785292,-0.005552205835401061,0.007352529187270611
2021-12-03,-0.0168736707927376,-0.01643034409789659,-0.007948304233991616,0.0018423226397255592,-0.00873950867684176,0.01186138549619937,0.008376819081740972,0.0
2021-12-06,0.009462780902256645,0.015136209685122266,0.014761999237170321,0.0056602077385979055,0.011773708425789571,-0.013829966367868492,-0.0024635953850727986,0.004408642930704529
2021-12-07,0.03431757537902195,0.017713086757004403,0.02313964988375202,0.012807489593826214,0.02047369094645938,-0.008112745341391376,0.0035432060613326127,0.005311796856722393
2021-12-08,0.004568510291306703,-0.00535786671848012,-0.00017471674709164,0.007501938645389974,0.0026445560572032393,-0.01743589687739574,0.0005393685677794685,-0.0002310803533763195
2021-12-09,-0.010848449381307598,-0.002048843249638811,-0.007713886242374936,0.002314285722173906,-0.00677445046101702,0.005577205822951976,-0.006130129283900702,-0.004501755256116721
2021-12-10,0.01986651697749881,0.0010249991960920978,0.007364596396819074,0.0034982863493741804,0.00936920555093149,-0.0024152497125672274,0.004211020685246302,0.0023110343546136176
2021-12-13,-0.014978878679283191,-0.010813542598932833,-0.02817076270091118,0.009392635953154637,-0.008897617831784005,0.014670775681063584,0.002518126917516811,0.0
2021-12-14,-0.01656318074613449,0.005936261799255032,-0.004141814113923658,-0.0040565973308186246,-0.0069035330265684435,-0.0023857360544296685,-0.009385206339641532,-0.0017325209575773026
2021-12-15,0.026152589566095806,0.002826654386308281,-0.004883550741782229,0.020266180911704214,0.015503871794168938,-0.009668211029791353,0.004282351988516796,0.0038082437505770747
2021-12-16,-0.028752551968279968,0.012495374640625289,0.006326128258540753,0.0059214569597649,-0.008857401666057859,0.0003887381812723815,0.012024970840539904,-0.00074010378888442
2021-12-17,-0.006708624480051802,-0.02229454677779195,-0.020570388622026665,-0.007008528283066902,-0.010700146787171079,0.01126825617539451,-0.002143116686188639,-0.0009251968898025553
2021-12-20,-0.011965273299359518,-0.019614864835166442,-0.012466981075949214,-0.006073931949965431,-0.010690232468893944,-0.0075203213111358965,-0.004240244730917084,-0.0017389159506572642
2021-12-21,0.024991556569099543,0.02050002023697424,0.028087159946948975,0.004165190987206797,0.01760312681340457,-0.0038150177586639498,-0.00041897618344674124,0.005321371445374377
2021-12-22,0.012992813968467357,0.0046715119247852845,0.006399269736152822,0.011600239774579052,0.009949110682486759,0.004616059737425198,0.00935611880010715,0.002649544849753103
2021-12-23,0.005566365633325847,0.005165277997734182,0.0005466703925691917,0.004100466745787374,0.006202629739989053,-0.008714854799813671,0.002251481491211197,0.0028727714112596215
2021-12-27,0.02122581828406991,0.010251302980738414,0.02162223740696823,0.010497432357813202,0.014053119042470981,0.002421153670075581,0.002364450476828884,0.001031525292761763
2021-12-28,-0.005221772491020577,0.0005097593152192016,-0.0007132040633979202,-0.0026319242315333644,-0.0008175344496549055,-0.003971530810322252,-0.004319380340024978,-0.00045780389176932777
2021-12-29,0.0008533817876635558,-0.0012750954932600929,-0.006442307525810772,0.00568161239357544,0.0012783574551544997,-0.010984012856241938,-0.0002965516280151311,-0.0016068703428009402
2021-12-30,-0.006617405958860437,-0.0017875755388401097,-0.006122855052886102,0.002051780211004983,-0.002768400554296621,0.008351325170821955,0.007151581744182501,-0.000459197311072464
2021-12-31,-0.00487692113348092,-0.0017908818873339188,0.0025255671804698763,-0.004249491685203463,-0.00252322235972437,0.001958647467421862,0.006808358432551388,-0.00023001308761871168
2022-01-03,0.009445111754217445,0.01221673729341712,0.0305205349351362,-0.010345238686007344,0.005773091595141576,-0.026600767844721186,-0.015503300973700684,-0.0004601849541701834
2022-01-04,-0.010653564208131402,0.025969293718338206,0.034018105966004825,-0.013283266248325619,-0.00033493081079482374,-0.004166349150135596,0.007339514803169255,-0.002532679468610284
2022-01-05,-0.031232474165714067,-0.011652616664829356,-0.00016910547771739376,-0.0071478292334350695,-0.019388923778980067,-0.005443174514907644,-0.003012197052209778,-0.007753122802972828
2022-01-06,-0.005062543590684028,0.014605885880069284,0.022056165923772523,-0.011632222565746721,-0.0009398465434183173,0.0025857859340647923,-0.012319703780209438,0.0001155778427377168
2022-01-07,-0.009238516321187098,0.011727621834923476,0.01362344720787435,-0.005122402055914001,-0.0039613191592866945,-0.007213997021432287,0.004540812572282988,-0.0025580356517751752
2022-01-10,0.0001811785168659426,-0.0034064639348624546,-0.003102059617217204,0.010218939741850381,-0.0012451245003633096,0.0024567858271121656,0.0030355936239956378,0.0008148156272491298
2022-01-11,0.011919201643039005,0.008736157778162525,0.03344877313873475,0.007925799098337556,0.009066947334124364,0.0066394434186393715,0.01199245713664559,0.004643427804013355
2022-01-12,0.004692941782368582,0.0007243731738310676,0.0018961479553798047,-0.002854924642825516,0.0026998791080803065,-0.0038381538380482627,0.0026391371424113854,0.0016203328941124203
2022-01-13,-0.026239121330790812,-0.0038705295688528005,-0.005064078139159867,-0.015662411686728297,-0.01387438604691539,0.008840926916142907,-0.003402771341298051,-0.003591093711153291
2022-01-14,0.0084207199330578,-0.010476179578269644,0.023209418869255757,-0.0017138726080179545,0.00040884990716244735,-0.015224769916672862,-0.002883829150556528,-0.000929446962446384
2022-01-18,-0.024303504341240935,-0.022540088071041943,0.0040224081969411594,-0.014121797777850541,-0.017868184803736573,-0.014174470142028843,-0.0016516182679313014,-0.004890215670103214
2022-01-19,-0.01406769956714751,-0.016925961359223193,-0.007282981208592929,-0.004093590094508462,-0.010437839621807705,0.0069000901622776264,0.015755750605134237,-0.0009339652749325124
2022-01-20,-0.012998113800486431,-0.0063892177558503935,-0.009218218461720329,-0.0065538542177270885,-0.011129751348605027,0.006147406202027906,-0.0025020112544038944,-0.0018715761132374752
2022-01-21,-0.020078179921124425,-0.02072656674289001,-0.019975157064072022,-0.0101435584831735,-0.019826012584984586,0.011836543941394866,-0.003267771913809988,0.00011748171135179917
2022-01-24,0.005170382965649733,0.0028754572477959007,0.006702700219905468,-0.0033268299321939938,0.004237900525600895,-0.008249833293240012,0.005479160681096094,-0.0010541861250154844
2022-01-25,-0.023414074281452944,0.0041678464399470035,0.038075965459691295,-0.006452774418264676,-0.012284158089479814,-0.001615495420996788,0.003192034576976311,-0.002933097915704058
2022-01-26,0.005855882519102041,0.0025958839961953513,-0.0016854448544958887,-0.00523957750361075,-0.002511844266526341,-0.012168002279884692,-0.01629856790431354,-0.0034142020121935373
2022-01-27,-0.006912220132361782,-0.009115390599033265,0.010830732158585663,0.0025839590097764733,-0.004950270661349893,0.018197051674649144,-0.01298211532059733,-0.004371772407846699
2022-01-28,0.04280208104084508,0.012996996592995297,-0.0042574308324829025,0.02020575108910336,0.024532060881209364,0.000348864837786106,-0.002987752337666492,0.0028382719810865127
2022-01-31,0.024815950764476728,0.008742887182789438,0.004409027170783838,0.0057316873876416515,0.01785057209995649,-0.0051833322710810575,0.005907056331230696,0.00023588193885339128
2022-02-01,0.00258964963023398,0.013729869646666662,0.03502847021813874,0.0026637144789214535,0.006734335240991141,-0.0033249295457672893,0.0008325368758188378,0.003961702433666667
2022-02-02,0.008095842401768883,0.006795245456974669,0.0032175529695093845,0.013362120256134882,0.009667256536204708,0.0033813985102367178,0.00361943388995412,0.001533248506580378
2022-02-03,-0.029443949794319132,-0.011097162626227118,-0.009535990868548,-0.004283450756073887,-0.023785674591032913,-0.00783660047231028,-0.0014224174555621005,-0.008996399783992543
2022-02-04,0.00401800618377621,0.01684933500589989,0.015504248840399604,-0.0036217438369836206,0.004691095714359938,-0.014852058607724448,0.0015408910869810946,-0.0039316290059814305
2022-02-07,-0.006664105463529969,0.0029880364304555513,0.01269122774781693,-0.0017398655790933977,-0.0032141782131213845,0.0006472487592518215,0.007375317353577323,-0.0007165685009080382
2022-02-08,0.012287358217167392,0.013827217650198653,-0.021730877111317742,0.00814411894889965,0.00819412463540043,-0.006708311039990871,0.0030522079460774463,-0.0010757005382409982
2022-02-09,0.021938168110178128,0.006355658199902424,0.008313728231970085,0.007705762612414491,0.014529758170250507,0.001879852711066227,0.003393414275398407,0.005248117490393131
2022-02-10,-0.026496995698233328,-0.008810891885841738,-0.0062651725222182784,-0.015774352589169368,-0.018128824565485247,-0.016020430930344776,-0.0038037857675304026,-0.013292741935372705
2022-02-11,-0.031020015340582817,-0.01411070166657541,0.028670183903407972,-0.013952209587880906,-0.01991579693363034,0.014719435092332762,0.018875607865561438,-0.0035024083749374017
2022-02-14,-0.0003228220066811622,-0.011282686534578375,-0.023858629807678246,-0.010263454785870785,-0.0032746278859321224,-0.0125194465008995,0.005336451777182292,-0.0016949227200597447
2022-02-15,0.025945652430336065,0.013523864494201213,-0.010527803706377343,0.011184400452580665,0.015998304985389927,-0.011417617620172136,-0.009545260370239185,0.001694922720059618
2022-02-16,-0.001007420842387826,0.0007459104748686972,0.008052199738685414,0.0015330480646358181,0.0011201440927681855,0.005909197980738833,0.01023173130733765,0.005549923945943633
2022-02-17,-0.03037801875325096,-0.02517101104954521,-0.0016053389281286742,-0.016214225378177308,-0.021592898988283298,0.0074112211575737535,0.013575508168976262,-0.004219935382607538
2022-02-18,-0.010181380942825146,-0.0002550168557968457,-0.006152746590130826,-0.0075005082310417,-0.0064959555238026856,0.010471978221492314,-0.000733724019731723,0.0014487651558774029
2022-02-22,-0.009292557768295946,-0.0051123574763878195,-0.016296730102069397,-0.002512766272091314,-0.01078983100148732,0.0026008050407404586,0.002086858856896338,-0.0022947996468423147
2022-02-23,-0.025346646673227724,-0.017580623499284766,0.010253437303380774,-0.005044683449486161,-0.017897856923494,-0.01387759755226869,0.004497100140272996,-0.0018151268957076732
2022-02-24,0.03358900336173856,-0.012070468224754861,-0.007866655381886455,0.004022065851252694,0.014937075525911047,0.0006582789980394201,-0.006471023453826176,0.007121705566650786
2022-02-25,0.013501859398072464,0.03169910908568676,0.02603294920375924,0.030156150024138104,0.02182420802599476,0.0007304522643783284,-0.0033362372759372606,0.005637125266678114
2022-02-28,-0.001815625186784219,-0.014944652858009801,0.024380908670233046,-0.007588811981687575,-0.0025618280091458103,0.021682534956922635,0.010311993951243732,0.0007173092371961497
2022-03-01,-0.02019367101291475,-0.03756082526281026,0.010009271532534164,-0.005555517092873382,-0.015347437997394452,0.011495395461077758,0.01800043176575384,-0.002799154450155474
2022-03-02,0.021425780754543725,0.025546995011480594,0.022606952294490768,0.01497547808153126,0.018228913489666113,-0.034780773604640804,-0.010460864384517259,0.002402849958242357
2022-03-03,-0.011999603372053243,-0.003157991128981792,0.0027386757193338146,0.005094047082999181,-0.004990927347347128,0.01013416502887045,0.005935763844875876,-0.0030042041851467568
2022-03-04,-0.017672602424950282,-0.018891128855709344,0.028448377581714354,0.004992709918148023,-0.008157736601283896,0.017116230730756198,0.015803608419049087,-0.006520955196775334
2022-03-07,-0.03728053436716028,-0.037213771527583796,0.01464663753142404,-0.01758489342612294,-0.029922529339412272,-0.007658885404050642,0.014753495270293054,-0.008761324776095694
2022-03-08,-0.004863770015868548,-0.005871394787072373,0.015597242006844304,-0.02063999822955613,-0.007610570174308666,-0.010110839980652401,0.026991429368426304,-0.003550721386627833
2022-03-09,0.03880002140622928,0.03607713817158887,-0.031041858505412814,0.018718173665873895,0.026457778743473725,-0.009847195111523474,-0.030161495266205762,0.008305656797736405
2022-03-10,-0.017642187143985653,-0.008420632319140293,0.030138627480850885,-0.00038493440119003586,-0.004525634502165561,-0.014471573206986504,0.003116366878477797,-0.008428353292596048
2022-03-11,-0.01775096466846208,-0.007117492581568358,-0.0080353342858299,-0.0074945480343379944,-0.012796805575426694,0.003340976871648504,-0.007052696024243029,-0.007263841774564629
2022-03-14,-0.01870782025079663,0.012558289844402909,-0.03038515203176802,0.007032771114241197,-0.0073349718322875245,-0.02362536500029888,-0.01518847505814139,-0.011932434878998276
2022-03-15,0.033042914936518494,0.01400889689380926,-0.03730712262846788,0.019749563328519803,0.021752092226901984,-0.0017469904538938864,-0.018882610033681094,0.007474215941859528
2022-03-16,0.03198633195523061,0.02770245121306509,-0.004605652865192867,0.011933905974691498,0.021931872931322243,0.00975927972113756,0.006241285995487705,0.01392806122488679
2022-03-17,0.007066360764478523,0.012412828023768788,0.03383162069362705,0.01569371603900949,0.012433253238791166,-0.007481426753811677,0.004876733952655098,0.006830186550605636
2022-03-18,0.020259139852746137,0.0023108494190984047,-0.0009469205184966965,0.006150424688648876,0.010893122667210032,0.012138541251261336,-0.008828710707897394,0.003276775619640754
2022-03-21,-0.0019012031682864206,-0.0009789254659657396,0.03952012523322845,-0.0007613690189318924,-0.0002922772364704835,-0.023428313099160835,0.00761175501954624,-0.011577009429179642
2022-03-22,0.014267698973590804,0.016102429325853967,-0.0073830293372270945,0.00021955539881217707,0.0116335735862003,-0.012894630529531522,-0.007277189924242526,0.005134678845883747
2022-03-23,-0.015498354327945057,-0.01868274244407606,0.01705636028733999,-0.018113083902018896,-0.012962160223388036,0.02167821568708239,0.013567209576051467,-0.003175843775103678
2022-03-24,0.025656322942290085,0.007976755569832825,0.0024684614336195274,0.011866293869230453,0.01496185783587702,-0.007863462496592219,0.007234137513108609,0.00207819376314228
2022-03-25,-0.0005685618849003726,0.012732300825858226,0.021693934457306642,0.004633642563834863,0.004871792714896226,-0.013970387389835751,-0.004103860537691329,-0.0072288914120789294
2022-03-28,0.011811988350382394,-0.002787215543016347,-0.025073439425474953,0.00723887743477242,0.007087775838904704,0.00851373395290307,-0.018371517706821095,0.006251101873085813
2022-03-29,0.021014461474550484,0.0022811772506184653,-0.0026075807167978637,0.005883993327532255,0.012295088753365775,0.007523737499252971,0.00044668806848975184,0.012267305397890171
2022-03-30,-0.013422810923391183,-0.007114060231180822,0.011551742435539102,0.001953505414208091,-0.006194173228643017,0.007771702611188749,0.008006283379257595,-0.0030221173183954475
2022-03-31,-0.014926251656951366,-0.023214797691490072,-0.013642667786146047,-0.009806747062262089,-0.01551086251998182,0.002425710402406739,0.00038752078804877134,-0.0036392247034738793
2022-04-01,-0.0029617413674459772,-0.002612708910331549,0.008078011035573042,0.007853241648054003,0.0028301356761412243,0.0037990750736276928,-0.00638621587890147,-7.321779787133737e-05
2022-04-04,0.01881731631025711,-0.00445824578997137,0.0012970283388855385,-0.008364138936198523,0.008530212375837168,-0.006973958433855375,0.004835061682683925,0.0075371707657635794
2022-04-05,-0.021281383837109893,-0.006327267218424,-0.015806163093643157,0.002115692039081223,-0.012711924644892453,-0.022851415482280354,-0.006284549046099261,-0.013043368603257006
2022-04-06,-0.023944865653606297,-0.006900193577904158,0.005907880899896824,0.015117174289299252,-0.010049677153990298,-0.008126781107757074,0.0023404756196963713,-0.007884069171873986
2022-04-07,0.001553920956561883,-0.0010660167558666925,0.013004167556611719,0.019056336316280655,0.005026324216814865,-0.007561219662477686,0.0037777415804506904,-0.0016086469533265373
2022-04-08,-0.014072783339185307,0.010079894781799575,0.02714726247703061,0.005969076861576108,-0.002677557140937297,-0.010889548877877967,0.006246419748615932,-0.006088234945906106
2022-04-11,-0.025518145212496984,-0.004496945523547304,-0.030512578280028516,-0.020084189625924974,-0.01724010465276794,-0.015951574141840934,0.004947206140849894,-0.006877913868897121
2022-04-12,-0.004452383696042725,-0.010928939397818681,0.016457357215564603,-0.009762682695067028,-0.0037121578660605165,-0.001381282322904505,0.007647435301758943,0.007625383362587232
2022-04-13,0.01596287104778524,0.0,0.014809054040542943,0.004893547603196878,0.011388607865543405,0.0020307139601930804,0.004777109287769396,0.005960203317293466
2022-04-14,-0.024586122896795046,-0.011320876248823858,0.0032617812223400214,-0.004821110744939835,-0.0125299275262159,-0.020249210261179967,-0.0033090194372706765,-0.006707672810983552
2022-04-18,0.003268018430681287,0.005945822020726397,0.014546306730102616,-0.011097338964780363,0.0004110457725775639,-0.004981290193871832,0.0030924062818564585,-0.0016215064957504639
2022-04-19,0.01858615554600684,0.013649343700304122,-0.008179561521970389,0.009509227937271788,0.016013677515987937,-0.007518660135492563,-0.015228268112133887,-0.0008736408011627153
2022-04-20,-0.0009342752677839379,0.0068878316374289365,0.0038501732044637347,0.013347699639707545,-0.0007417470831861266,0.0199257766252828,0.0048830061930919995,0.0031179475874773595
2022-04-21,-0.01710831863366057,-0.01596647936791631,-0.032248613767172266,-0.011110713177507902,-0.015066507698968995,-0.007425826295918518,-0.003563943502360224,-0.006873496292159624
2022-04-22,-0.028388348660602275,-0.030227146357400297,-0.024756829653564048,-0.03715538766127562,-0.027822488982724443,-0.006313575099317122,-0.009769661352400816,-0.006037993596009444
2022-04-25,0.014914909768950697,0.0016574915744324657,-0.03362996567363386,0.006710363867547831,0.005780721334363793,0.009951146299939515,-0.018134432520229594,0.008417767917678919
2022-04-26,-0.037962745584726364,-0.025438076024204177,0.00135636862675585,-0.017768667508102697,-0.0293884550383741,0.010016452275363658,0.0015238553873300224,-0.0058975505714669845
2022-04-27,0.01469620506692367,-0.0008496967490405618,0.014532198015974974,-0.0021960205605960903,0.0028078958512062356,-0.012909005747355613,-0.007585723242633687,-0.004919950343948387
2022-04-28,0.03925055574996611,0.01267083230053946,0.02987210491190693,0.013702914745498297,0.024945674727487818,0.0014885916852913404,0.0053838047894630165,0.005548983273019039
2022-04-29,-0.042568572223059056,-0.03502141963321409,-0.026006174936814754,-0.026060135637483696,-0.03765577908853379,-0.013057804870592556,-0.00011298334784093811,-0.01240197376708319
2022-05-02,0.015088557200419638,0.0002898730986705516,0.015841907433294996,-0.006236254640258102,0.006001326471623239,-0.01748604314946849,-0.01871452290294498,6.397845134483155e-05
2022-05-03,0.001739987382519358,0.012951994549568904,0.027643706555850526,0.003161552157234435,0.00457371809847868,0.006719282698394083,0.0026457593569150124,0.005227297654201301
2022-05-04,0.03451066743963774,0.030138524743402208,0.04069419940344569,0.02193012059687833,0.029998153632182757,0.005494670900612992,0.009774616775434711,0.01012153353297001
2022-05-05,-0.04929068862032336,-0.029567187268278988,-0.015160153033953374,-0.019623098327958836,-0.03618958314611853,-0.02778049221332259,-0.0038184194446891804,-0.017908834978422394
2022-05-06,-0.0080772061116,-0.007170470866660564,0.029370561048737184,-0.0031543180987884875,-0.005986766801596314,-0.014845006939518839,0.0016545049194706565,-0.005654974059820088
2022-05-09,-0.039468203536749014,-0.02418172012808908,-0.08635371330137326,-0.02623113880791882,-0.032541251107919,0.008759026947331076,-0.014585347642546313,-0.010624549131473779
2022-05-10,0.015129691900899734,-0.0088863664251588,0.00903078963442229,0.0035533998569573936,0.002307994726084814,0.009028657432162916,-0.00848106565352078,0.005715203634779721
2022-05-11,-0.03207112212607776,-0.009266262629195676,0.013331206942061559,-0.006643014034478164,-0.016013715407764566,0.0190889331553917,0.008133958004822058,-0.005975261278196436
2022-05-12,-0.010365178188231296,-0.007535937212307341,0.004233794026889395,0.00963367291531642,-0.0010445424229263785,-0.0018673395672605983,-0.015452706170676834,-0.0003913994164245112
2022-05-13,0.03269428953020285,0.014418909287629839,0.033610877198697854,0.010553238934190377,0.023626492600702254,-0.014891033257739808,-0.008142627698810948,0.0011728036701844722
2022-05-16,-0.008871857239717002,-0.008385733897664964,0.02602645512723322,0.007360145280780531,-0.00406562799555193,-0.001035379728583571,0.009493279652076629,-0.001433405463256083
2022-05-17,0.028550407629437963,0.026415083498020093,0.01151254347724612,0.013646229119101074,0.020361680109335437,-0.012156739288886179,-0.006299094085683991,-0.0009129539634246983
2022-05-18,-0.046836305528387204,-0.027919860505885147,-0.02596956990612309,-0.026151932759685647,-0.041146590848412615,0.021093532239076476,0.000531343704844183,-0.00825531906269279
2022-05-19,-0.01102711281087307,-0.006648337697328998,-0.0036775825823185814,0.002186214019537737,-0.006143717266768972,0.002391887622342072,0.014590277160260899,0.006688036161361873
2022-05-20,0.0022153519079067007,-0.0018211630152892247,0.0042893791930487665,0.012093185476199315,0.0004363839282431949,0.011286444463489424,0.000697767757192036,-0.0006534209164427123
2022-05-23,0.02270681093131614,0.031985921341606535,0.026072820902576326,0.008745638513905241,0.018537534503337276,-0.016591313071224616,0.004639589893868967,0.003915446690646955
2022-05-24,-0.014954416186863547,-0.002061613386838337,0.003805392788833658,0.002974385530838631,-0.007663252126630515,0.01954017965419832,0.007493711725538028,0.005974798236068294
2022-05-25,0.011591875337904543,0.00792836864594403,0.020442565392151262,-0.00030428099880122357,0.008796065645471222,0.003946198623164541,-0.006048248796558386,0.01503801251739424
2022-05-26,0.023739734142107772,0.022843321094018272,0.010987160148501686,0.004256849070288425,0.01978440925614518,-0.004535261814566226,-0.001850609639927292,0.01380904305663071
2022-05-27,0.03327754452989667,0.016726078055756245,0.018123285833803134,0.016475768913969943,0.02425265627329231,0.0024381382696846386,0.0005208853826908474,0.008893492932190637
2022-05-31,-0.0071653849968850445,-0.002815334234779702,-0.015137352155620606,-0.013446245107371297,-0.005626862751054576,-0.021389254732481194,-0.009942270255165302,-0.008642306354463681
2022-06-01,-0.002994765778386903,-0.016199999337377438,0.016153313216865955,-0.014473047850239283,-0.008121268187481967,-0.001143706379659178,0.0063488366174163004,-0.0037061095200969746
2022-06-02,0.023920301208064768,0.013659426978864228,-0.003164660230983017,0.007871844130103254,0.018864339884937496,0.0005159481207020241,0.012234040087981134,0.004173549835785415
2022-06-03,-0.024206017422548878,-0.014519353401466348,0.013157477303155944,-0.011792635937119605,-0.01654764261160307,-0.002152086810518502,-0.010203900438868029,-0.007474027086112614
2022-06-06,7.13805040361747e-05,0.002863706361079364,-0.0011175800988719418,0.00015394555518572896,0.0030401935756402053,-0.018615828292243772,-0.004413447852864014,-0.00753116484320413
2022-06-07,0.011857964819616722,0.007690874641798297,0.02942512637144029,0.012932080670294142,0.009546428461199666,0.01074180820201482,0.006497267812168451,0.0023038602304827857
2022-06-08,-0.011358106855174306,-0.017750168675284828,0.002169492725000309,-0.007938334693032185,-0.010931723367424099,-0.00889945544389104,-0.0009256257836888652,-0.00860174599761448
2022-06-09,-0.027064064821414102,-0.025451150185478198,-0.022354738155094905,-0.022866570676193503,-0.024070244462444747,0.0033246641048036516,-0.0031883338247287547,-0.008025583998192991
2022-06-10,-0.03919414100772869,-0.03681769610274119,-0.01710008902511642,-0.016204057658121346,-0.029424357777583586,-0.006221160841965831,0.013323135228160962,-0.017173008508332786
2022-06-13,-0.045332927847586066,-0.03027234803882829,-0.05360369558868343,-0.030749261617775282,-0.038707769266278245,-0.03188177267901393,-0.02676735882447253,-0.03402434202627009
2022-06-14,0.006286067476654996,-0.008591911631800002,0.0019010076994705606,-0.009578125398250455,-0.003017755978798979,-0.012693886572461297,-0.008035407203286724,0.006544373096090547
2022-06-15,0.02087978650424689,0.011123586665310633,-0.022327232553909466,0.010071001407993024,0.014155885487329161,0.018484487301274263,0.012966509676610984,0.019248227972494734
2022-06-16,-0.041556893441676214,-0.025609483829010595,-0.057972755852873724,-0.0148113785413615,-0.033656302901716444,0.007908311116508027,0.011180446816136464,-0.015992000159349058
2022-06-17,0.009109004658827668,0.002914028607067334,-0.056220640335234585,-0.0005835834198475677,0.0021533854672229503,0.0032168992770159237,-0.008256810144045654,0.003111336844011508
2022-06-21,0.02512857540730566,0.01976039704273756,0.050508813639624915,0.026565005791513923,0.024862043686065503,-0.0170975988709192,-0.0037437854344901486,-0.0006754284425753588
2022-06-22,-0.0042455019664825976,-0.0022331230624762434,-0.04085485895803687,0.01377106737365596,-0.0018146248310299078,0.027129034192838148,0.003977268335422712,-0.0002705571197657841
2022-06-23,0.014859139210534555,-0.0038399073120239514,-0.03777184751671215,0.022197452996869007,0.009754785132154727,0.008181459804748815,-0.006148118298448717,0.007138679227629139
2022-06-24,0.03531049720420883,0.03620720640552805,0.013075784866696756,0.016466015499887552,0.031298923647718205,-0.013939391226006159,-0.0009989609969459391,0.007088079488461505
2022-06-27,-0.006766691508488596,-0.003407229842793418,0.02891193378494631,0.0037083111932556968,-0.0038270640784834158,-0.008565270045020652,-0.0011176944418580068,-0.006149395534726592
2022-06-28,-0.030408676727628058,-0.009978130118238266,0.02664698893830838,-0.017581025828692066,-0.020644482915905118,0.004648596389795515,-0.0016493806069405818,-0.011055292816521017
2022-06-29,0.0020200287138782804,-0.005656883297419351,-0.035369990918977356,0.00867349119198427,-0.0008146567771235962,0.015487687585860305,-0.0007666517068580592,-0.001492718010891455
2022-06-30,-0.013439745231538548,-0.008863656017559002,-0.02130692970432722,-0.0022588471015393577,-0.00815765740312254,0.008743523174764229,-0.006095587698335223,-0.0005430471935578345
2022-07-01,0.0022787175195389782,0.013579881046491157,0.014852086537308337,0.011166381738247093,0.010521309333421427,0.010214514161310933,-0.0008313996785857856,0.009493014249162917
2022-07-05,0.012479535673627015,-0.0034563501414569017,-0.04048900774018257,-0.005800169415681566,0.001886638208632655,0.00782605741044099,-0.021437799680384485,-0.0009463102781443278
2022-07-06,0.008567209503294787,-0.0025212748413812824,-0.017220516623772487,0.006725227576185234,0.0033715043778370134,-0.016933110758095175,-0.01596901758740465,-0.0037958987881539126
2022-07-07,0.02046233937836948,0.014411420903325445,0.0354183589729008,0.004228301808070008,0.01486621332920771,-0.008839300322674786,0.0005548992912700342,0.016166688090168482
2022-07-08,0.0004518355660111591,-0.002179834129167435,-0.0004226516640740371,0.0029873114269738927,-0.0008230428669854168,-0.011137659389396478,0.00043143823725389326,0.0008011906877829308
2022-07-11,-0.013868337403496578,-0.008137745135795536,-0.009630639270358995,-0.002527115072146349,-0.011489323915487544,0.01709709794873952,-0.0053749265251639535,-0.00562377516793299
2022-07-12,-0.01375444651854039,-0.006305159654775425,-0.0196887073404906,-0.01281094303607461,-0.008888090786346675,0.005924668983856215,-0.0037236489059839332,0.004020433761518506
2022-07-13,-0.0026338503838367867,-0.00889462804125642,-0.0015979075254459482,-0.009756114373505707,-0.005265704761655704,0.011400984511454689,0.004776265963686179,-0.0010705361895200177
2022-07-14,0.009111973431168326,-0.019330600343821912,-0.019078919875013717,-0.0029061992764543203,-0.0024315581239173693,-0.008192454868797255,-0.014146649261641277,-0.0018765189921783503
2022-07-15,0.017450144550168085,0.03327249407843376,0.016167392148166378,0.0238615173658402,0.018925270614934722,0.005612718994737436,-0.0020104758163567997,0.012662582050352332
2022-07-18,-0.009716422776315637,-0.0037830750610011784,0.022631969333214142,-0.021347490825901802,-0.008291498193897719,-0.010473059167179251,0.000942949789432323,-0.009715526868654002
2022-07-19,0.03005501920754121,0.02956504004014774,0.030321925096002036,0.01688288626572411,0.026660614140358908,-0.005409301592827117,0.002384623832616704,0.013153621425489388
2022-07-20,0.015497076219144049,0.0036730676503716722,0.009632637260315028,-0.009923978392006864,0.00635289016772612,0.0026212115155243663,-0.009446509339211243,0.004345934091795754
2022-07-21,0.013968183346055658,0.006395752328727388,-0.017684797979532926,0.01569336145254277,0.010131760391143878,0.017128186230432288,0.01401179660226555,0.011758931009315087
2022-07-22,-0.013895087839995409,-0.005784956414589829,-0.008258073049572367,-0.004150562748677212,-0.009321348732575473,0.016671644334253215,0.0024926409954947677,-0.001299486459538832
2022-07-25,-0.006360387324954068,0.006391797730378141,0.03602620837887781,0.005223922794108815,0.00121410325595186,-0.00983351161899101,-0.0027423043036363935,-0.0002605202035425577
2022-07-26,-0.016341028038932393,-0.014054694854816948,-0.009124848537208992,0.005120546434203009,-0.011901577619353154,0.000766659348824343,-0.001186514317386386,-0.007049432431759258
2022-07-27,0.04211537450735104,0.015267643862023563,0.02232359089458824,0.0062314775109900975,0.025635014222308423,-0.0056340077160476395,0.010133467249785824,0.010944526241528208
2022-07-28,0.015109500344579857,0.007246469524276399,0.005603806400242603,0.006343517083196463,0.012464429705950778,0.00792964346084859,0.01211168004371747,0.010185093727749884
2022-07-29,0.015230859257005338,0.014040293848511963,0.04245993546498221,-0.003317652933134947,0.014473570782031417,-0.0027212269444762535,0.0028071459585694595,0.0029459619538586344
2022-08-01,-0.0021515733857220263,-0.008340982463214726,-0.02087451575689853,-0.007429268337029312,-0.0029657426183493664,0.023797922721227206,0.005651232868696488,0.0003081651770287936
2022-08-02,-0.007112960902445612,-0.011129234649262416,-0.002346330131850307,-0.0035828162205833753,-0.006619043711598871,-0.02138671207078434,-0.005955990148902209,-0.004630953697808798
2022-08-03,0.02624613328213879,0.01501083400002147,-0.029133673467703538,0.0091220080412048,0.015537898135375868,0.015622294276778302,0.002435276067987767,0.00872990709644024
2022-08-04,0.004557184211918617,-0.0032832848561800587,-0.03779194073515753,-0.004930761103553329,-0.0006758532846526851,-0.00033563414780110883,0.016404693683584038,0.0026805891601554767
2022-08-05,-0.0023098923386763257,0.007149331956891871,0.0196221717426693,-0.0003803030011181564,-0.0016914789920958523,-0.02409120263935945,-0.011309781450742627,-0.005112094224521458
2022-08-08,-0.008538520148169202,-0.0005938696010828687,0.005186326119699191,0.002355427321231446,-0.0011614338181025596,0.016012614173111433,0.008434348290836127,0.0008962824996786247
2022-08-09,-0.010066291761942887,0.005036324535278811,0.0174082504838282,-0.0030402756129070886,-0.003979026514101678,-0.0038942800946131133,0.003054867797077557,-0.00745283710709322
2022-08-10,0.026936165883510065,0.022210060417289488,0.0071979345410215275,0.010827298037999259,0.020786463621080362,-0.006553180350569501,-0.0025151110588634198,0.014851261560259238
2022-08-11,-0.003919995293947455,0.01177990203174075,0.0338217970952807,-0.006497682112139625,0.0,-0.023585240128493785,-0.002641706914863643,-0.005735604796140506
2022-08-12,0.019713467564811342,0.015588059446702149,0.007547304532400515,0.012728558754570114,0.016787302782183027,0.010089607852728985,0.009155976822720392,0.008907581234712999
2022-08-15,0.006288013619092384,-0.0002813903356980339,-0.01969056482162018,0.005001663596936017,0.004112277227880358,-0.0008657690206070438,-0.012950528089989187,-0.0017753960935250476
2022-08-16,-0.0027089520923244473,0.007287241245131248,-0.002342394989474603,-0.0026840199182557923,0.0019568543925627233,0.004148948029804378,-0.0017516299628300418,-0.004706525128307756
2022-08-17,-0.007170769576529941,-0.0050393606449572305,0.00830359392402466,-0.005841062088372818,-0.007123406165329616,-0.01049206383385376,-0.006489345947105167,-0.010381221292445276
2022-08-18,0.005184226498189936,0.0011217629968248318,0.026518328210647937,-0.0044410296769548325,0.0029022694575680102,0.001480984979395726,-0.0026198444873023344,0.0015450888743818194
2022-08-19,-0.01833074301613582,-0.0201051407532544,-0.0002516854142253577,0.0027120273784168765,-0.0135291941343732,-0.01623330810463808,-0.007347552958114958,-0.01021422951397232
2022-08-22,-0.02828084659574037,-0.022271636009134774,-0.0018892246251340078,-0.013177106720496174,-0.02104237770938069,-0.0033678030671526766,-0.00665930336783302,-0.011370641186662733
2022-08-23,-0.0026425412751745684,-0.004103067407121512,0.035425796400298006,-0.01404842527292378,-0.0024221541967383835,-0.005518436662263571,0.006966551217581505,0.0024941927286661163
2022-08-24,0.0006263354359845204,0.0052724057506187035,0.012216492314579924,0.0012361352244288377,0.003195919162390304,-0.007345694475592945,0.002944580504679446,0.0011787538539556486
2022-08-25,0.016770035732311697,0.015364959787197444,0.007664844548025106,0.01098111671015342,0.014018886418721668,0.013840124925957644,0.0030581063588208724,0.00938562045890146
2022-08-26,-0.04364336001357643,-0.03037604745721474,-0.011760723941555553,-0.02827119381290806,-0.034435202173099505,0.00750927343729301,-0.012227153201929956,-0.016613678696256726
2022-08-29,-0.01331388433342135,-0.007143130012438736,0.014976759934722332,-0.007016384881438103,-0.006634016655095224,-0.008307374462143526,0.0006180465249853886,-0.003832692850336028
2022-08-30,-0.010487129125277416,-0.005390711945683106,-0.03447987683673422,-0.006667858634587338,-0.011038507568507591,0.002481661012528932,-0.008375556136480044,-0.007709800949127341
2022-08-31,-0.009785058170834832,-0.007535977052359682,-0.0091505663319187,-0.006391753224395301,-0.007638263041080815,-0.00960701991647368,-0.0077553096129762645,-0.0054863079172087275
2022-09-01,-0.0048912367478405345,0.0030211968660759964,-0.024903970432197484,0.016297862752240024,0.003133109806552106,-0.018477870794621792,-0.00882902347465035,0.0026395776713064845
2022-09-02,-0.013086770284809932,-0.007874103749148771,0.018173244147135947,-0.014456008178197083,-0.01060041981560034,0.005641088160138323,0.00876617372318804,-0.0006729100515578244
2022-09-06,-0.006646292899441896,-0.0024350655097179113,-0.009297622738602043,0.000959557702175878,-0.0037804732073220024,-0.02508054800405268,-0.005856578259356107,-0.002694652846823959
2022-09-07,0.015862081939935338,0.019617187266898036,-0.0116812577459834,0.016174184915250654,0.017805535349557852,0.01569180164705781,0.010117286090114818,0.014334595468286419
2022-09-08,0.003425187774141483,0.017479286055772803,0.004332963157264083,0.017231585836249484,0.006514947839344258,-0.010310377396002662,-0.006020378897494643,0.004379991016413749
2022-09-09,0.01957792853138537,0.009063221146306184,0.0246180902363994,0.008774132891097327,0.015415904150114908,0.0022182580684948962,0.005269846503477033,0.0039651403300818315
2022-09-12,0.015907745119168055,0.008115898211311496,0.018195865808711645,0.00664421607218914,0.010690310269610287,-0.008251147104460073,0.005055386193321507,0.003029139062452131
2022-09-13,-0.05454568100162316,-0.03795133648923438,-0.025542768004103072,-0.03359421780177636,-0.04445614174806343,0.002324388126030341,-0.013096728906648173,-0.023014213030410197
2022-09-14,0.0036299020394598867,-0.003003112625684421,0.02785475705366558,0.0005508389925412727,0.003808466472179648,0.0034306898178238098,-0.003855034555311845,0.001479362039908931
2022-09-15,-0.023291379150019366,0.0033030016628875915,-0.026106487708422096,0.005570645553254404,-0.011418320716449262,-0.000647741472695887,-0.018855801737618274,-0.006335435804336972
2022-09-16,-0.005578405335245717,-0.0090334389280378,-0.02156589378637266,-0.0028206106492487445,-0.007658006218750993,-0.008370632444148157,0.005533767627080334,0.0033749006573389074
2022-09-19,0.008121674028566967,0.011277888148335477,0.0005925882171133453,-0.005402699005091811,0.0077250882480397,0.002331650157430083,0.0007697907679810017,0.003766084456877548
2022-09-20,-0.00588890030981082,-0.014841940340349259,-0.006979730880238146,-0.011791048539498212,-0.01154501393999619,-0.010020095953811804,-0.005722932055293624,-0.010255931934114716
2022-09-21,-0.01574347443946152,-0.020968998579075745,-0.014764325140527614,-0.01672834896391699,-0.017597702049639556,0.016614252949990325,0.004632228320962459,-0.0029886880055519593
2022-09-22,-0.010236152200494042,-0.016970832280754744,-0.0035604933564563606,0.005283017914114157,-0.008435541513279294,-0.025880586260450807,-0.0005778441890031698,-0.006004951379623454
2022-09-23,-0.013166457347460761,-0.01597493415683323,-0.07144909038618914,-0.005120098336963807,-0.016896637677898462,0.004076515271629409,-0.017427816406674814,-0.01281052474174636
2022-09-26,-0.006974382869099064,-0.015906901388544416,-0.024852626066859534,-0.009578812763328462,-0.00994177589696796,-0.01929560761551448,-0.01170141432179742,-0.011854260697592121
2022-09-27,0.0013013264139184466,-0.004262858403629231,0.01113778601413263,-0.0030484463494602613,-0.002556165903981355,-0.026683801726981454,0.0020477436877313054,-0.002106543328834909
2022-09-28,0.010510218521252177,0.019525687212053194,0.043350657606192895,0.0216306405417814,0.019485299367486796,0.03293363377664957,0.020573557832177892,0.017696979571646402
2022-09-29,-0.026403155431602356,-0.012648367285034812,0.0,-0.008433207251615627,-0.021110182128445985,-0.0051892211210392706,-0.0001939471718055397,-0.0094367805604135
2022-09-30,-0.019343609310201355,-0.009180377458721278,-0.00802104764587069,-0.013857957290273696,-0.015584285648218694,-0.012994995483160937,6.462035224685361e-05,-0.004611721018790119
2022-10-03,0.03051150255755919,0.02665092855365952,0.054972718709715956,0.020351473390926987,0.026058833311563882,0.015764358771067254,0.024019005945363412,0.013020442477991561
2022-10-04,0.03301097529343023,0.0365280656080839,0.042077753465554826,0.022954579601154514,0.030515959112776277,-0.0027965552193694844,0.014226444596111972,0.021307917339486393
2022-10-05,0.003312972632190179,-0.00776041040027876,0.02045478553131579,0.0033155132666728305,-0.00233076890614483,-0.009607731928439738,-0.005553659432976476,-0.003952063546991469
2022-10-06,-0.008223382608988732,-0.014122358741054712,0.017621538386484628,-0.012849405505334716,-0.010369345528725966,-0.0055739978351042494,-0.0011269264553861384,-0.0030088515723548735
2022-10-07,-0.0419972300376683,-0.023989738358522937,-0.007793356391860258,-0.021380994726000052,-0.028290392341250588,-0.009754993079134298,-0.011023386142689101,-0.01226472254701162
2022-10-10,-0.01695169139153851,-0.004542538488711588,-0.02075194109844414,-0.006299461641782611,-0.0076646452537306505,-0.01566850272290019,-0.015318203217156916,-0.012277267542788786
2022-10-11,-0.015446186984128512,-0.012763948173175194,-0.008019932958925908,0.005320272174569272,-0.0063531067372522105,0.004416116974190317,-0.002060212330939929,0.0030833621131727885
2022-10-12,-0.003083941660681774,-0.00230830701434705,0.00801993295892599,-0.0049100497498562636,-0.003303950505540169,0.004894787853680305,0.005335071671709423,0.001677894835253551
2022-10-13,0.030584697477057755,0.040438888831787256,0.04000281054140265,0.023030515236118227,0.026048860060801537,-0.00961234718387697,-0.006947611087114204,0.0022327791367619896
2022-10-14,-0.028527612961645365,-0.016946781750038036,-0.038007542883201524,-0.006756599449955392,-0.02305238639018966,-0.008284625129831915,-0.012537160793022467,-0.0032110997662582828
2022-10-17,0.030024162166330047,0.024842115084702975,0.012379284707106234,0.015933552241758284,0.02537220447066176,-0.00488132822285277,0.0028720806307473926,0.012231128786320464
2022-10-18,0.008438764793863211,0.015915510945416416,0.008697218595031383,0.005545060762768139,0.011681145682931458,0.002341909872495718,0.002148660090392182,0.007020193821698177
2022-10-19,-0.002887787148500101,-0.016544904778411376,0.029088868228286657,-0.014080769821728442,-0.007111570696542174,-0.018373590235996894,-0.013488925988338462,-0.00964905176045241
2022-10-20,0.0005783671829218238,-0.016183052347883916,0.0009471219145581641,-0.008528514573215414,-0.008420846262151097,-0.017240908503812116,-0.0015834633753089122,-0.0055549504558551925
2022-10-21,0.026403155431602408,0.02931639634322715,0.028470088141808243,0.02221419932466856,0.02401097939163686,-0.01818724732785299,0.01767059741452654,0.00956380004420021
2022-10-24,0.013738232187066672,0.013269732987424896,0.004705396638724582,0.019098876984328605,0.012162351389454236,-0.008298540042004325,-0.0032488658845126403,0.0006894437918069251
2022-10-25,0.018937482499869266,0.011884800742878331,0.0010298967731344783,0.007569516373582591,0.01584249273276333,0.028696468437504136,0.002275353560635257,0.009603784649444658
2022-10-26,-0.0225136159366483,0.0024209571715422275,0.013519024459331147,0.01101908863479333,-0.0075628775394670925,0.014304774725865003,0.006343446354353355,0.0027273286255955955
2022-10-27,-0.011449684713019739,0.008126469036838906,0.0036043956247568047,-0.005264837619393113,-0.005354386011609096,0.01041614089233351,-0.0015497241473593686,0.007326030779762446
2022-10-28,0.04256635214530891,0.024575550031637524,0.0034793616765470036,0.016314872587100435,0.02351230045980817,-0.00689754907702725,-0.01026317410117862,0.007675129917294019
2022-10-31,-0.013284345704130089,-0.0061612702058455975,0.008368371547988172,-0.0008284083145829664,-0.0072495832123032405,-0.007153770652780793,-0.008194886192774814,-0.01513755157643101
2022-11-01,-0.008403181916810689,0.0026450412477549345,0.009620295291015981,0.000602563424148727,-0.004385275106106968,0.009302444047255132,0.010151726172797497,0.005997177870750833
2022-11-02,-0.035153229953512256,-0.012701199048242493,-0.024395591460737963,-0.01716057387556935,-0.0254166412111355,-0.004350132834640275,-0.006996970202892216,-0.009146737264769536
2022-11-03,-0.02984803322702023,-0.010158494649255834,0.018324522270259713,-0.004221094546046363,-0.010350132788989589,-0.00541112056945436,-0.003813297433937162,-0.007156280884900724
2022-11-04,0.01809817050536652,0.01815245080835452,0.012105314934841339,0.006057275499800848,0.014290509205201057,-0.016943542562107488,0.0302345832528433,0.006882326448210836
2022-11-07,0.016557849379296427,0.00997690160913492,0.017027799280326425,0.010645781423504492,0.009519958980537976,-0.010026953323530294,-0.003970260739379374,-0.00013713341880309006
2022-11-08,0.009546984821805719,0.0058221115514816065,0.0009674435845228747,0.004979848379212052,0.005381011167871166,0.01087595636510013,0.022836328940686813,-0.0009607812846686563
2022-11-09,-0.026352816258101472,-0.016979249429074403,-0.05011787598456381,-0.010820789202834706,-0.020817287092967023,0.003281700954742432,-0.005029894759161607,-0.012019324165077495
2022-11-10,0.07897387836775072,0.049254030830019425,0.022008194439233422,0.02509307741041248,0.05349714464532748,0.037752295808735306,0.029990153003992607,0.030657834980660326
2022-11-11,0.016967519295490563,0.008117570188630472,0.02864648991708354,-0.012317489628403165,0.009632190254248142,-0.0036708904908937315,0.00658459794711783,0.003498302502512336
2022-11-14,-0.008599650395113378,-0.014319763433676054,-0.0003222349223739069,0.0009009181876796399,-0.008543063616105,-0.002454857442356384,0.0021852662272774694,-0.007414924941386995
2022-11-15,0.012048467076996236,0.002259557366579164,0.010471329653154605,-0.001276651824772973,0.008492826240482003,0.016050989882927455,0.0035106980811025834,0.008757530280002722
2022-11-16,-0.013791993908237836,-0.004808208121940779,-0.020619152185528438,-0.0004508723057766045,-0.007657976681930145,0.02163271297445233,-0.0022987420952167376,-0.002148796245835326
2022-11-17,0.0012892395540612153,-0.005401693311699845,0.0021676453662254885,-0.00045125810008208775,-0.003064582571750436,-0.010608667479023027,-0.007293959961673216,-0.004310738206460589
2022-11-18,0.0011362204911112158,0.00823313965559469,-0.007935183433361649,0.012036281094494184,0.0045300920326276604,-0.006900918650628519,-0.006917507382313755,0.0021576290396034844
2022-11-21,-0.010808771506145348,0.003104914043859343,-0.013624890488867305,0.0004459804933883264,-0.003642643220090022,0.004206273323068802,-0.0056056352070885974,-0.00040414596325059177
2022-11-22,0.01917691745762406,0.010095599809060959,0.03082847611251157,0.00865278338976355,0.013367078235955267,0.014091534899355574,0.0011730356909015207,0.007251377912741159
2022-11-23,0.008820129391588747,0.004176640963343088,-0.01089360242362251,0.0039682695498536565,0.00628197936946615,0.017291810953435308,0.006212503317279542,0.005603568199980052
2022-11-25,-0.00582174148000184,0.003328394473755416,-0.00369412488752258,0.005923387399161771,-0.0002236526427874177,-0.0033954979149774947,0.000858102340972588,-0.001997502823088179
2022-11-28,-0.021639535115996877,-0.017318910020183903,-0.027813286777556102,-0.007538074994533922,-0.016085869642675013,0.002814039983925058,-0.007934893665371402,-0.010587973540635277
2022-11-29,-0.0098385027908133,0.005899783869425913,0.014996085262297029,-0.0025009988838799843,-0.001719025343357232,-0.011795318607338469,0.004928261563008794,0.004302483571391514
2022-11-30,0.04898871164769078,0.01694250732335229,0.004949196927198754,0.023581971466542333,0.031014792082748485,0.007327848070517998,0.012700921015012894,0.01491354911229965
2022-12-01,0.0013964002675541996,-0.005800492885320273,-0.0032968675393178944,0.00287279841690557,-0.0007362355985031223,0.03144626877794412,0.01821784239630758,0.003696212290204931
2022-12-02,-0.0058192897792824225,-0.004719981641112613,-0.0059615302007125105,0.0025790017002675887,-0.001154254230024373,0.012496986678532334,-0.0034616677176241193,-0.0007936857706416498
2022-12-05,-0.016762185470623157,-0.02508261903794773,-0.030124530102514452,-0.009632685320097657,-0.018153028206079603,-0.014106047300653828,-0.01730780530272015,-0.00957437479849273
2022-12-06,-0.021643253486102368,-0.00888630515207808,-0.026714903076916655,-0.00761349474567644,-0.0145198763803058,0.01279804667136638,0.0027336344458788004,-0.003614398098004503
2022-12-07,-0.005079666556764691,-0.004039325339265544,-0.002346613354992345,0.008191124314605605,-0.0017024894033114267,0.023288958145830457,0.008998493556537802,0.005483060185177323
2022-12-08,0.016225731832134188,0.0008670195117040573,-0.004474370877049358,0.008983564397543019,0.007803463009162325,-0.0027443566040134698,0.0008413425277820795,0.0008002563576744856
2022-12-09,-0.006168316334154556,-0.002603082445982702,-0.02460989217938008,-0.012889259700901509,-0.0074982353549891976,-0.02635861315522072,0.0035378943750204003,0.0
2022-12-12,0.02161149743636174,0.013234043708665768,0.02590711433243866,0.010597210264013442,0.014314163894381761,0.0031926218176531046,-0.008294841833501867,0.0038569189519716035
2022-12-13,0.011742275135645512,0.0025686731631293976,0.01879691779541085,0.003078751336596078,0.007541404502263704,0.009609189528633079,0.016936889733695327,0.010301333087322308
2022-12-14,-0.008458173838644244,-0.01262215564882859,-0.006148842982222914,0.0015715495306899824,-0.006414176485464781,0.004262270276962488,-0.0024359858905979824,-0.005666114987190263
2022-12-15,-0.03812152947819819,-0.019825658093234826,-0.006069743486516988,-0.0185142640532985,-0.024765959923255997,0.0038942778992924884,-0.016494600382901816,-0.0037790730399103667
2022-12-16,-0.013324777890165994,-0.007685327480881361,-0.012369830771912558,-0.014649204566687678,-0.011876147480631776,-0.011233571779542014,0.008671019495160068,-0.00534754154911135
2022-12-19,-0.01342418465795153,-0.0026909256878599954,-0.00012002523292966943,-0.003740940794534559,-0.008515977767813612,-0.01694800255565945,-0.0028218082489996433,-0.0051072440763481365
2022-12-20,0.0015138680134302472,0.004182541509877866,0.014979065166107787,-0.0002233030482240545,0.0013676869441231656,-0.017916690143459042,0.016458298941440037,-0.00256328082454484
2022-12-21,0.016423489378055302,0.015385088262365145,0.018818992628868814,0.013080012618134088,0.014841607694989633,0.0025103868736049647,-0.0016573862871153066,0.008474054179316504
2022-12-22,-0.025540639258399007,-0.008847043019835818,-0.02331296612787937,-0.001395999576507605,-0.014368902520478373,-0.00019288309979402626,-0.012158980168932585,-0.006180132350517677
2022-12-23,0.0010438068829509044,0.0056121567531400955,0.03138580867163248,0.0005878587052633871,0.005735747514679922,-0.014768632153263489,0.002993835039254722,0.002557539387773508
2022-12-27,-0.009515497420973318,-0.00029468635438497027,0.010625760995998303,-0.002574718783061389,-0.003951235069553368,-0.01997173943379668,0.008394677302769623,-0.010404949491659874
2022-12-28,-0.01625518612232553,-0.003541955667295159,-0.02264358140450641,-0.006504036785140824,-0.012505567082991591,-0.00590866964259462,-0.004515989032750605,-0.013538833758177536
2022-12-29,0.025850936088893505,0.01380148747167604,0.010408300680222173,0.010840497276291888,0.017840076700589017,0.011286992763762287,0.005582639597805041,0.012859243630570246
2022-12-30,-0.0013652326845978908,-0.002628004442952406,0.006307737997342697,-0.0036003191946762194,-0.0026375179324144545,-0.011186632736248732,0.004667758029330661,0.0008151513832779746
2023-01-03,-0.009527664313563795,0.003502551566356,-0.035728554722226906,-0.0028747101330825887,-0.004218735884996126,0.018904198723676345,0.008335816871946341,0.0018994398093448855
2023-01-04,0.0025928663241814908,0.015898788746762864,-0.00011824167988671921,0.0026537349392569184,0.007690361161213434,0.013606761979002215,0.009367889939565922,0.011456555240104166
2023-01-05,-0.019611799908120932,-0.007484342439823242,0.018083964244402614,-0.01028676449820526,-0.011478871190124312,0.004172309079216869,-0.01252963086748756,-0.0020113621355110803
2023-01-06,0.02887442169377422,0.022004127398747065,0.01879120526180499,0.009181867643348163,0.02267310427200325,0.01822946413473592,0.01853466381119925,0.014133216041935374
2023-01-09,0.01155809165224208,-0.0036810568417067896,-0.0035468516847558976,-0.016873186282034415,-0.0005671485748935635,0.005310094884434657,0.0022426010679794787,0.0035681961215854774
2023-01-10,0.006162474450720254,0.005657557405559324,0.007081167661838673,0.008360649260929418,0.006988427212239082,-0.016688799242927526,0.003669304474491391,-0.0011882491914909424
2023-01-11,0.017179948791001882,0.009265672830680229,0.0030680400654566537,0.005633888332397014,0.012568542140985777,0.01612096092404052,-0.0006870298860052756,0.006582570814032419
2023-01-12,0.007405118500420431,0.001954538654072528,0.018881118443522544,-0.003183601370308324,0.0036341128515512376,0.01949116270215631,0.011501603213231942,0.005626171229666748
2023-01-13,0.0028395164382432145,0.00750327178493862,0.0014459990618497652,0.004439229929704585,0.0038720626107255776,-0.009416982650637286,0.011930333702592914,0.0
2023-01-17,0.004511169117666089,-0.0066668765288421805,0.0021104415843309745,-0.00466178422271871,-0.0018335929636571528,-0.006484695741543398,-0.006566591290624395,-0.0033979763161470734
2023-01-18,-0.012976674039289303,-0.018849915298711897,-0.018474510228301714,-0.014193139256223864,-0.015913948837760903,0.023942616980795375,-0.0028758838411488395,0.001177408758539797
2023-01-19,-0.01173868087880157,-0.011712617165209358,0.012354090131297658,0.0024047557811106863,-0.007306432013873022,-0.006279792237661803,0.015743931377470842,-0.005901624785956932
2023-01-20,0.026697123657227057,0.01568097726894863,0.009885048839809708,0.0050157475704617795,0.018457686070809245,-0.016343766253338842,-0.0033409804213138158,0.0019709390918987747
2023-01-23,0.02250995630787349,0.011531431053260191,0.0013256029725484373,0.0034292030458943517,0.011927209560141074,-0.0047194739051962895,0.0018946378029897782,-0.00013097975240493415
2023-01-24,-0.00044687137311906895,0.000559190231543382,-0.003870667709293857,-0.006645487868436889,-0.001073999573033734,0.01427810586390251,0.0036119840879409123,0.0006560617744034857
2023-01-25,-0.002087616968764974,0.007795448878958137,0.00011065876018773928,0.0002996863508362389,0.00037482641454754346,0.0024219106545923536,0.004593393795208086,-0.00013133566049885207
2023-01-26,0.0158453957409143,0.005254692710346307,0.031087297755207802,0.0018705110685984054,0.010930427479203196,-0.004662407871121716,-0.009096515003608066,0.0024902541485551494
2023-01-27,0.0041782056551292555,0.0,-0.0203978613736463,-0.006825796869695359,0.002295075067038701,-0.002527438549369786,-0.0013939615756237058,-0.0030149802624599084
2023-01-30,-0.019277215792911896,-0.00497766358319613,-0.023175509505461836,-0.00907299445965957,-0.012626294868756997,-0.0036612245365034777,-0.002570014931290955,-0.005530187692555338
2023-01-31,0.013849382588256192,0.013493261739732686,0.008823505124524551,0.0128292371069234,0.01459632209616094,0.00796271945698563,0.0036296165072691286,0.007759843290198557
2023-02-01,0.02326354617237129,0.0,-0.019878322068183532,0.004713000748632217,0.010571598406774851,0.01194950564002765,0.012518134528387544,0.010449872683647252
2023-02-02,0.026940390074721512,0.0027315807271240584,-0.02306343589295529,-0.006814791978757496,0.014452145510592995,0.001293506446164395,-0.0209702840085377,0.005715738316539438
2023-02-03,-0.008358680572203268,-0.0019113117658248252,-0.0022078983504440273,-0.0029350581526175886,-0.010686048722100425,-0.015068838409500079,-0.025274496401227434,-0.010547478398408269
2023-02-06,-0.012277823211820594,-0.0002733115672624339,-0.00454738440284665,-0.005592407129903237,-0.00612993628234992,-0.007431325702875056,0.002073259184240806,-0.006434986767607578
2023-02-07,0.024685648727093796,0.011416230795171197,0.031971482641429204,0.006421247220110178,0.01299361957062318,-0.008058087257421716,0.0009200023760844002,0.0035511396872220766
2023-02-08,-0.01212583197877526,-0.0059639232701957385,-0.008982011826114997,-0.002941073226547894,-0.010994992398463103,0.004747728066885985,0.002468544755507998,-0.004210040939450192
2023-02-09,-0.005515427613550386,-0.011209837660900477,-0.00860223188786611,-0.008799161849875064,-0.008706970935939938,-0.009518353048228765,-0.007943887464013586,-0.006481069007179949
2023-02-10,-0.004619708484754602,0.0032941381943191773,0.038418293918801756,0.009403164516463447,0.0023311280131751324,-0.011253039492984682,0.0019053779351280687,-0.007725791298903285
2023-02-13,0.01716220538431474,0.011444227605880907,-0.002552880654355697,0.008268192363434186,0.011670517946952409,0.008379735109541457,-0.005089097798950408,0.002537228599517277
2023-02-14,0.004262420248093927,-0.005433269761717951,0.0003335020709030379,-0.0059311218034747235,-0.00046030825576702874,-0.0023046691703380723,0.000753454984742333,0.0002663506470761904
2023-02-15,0.004660383253507748,0.0010889305598923414,-0.017144246908485393,-0.004982218896222022,0.003242170771624588,-0.00936878057492078,-0.010014646847400324,-0.001601196815734577
2023-02-16,-0.017502318426666476,-0.010119026505380236,-0.009881499323232668,-0.01003971405987566,-0.013864540236871099,-0.01426909225967593,-0.0008195726363130796,-0.008046155474475899
2023-02-17,-0.012579676899148481,0.0002750350626215959,-0.03626170290298475,0.008903846520444575,-0.002501316758741902,0.007746282643985428,0.002982339072148569,0.0038971920930111832
2023-02-21,-0.0240311747404683,-0.020825777601133702,-0.004983627030203926,-0.01304026835562573,-0.020264779652452485,-0.019628845486954278,-0.0037440046605545256,-0.0155439806780535
2023-02-22,-0.001466370999758937,-0.0011225251926715984,-0.006683368285713813,-0.0033830639035617675,-0.0013792354211881667,0.009122487526369096,-0.0056423768979153,0.0065174925848678995
2023-02-23,0.016445003933047594,0.0008422661013586393,0.014975200591591391,0.00269218957140363,0.005305440201459266,0.009724538864453253,-0.0005305918526508475,0.009830704700905978
2023-02-24,-0.017986948097746445,0.0008414444486744056,-0.001298253941239709,-0.012988348342549198,-0.010739884251809544,-0.013086161373898123,-0.0072206822499255125,-0.006048658381736571
2023-02-27,0.005349862840933139,-0.0002804404434261155,0.002948561844870272,-0.003039403490327505,0.003400076924572109,0.0027692708891738187,0.003912670406128105,0.006718663512115144
2023-02-28,-0.0021952689291954183,0.0019615461725820387,-0.014472444123294964,-0.007442565261651217,-0.0037029786750311863,0.004532903162969288,0.004545621851780495,-0.001876727027263621
2023-03-01,-0.0073516817284799635,-0.0033648162791887508,0.01952382934391871,-0.0016526376429821979,-0.0038432664901823176,-0.010801537336573666,0.005755555600934512,-0.002838734212019779
2023-03-02,0.012247604864705441,-0.004786855679273273,0.008749959076880327,0.006124883532483898,0.007747363497459197,-0.00890641071201071,-0.000585735153896139,0.0012176932441063401
2023-03-03,0.021274761814416628,0.01568226061388048,0.013499007038125068,0.011132439044274934,0.015910508179933922,0.023936972360291322,0.010666001055863707,0.010223184012751723
2023-03-06,0.004769867565412431,0.0008330311739663351,0.000458112112835393,-0.0004646129263176711,0.0006923756057446102,-0.007783697394665687,-0.0050565936951402655,0.0
2023-03-07,-0.01250608319714864,-0.02615795442987915,-0.017564642870765933,-0.01624150578482949,-0.015447297621447456,0.006113983423155383,-0.017635068390636166,-0.007118514267525918
2023-03-08,0.008235863349287007,-0.003711765319137632,-0.010311652343206778,-0.005367391710613647,0.001630614993285188,0.0009826021328654848,-0.0004745630282821619,-0.004728590466390112
2023-03-09,-0.014439477914884664,-0.041465957394608184,-0.014235178619807791,-0.010182207810010842,-0.018621947194811025,0.0024522895223156468,0.00980112770009771,-0.005568128899440216
2023-03-10,-0.01773934167917396,-0.01835440735268507,-0.012866139449116847,-0.007383146817499567,-0.01453464467455934,0.03390457255481757,0.021333667247723984,0.00013637042113078595
2023-03-13,0.005435407411719525,-0.040278250355545546,-0.02054124322989985,0.00930010838016457,-0.0014260438259340584,0.0022705790390222533,0.022688861946558777,-0.0054615488987442284
2023-03-14,0.022813230516526596,0.020032125270594607,0.00983417396698213,0.008898208906291508,0.01639465735152734,-0.016578009302355957,-0.005807897981361377,0.007230001454550471
2023-03-15,0.0005724245744992384,-0.027011734176282037,-0.05519582577311351,-0.0008704907239204769,-0.006273806100307342,0.01912612091279666,0.007773838437142398,-0.003267306077219314
2023-03-16,0.027666027171135425,0.01892186802346737,0.010799636622385022,0.009298012348116233,0.01739295103099869,-0.007853815869785133,0.0020180543660701534,0.006524467247732087
2023-03-17,-0.0013932361416656312,-0.032706465696668886,-0.015853937156021115,-0.012946211185448838,-0.011761671147282101,0.014897386970734772,0.028704276731304653,-0.005979101644763807
2023-03-20,0.002693042027173505,0.011065201547830491,0.019822035117558506,0.012594723160608279,0.009569844437369078,-0.008835994444996975,0.0003807952240648717,-0.002729869621445619
2023-03-21,0.008049341111884115,0.025029024104418828,0.03403461527965597,0.006046532862048283,0.013044970665294097,-0.008629127605982126,-0.01905552456933767,0.01087418268544485
2023-03-22,-0.010002402756871994,-0.023426111269798596,-0.02150080477226733,-0.015225158818194612,-0.01719346941262077,0.013245146657371842,0.016877382247649345,0.0009457576070815034
2023-03-23,0.01613441914340772,-0.006749348871428114,-0.01395070708705915,-0.0019097905562147385,0.0026998522302623404,0.0,0.012460224063675791,-0.003924435765942461
2023-03-24,0.0026070562341240547,-0.0006451465636354988,0.0038592992322871453,0.01376293247159719,0.006540470833597548,0.004219975393607254,-0.011316136891165252,-0.0020362249131443766
2023-03-27,-0.007772160470242322,0.013780194072705485,0.021088371715217262,0.0040765321248813395,0.0018680971062669369,-0.023770900999269276,-0.009299831745516636,-0.0024482455389623335
2023-03-28,-0.004706031071008941,-0.00031843942647298736,0.015343442377292607,-0.006042387850397283,-0.0022472020336650597,0.0018192867722491037,0.008155744573006158,-0.0005449941445854709
2023-03-29,0.02073389596707248,0.014538924332275792,0.01376960279730458,0.0027511297963710903,0.014430198676311613,-0.0020108525949425198,-0.0049731154716589265,0.012459282072130557
2023-03-30,0.011552259320178795,-0.002198913943681077,0.004385978910670384,0.005401267028243176,0.005838306877790604,0.004590448459676725,0.008998964139577773,0.0059046073135661965
2023-03-31,0.014205501549005161,0.010946285044342755,0.006905388105762453,0.010638852075651654,0.013996228327657078,0.01487000130014576,-0.0052258772770236855,0.010779409992737557
2023-04-03,-0.0015905486419012485,0.0018644075885989229,0.04427857019537956,0.011138228456740198,0.0038032873949264997,0.004691956926133896,0.00717858251921089,-0.0007715245706257211
2023-04-04,-0.0055204318518832125,-0.009357495647873061,-0.018299997936840035,0.00015266187947366418,-0.005563577273796455,0.0049594309968811895,0.018469345695108493,-0.0029317907877264822
2023-04-05,-0.011470016345931268,-0.0012542830413873958,0.01494464803466057,0.017113773491354147,-0.0026215941895364023,0.010400466709303332,-0.0007982432900847153,-0.005620891924886142
2023-04-06,0.005650822271289159,0.0037582018705181876,-0.015297486789378844,0.00247479243661112,0.0038931995610094216,0.002582965248938503,-0.007159660374899705,0.004418941633850796
2023-04-10,-0.0005367650465812302,0.002185743073449859,0.007969950690331804,-0.000674489224685343,0.001025830162752977,-0.016255679966518118,-0.007427401530065852,-0.0009357282824654528
2023-04-11,-0.009441226990749707,0.008695694262488196,0.009411404795637667,0.0033668276370159324,0.0002686194724859245,0.0020580037863726568,0.00630066529229045,0.002137678573500664
2023-04-12,-0.005707650389413611,-0.002166674325870541,0.0006937886358669218,0.00029894796117275167,-0.0040843730200626335,-0.001028633667919962,0.0048732452945133,-0.0002667929417346109
2023-04-13,0.018432063317443147,0.008946206552722517,0.006221082796543738,0.012909058904349745,0.013195167728638511,-0.007889317070553426,0.013425150587981827,0.006784494147708475
2023-04-14,-0.005567997754464287,0.009780294741256256,0.0018359186615285,-0.008067140071045595,-0.0024457161840988847,-0.009188797994648813,-0.017869017219899228,-0.0018575586655855804
2023-04-17,0.0036262368104089384,0.011490761007366294,-0.011878126255688076,-0.0008177966739376545,0.003581911473720227,-0.011967120182091185,-0.00446370276447651,-0.0026603394204873874
2023-04-18,0.0030787363872152333,0.0030022752054494842,0.0039366122481078744,-0.006865790669287102,0.0006519128227049536,0.0035572279069480198,0.0038732698004284223,0.0006654305626278318
2023-04-19,-0.002877437633710663,0.0023949759952063463,-0.003472584443384968,0.0030656861275883203,-0.00016891123655160008,-0.000959787797056939,-0.004789973842758077,-0.004000762395518864
2023-04-20,-0.006589417454913957,-0.0029948424794253073,-0.008851592174490077,-0.0041147441327797855,-0.005471942041914834,0.008512796504376892,0.003930524556986942,-0.0009358533424310771
2023-04-21,-0.0032432172965147347,-0.003605690496501398,-0.005866454954453656,0.00672416366440251,0.000776661347480256,-0.00563561463185444,-0.009936876904451757,0.0030715768848534443
2023-04-24,-0.0044086285714224314,-0.002411217987411922,0.01518166471379564,0.005569027208582906,0.0010425528245453944,0.009628164859141268,0.0030347260178608367,0.002796648974051108
2023-04-25,-0.021575700045221934,-0.017349238951884022,-0.018954568462385333,-0.01072001627279021,-0.016001191717914233,0.014597177846041042,0.005073426510561733,-0.0015970406835825574
2023-04-26,0.014754775851834111,-0.009563635970565686,-0.013437232263964824,-0.014322634668155114,-0.004244654535494122,-0.010715509780731231,-0.005452222698837164,-0.003870067482812124
2023-04-27,0.020995057632468915,0.015990503799085242,0.0035850450236841434,0.005224859563091787,0.019712556101605386,-0.009971991970953737,5.4098929279836664e-05,0.00333717351916028
2023-04-28,0.010798619864853646,0.01182731214039499,0.015388535207232325,0.008498822344769143,0.008498930269366942,0.016001985933971962,0.0002706158931134578,0.004254859078851783
