Date,XLK,XLF,SPY,TLT,GLD,HYG,BTC-USD,ETH-USD
2019-01-02,29.032197952270508,20.933622360229492,224.38255310058594,99.44597625732422,121.33000183105469,55.119564056396484,3943.409423828125,155.0476837158203
2019-01-03,27.5670166015625,20.46300506591797,219.02816772460938,100.5776596069336,122.43000030517578,55.146766662597656,3836.7412109375,149.135009765625
2019-01-04,28.788780212402344,21.14278221130371,226.3646240234375,99.41345977783203,121.44000244140625,56.07236862182617,3857.717529296875,154.58193969726562
2019-01-05,28.788780212402344,21.14278221130371,226.3646240234375,99.41345977783203,121.44000244140625,56.07236862182617,3845.194580078125,155.6385955810547
2019-01-06,28.788780212402344,21.14278221130371,226.3646240234375,99.41345977783203,121.44000244140625,56.07236862182617,4076.632568359375,157.74620056152344
2019-01-07,29.04623794555664,21.168928146362305,228.14947509765625,99.12035369873047,121.86000061035156,56.61681365966797,4025.248291015625,151.69921875
2019-01-08,29.289657592773438,21.186363220214844,230.2930145263672,98.85984802246094,121.52999877929688,56.98430633544922,4030.847900390625,150.35963439941406
2019-01-09,29.6688289642334,21.290939331054688,231.36927795410156,98.70514678955078,122.30999755859375,57.052371978759766,4035.29638671875,150.80311584472656
2019-01-10,29.799903869628906,21.299657821655273,232.18540954589844,98.07011413574219,121.58999633789062,57.276973724365234,3678.924560546875,128.62518310546875
2019-01-11,29.743730545043945,21.351945877075195,232.2751007080078,98.45274353027344,121.80000305175781,57.09321975708008,3687.365478515625,127.54832458496094
2019-01-12,29.743730545043945,21.351945877075195,232.2751007080078,98.45274353027344,121.80000305175781,57.09321975708008,3661.301025390625,125.9665298461914
2019-01-13,29.743730545043945,21.351945877075195,232.2751007080078,98.45274353027344,121.80000305175781,57.09321975708008,3552.953125,116.8978042602539
2019-01-14,29.46754264831543,21.500104904174805,230.85800170898438,98.08641052246094,122.08999633789062,56.909446716308594,3706.05224609375,129.0687255859375
2019-01-15,29.91224479675293,21.691835403442383,233.5038299560547,97.72819519042969,121.87999725341797,57.100032806396484,3630.67529296875,122.03271484375
2019-01-16,29.940338134765625,22.15373420715332,234.06890869140625,97.82588195800781,122.2699966430664,57.188472747802734,3655.0068359375,123.54706573486328
2019-01-17,30.132259368896484,22.275745391845703,235.84471130371094,97.85030364990234,122.11000061035156,57.34503173828125,3678.56396484375,123.7419204711914
2019-01-18,30.591014862060547,22.659208297729492,238.9838409423828,97.33737182617188,121.0199966430664,57.50836944580078,3657.83935546875,121.01026153564453
2019-01-19,30.591014862060547,22.659208297729492,238.9838409423828,97.33737182617188,121.0199966430664,57.50836944580078,3728.568359375,124.5190200805664
2019-01-20,30.591014862060547,22.659208297729492,238.9838409423828,97.33737182617188,121.0199966430664,57.50836944580078,3601.013671875,119.4748306274414
2019-01-22,30.076086044311523,22.397754669189453,235.7550048828125,97.99683380126953,121.44999694824219,57.12724304199219,3604.5771484375,118.74755096435547
2019-01-23,30.1790714263916,22.42389678955078,236.2483367919922,97.95616149902344,121.27999877929688,57.242923736572266,3585.123046875,117.45260620117188
2019-01-24,30.431854248046875,22.476200103759766,236.37387084960938,98.59930419921875,121.08999633789062,57.30417251586914,3600.865478515625,117.36288452148438
2019-01-25,30.862516403198242,22.659208297729492,238.37391662597656,98.12716674804688,122.86000061035156,57.447113037109375,3599.765869140625,116.37834167480469
2019-01-26,30.862516403198242,22.659208297729492,238.37391662597656,98.12716674804688,122.86000061035156,57.447113037109375,3602.46044921875,116.48873901367188
2019-01-27,30.862516403198242,22.659208297729492,238.37391662597656,98.12716674804688,122.86000061035156,57.447113037109375,3583.9658203125,113.40528869628906
2019-01-28,30.450576782226562,22.589487075805664,236.56222534179688,98.02942657470703,123.29000091552734,57.358638763427734,3470.450439453125,106.58997344970703
2019-01-29,30.122896194458008,22.51105499267578,236.2483367919922,98.52603912353516,123.9800033569336,57.324615478515625,3448.116943359375,105.59821319580078
2019-01-30,31.05911636352539,22.64177703857422,239.9883575439453,98.45274353027344,124.69000244140625,57.78060531616211,3486.181640625,108.90753936767578
2019-01-31,31.026348114013672,22.60692024230957,242.0959930419922,99.29946899414062,124.75,57.92353057861328,3457.792724609375,107.0610122680664
2019-02-01,31.208921432495117,22.702783584594727,242.2126007080078,98.69972229003906,124.5,57.895469665527344,3487.9453125,107.60978698730469
2019-02-02,31.208921432495117,22.702783584594727,242.2126007080078,98.69972229003906,124.5,57.895469665527344,3521.060791015625,110.43025970458984
2019-02-03,31.208921432495117,22.702783584594727,242.2126007080078,98.69972229003906,124.5,57.895469665527344,3464.013427734375,107.49266815185547
2019-02-04,31.709789276123047,22.79865074157715,243.91668701171875,98.25912475585938,123.95999908447266,58.03221130371094,3459.154052734375,107.82160186767578
2019-02-05,31.976619720458984,22.737646102905273,244.93914794921875,98.70787811279297,124.27999877929688,58.23731994628906,3466.357421875,107.44351959228516
2019-02-06,32.08427429199219,22.711502075195312,244.61622619628906,98.75682830810547,123.44000244140625,58.182647705078125,3413.767822265625,104.9192886352539
2019-02-07,31.64425277709961,22.484909057617188,242.2843475341797,99.40963745117188,123.73999786376953,57.98434829711914,3399.4716796875,104.5353012084961
2019-02-08,31.82681655883789,22.371614456176758,242.5803680419922,99.83394622802734,124.20999908447266,57.970699310302734,3666.7802734375,119.26774597167969
2019-02-09,31.82681655883789,22.371614456176758,242.5803680419922,99.83394622802734,124.20999908447266,57.970699310302734,3671.20361328125,119.4308853149414
2019-02-10,31.82681655883789,22.371614456176758,242.5803680419922,99.83394622802734,124.20999908447266,57.970699310302734,3690.188232421875,124.80648803710938
2019-02-11,31.812780380249023,22.441328048706055,242.71484375,99.44225311279297,123.5999984741211,57.998016357421875,3648.4306640625,121.29839324951172
2019-02-12,32.23408126831055,22.772506713867188,245.8359832763672,99.18931579589844,123.86000061035156,58.278343200683594,3653.528564453125,122.5722885131836
2019-02-13,32.27620315551758,22.833515167236328,246.63424682617188,98.81397247314453,123.37000274658203,58.19631576538086,3632.070556640625,122.55360412597656
2019-02-14,32.33237838745117,22.55463218688965,246.08712768554688,99.37699890136719,124.05999755859375,58.20314025878906,3616.880859375,121.39020538330078
2019-02-15,32.58984375,23.033958435058594,248.768798828125,99.53203582763672,124.80000305175781,58.387752532958984,3620.810791015625,122.10038757324219
2019-02-16,32.58984375,23.033958435058594,248.768798828125,99.53203582763672,124.80000305175781,58.387752532958984,3629.78759765625,123.26021575927734
2019-02-17,32.58984375,23.033958435058594,248.768798828125,99.53203582763672,124.80000305175781,58.387752532958984,3673.836181640625,133.598876953125
2019-02-19,32.59919738769531,23.068817138671875,249.19931030273438,99.78495788574219,126.69999694824219,58.40825653076172,3947.094482421875,145.34619140625
2019-02-20,32.63664245605469,23.21697235107422,249.70162963867188,99.4993896484375,126.4800033569336,58.45611572265625,3999.820556640625,149.55433654785156
2019-02-21,32.65069580078125,23.094966888427734,248.81369018554688,98.60995483398438,125.05000305175781,58.40142822265625,3954.1181640625,146.13084411621094
2019-02-22,33.06731414794922,23.06010627746582,250.35633850097656,99.19746398925781,125.5,58.51765060424805,4005.526611328125,149.0924530029297
2019-02-23,33.06731414794922,23.06010627746582,250.35633850097656,99.19746398925781,125.5,58.51765060424805,4142.52685546875,158.79542541503906
2019-02-24,33.06731414794922,23.06010627746582,250.35633850097656,99.19746398925781,125.5,58.51765060424805,3810.427490234375,135.8526611328125
2019-02-25,33.22647476196289,23.155969619750977,250.6971435546875,98.90371704101562,125.37000274658203,58.565528869628906,3882.6962890625,139.82286071777344
2019-02-26,33.296695709228516,23.08624839782715,250.5177459716797,99.39329528808594,125.58000183105469,58.64070129394531,3854.35791015625,138.0896759033203
2019-02-27,33.26392364501953,23.173404693603516,250.4100799560547,98.26728820800781,124.69000244140625,58.661224365234375,3851.04736328125,136.12596130371094
2019-02-28,33.17030715942383,23.112394332885742,249.94366455078125,97.93273162841797,123.98999786376953,58.627044677734375,3854.785400390625,136.74624633789062
2019-03-01,33.39497756958008,23.26055145263672,251.50436401367188,97.02753448486328,121.87999725341797,58.79322814941406,3859.583740234375,136.44361877441406
2019-03-02,33.39497756958008,23.26055145263672,251.50436401367188,97.02753448486328,121.87999725341797,58.79322814941406,3864.4150390625,134.2069549560547
2019-03-03,33.39497756958008,23.26055145263672,251.50436401367188,97.02753448486328,121.87999725341797,58.79322814941406,3847.17578125,132.24942016601562
2019-03-04,33.268592834472656,23.112394332885742,250.5894775390625,97.7879867553711,121.55999755859375,58.703956604003906,3761.55712890625,127.77412414550781
2019-03-05,33.17030715942383,23.02524185180664,250.24874877929688,97.9924087524414,121.72000122070312,58.67648696899414,3896.375,137.8223876953125
2019-03-06,32.99709701538086,22.877090454101562,248.7328643798828,98.35221862792969,121.61000061035156,58.58034896850586,3903.942626953125,138.7893524169922
2019-03-07,32.6834602355957,22.64177703857422,246.65213012695312,98.989990234375,121.51000213623047,58.539119720458984,3911.484375,138.0345001220703
2019-03-08,32.67877960205078,22.633066177368164,246.158935546875,99.40702056884766,122.83999633789062,58.44298553466797,3901.131591796875,135.1270751953125
2019-03-09,32.67877960205078,22.633066177368164,246.158935546875,99.40702056884766,122.83999633789062,58.44298553466797,3963.313720703125,137.96533203125
2019-03-10,32.67877960205078,22.633066177368164,246.158935546875,99.40702056884766,122.83999633789062,58.44298553466797,3951.599853515625,136.75868225097656
2019-03-11,33.38094711303711,22.86836814880371,249.72845458984375,99.11262512207031,122.23999786376953,58.63528060913086,3905.227294921875,133.8340301513672
2019-03-12,33.57755661010742,22.92066192626953,250.6702423095703,99.80770111083984,122.9800033569336,58.73826599121094,3909.15625,134.44288635253906
2019-03-13,33.79756546020508,23.077529907226562,252.32936096191406,99.61961364746094,123.83999633789062,58.8962287902832,3906.71728515625,133.26307678222656
2019-03-14,33.8677864074707,23.164682388305664,252.1680450439453,98.90003967285156,122.41000366210938,58.85503005981445,3924.369140625,133.7115936279297
2019-03-15,34.27775955200195,23.326736450195312,253.41387939453125,99.55424499511719,122.97000122070312,58.90996170043945,3960.9111328125,137.69178771972656
2019-03-16,34.27775955200195,23.326736450195312,253.41387939453125,99.55424499511719,122.97000122070312,58.90996170043945,4048.725830078125,142.39817810058594
2019-03-17,34.27775955200195,23.326736450195312,253.41387939453125,99.55424499511719,122.97000122070312,58.90996170043945,4025.22900390625,140.00054931640625
2019-03-18,34.423336029052734,23.56324005126953,254.3326873779297,99.49694061279297,123.04000091552734,58.88938522338867,4032.50732421875,139.37460327148438
2019-03-19,34.49378204345703,23.379295349121094,254.39578247070312,99.27621459960938,123.37999725341797,58.92372131347656,4071.190185546875,140.51919555664062
2019-03-20,34.399864196777344,22.897518157958984,253.63011169433594,100.3146743774414,124.18000030517578,59.177818298339844,4087.476318359375,140.6863555908203
2019-03-21,35.26396942138672,22.82744026184082,256.4947204589844,100.53543853759766,123.68000030517578,59.164066314697266,4029.326904296875,136.6360626220703
2019-03-22,34.43273162841797,22.196752548217773,251.55812072753906,102.09723663330078,123.97000122070312,58.95119857788086,4023.96826171875,137.1814422607422
2019-03-23,34.43273162841797,22.196752548217773,251.55812072753906,102.09723663330078,123.97000122070312,58.95119857788086,4035.826416015625,138.2398681640625
2019-03-24,34.43273162841797,22.196752548217773,251.55812072753906,102.09723663330078,123.97000122070312,58.95119857788086,4022.168212890625,136.98692321777344
2019-03-25,34.2824592590332,22.10039710998535,251.36900329589844,102.26078033447266,124.91999816894531,58.930580139160156,3963.070556640625,135.03102111816406
2019-03-26,34.47030258178711,22.363183975219727,253.24273681640625,102.18719482421875,124.30000305175781,59.07479476928711,3985.080810546875,135.46035766601562
2019-03-27,34.27306365966797,22.266826629638672,251.9184112548828,103.12749481201172,123.6500015258789,59.116004943847656,4087.066162109375,140.9881591796875
2019-03-28,34.4139518737793,22.45953941345215,252.87332153320312,103.48733520507812,121.9000015258789,59.23278045654297,4069.107177734375,139.41647338867188
2019-03-29,34.752079010009766,22.520854949951172,254.46791076660156,103.3891830444336,122.01000213623047,59.38386917114258,4098.37451171875,142.49742126464844
2019-03-30,34.752079010009766,22.520854949951172,254.46791076660156,103.3891830444336,122.01000213623047,59.38386917114258,4106.66015625,142.09268188476562
2019-03-31,34.752079010009766,22.520854949951172,254.46791076660156,103.3891830444336,122.01000213623047,59.38386917114258,4105.404296875,141.51409912109375
2019-04-01,35.22639846801758,23.07271385192871,257.4856872558594,101.92064666748047,121.52999877929688,59.36934280395508,4158.18310546875,141.830322265625
2019-04-02,35.34849548339844,23.05518913269043,257.6116943359375,102.1091079711914,121.9800033569336,59.396942138671875,4879.8779296875,163.9617462158203
2019-04-03,35.63497543334961,23.125268936157227,258.01715087890625,101.22408294677734,121.80000305175781,59.41762924194336,4973.02197265625,161.45880126953125
2019-04-04,35.48469543457031,23.265419006347656,258.7017822265625,101.51092529296875,122.11000061035156,59.50730895996094,4922.798828125,158.0525360107422
2019-04-05,35.653751373291016,23.30045509338379,259.9538879394531,101.64202880859375,121.9800033569336,59.61766815185547,5036.68115234375,165.5148468017578
2019-04-06,35.653751373291016,23.30045509338379,259.9538879394531,101.64202880859375,121.9800033569336,59.61766815185547,5059.8173828125,165.94720458984375
2019-04-07,35.653751373291016,23.30045509338379,259.9538879394531,101.64202880859375,121.9800033569336,59.61766815185547,5198.89697265625,174.53164672851562
2019-04-08,35.78995132446289,23.326736450195312,260.152099609375,101.2814712524414,122.51000213623047,59.58317565917969,5289.77099609375,180.25881958007812
2019-04-09,35.620880126953125,23.1340274810791,258.8188781738281,101.60102844238281,123.1500015258789,59.54182815551758,5204.95849609375,176.1145782470703
2019-04-10,35.869781494140625,23.204105377197266,259.7017517089844,101.84690856933594,123.52999877929688,59.80391311645508,5324.5517578125,177.3374786376953
2019-04-11,35.82282638549805,23.344253540039062,259.629638671875,101.24869537353516,121.94999694824219,59.89360809326172,5064.48779296875,165.4970245361328
2019-04-12,36.071712493896484,23.773475646972656,261.3862609863281,100.5274887084961,121.83000183105469,59.983219146728516,5089.5390625,164.736328125
2019-04-13,36.071712493896484,23.773475646972656,261.3862609863281,100.5274887084961,121.83000183105469,59.983219146728516,5096.58642578125,164.5133514404297
2019-04-14,36.071712493896484,23.773475646972656,261.3862609863281,100.5274887084961,121.83000183105469,59.983219146728516,5167.72216796875,167.83851623535156
2019-04-15,36.05762481689453,23.624563217163086,261.2151794433594,100.78156280517578,121.5999984741211,59.94188690185547,5067.1083984375,161.5741729736328
2019-04-16,36.24078369140625,23.957426071166992,261.3862609863281,100.1505355834961,120.51000213623047,59.9073600769043,5235.5595703125,167.62344360351562
2019-04-17,36.442718505859375,24.018739700317383,260.7467041015625,100.1915054321289,120.27999877929688,59.76253128051758,5251.93798828125,166.9507598876953
2019-04-18,36.546043395996094,23.948665618896484,261.2601013183594,100.71601104736328,120.37000274658203,59.790122985839844,5298.3857421875,173.81402587890625
2019-04-19,36.546043395996094,23.948665618896484,261.2601013183594,100.71601104736328,120.37000274658203,59.790122985839844,5303.8125,173.70843505859375
2019-04-20,36.546043395996094,23.948665618896484,261.2601013183594,100.71601104736328,120.37000274658203,59.790122985839844,5337.88623046875,173.7512664794922
2019-04-22,36.63056945800781,23.878589630126953,261.48529052734375,100.23249053955078,120.37000274658203,59.68665313720703,5399.365234375,171.87466430664062
2019-04-23,37.02975082397461,24.027494430541992,263.8365478515625,100.44557189941406,120.12000274658203,59.89360809326172,5572.3623046875,171.4477996826172
2019-04-24,37.04383087158203,24.001222610473633,263.2510070800781,101.26504516601562,120.47000122070312,59.81082534790039,5464.86669921875,165.8260955810547
2019-04-25,37.034454345703125,24.045021057128906,263.0887756347656,101.11754608154297,120.56999969482422,59.83842468261719,5210.515625,154.4593963623047
2019-04-26,36.893558502197266,24.26401138305664,264.3139343261719,101.46173095703125,121.37000274658203,59.990169525146484,5279.34814453125,156.3470916748047
2019-04-27,36.893558502197266,24.26401138305664,264.3139343261719,101.46173095703125,121.37000274658203,59.990169525146484,5268.291015625,158.4349365234375
2019-04-28,36.893558502197266,24.26401138305664,264.3139343261719,101.46173095703125,121.37000274658203,59.990169525146484,5285.13916015625,157.29507446289062
2019-04-29,36.9029541015625,24.50927734375,264.7283935546875,100.8143310546875,120.83000183105469,59.96255874633789,5247.3525390625,155.20199584960938
2019-04-30,36.964012145996094,24.544321060180664,264.8634338378906,101.33062744140625,121.19999694824219,59.969478607177734,5350.7265625,162.16603088378906
2019-05-01,36.870079040527344,24.342851638793945,262.8726501464844,101.74864196777344,120.4000015258789,59.772743225097656,5402.697265625,160.81834411621094
2019-05-02,36.67752456665039,24.36912727355957,262.3052062988281,101.26409912109375,119.94000244140625,59.81428909301758,5505.28369140625,162.12278747558594
2019-05-03,37.02503967285156,24.588117599487305,264.8725280761719,101.55150604248047,120.6500015258789,59.96672821044922,5768.28955078125,167.95240783691406
2019-05-04,37.02503967285156,24.588117599487305,264.8725280761719,101.55150604248047,120.6500015258789,59.96672821044922,5831.16748046875,164.02658081054688
2019-05-05,37.02503967285156,24.588117599487305,264.8725280761719,101.55150604248047,120.6500015258789,59.96672821044922,5795.70849609375,163.45069885253906
2019-05-06,36.73857879638672,24.421688079833984,263.7825927734375,101.83073425292969,120.80999755859375,59.99440383911133,5746.80712890625,172.65321350097656
2019-05-07,35.949615478515625,24.018739700317383,259.3774108886719,102.61088562011719,121.20999908447266,59.634212493896484,5829.50146484375,169.7986602783203
2019-05-08,35.9073486328125,23.9661865234375,259.0171203613281,102.16748809814453,120.91000366210938,59.65498733520508,5982.45751953125,170.9481658935547
2019-05-09,35.663150787353516,23.913623809814453,258.2333984375,102.58625030517578,121.19999694824219,59.564937591552734,6174.52880859375,170.289306640625
2019-05-10,35.77585983276367,24.07129669189453,259.530517578125,102.44666290283203,121.43000030517578,59.731197357177734,6378.84912109375,173.1427459716797
2019-05-11,35.77585983276367,24.07129669189453,259.530517578125,102.44666290283203,121.43000030517578,59.731197357177734,7204.771484375,194.30433654785156
2019-05-12,35.77585983276367,24.07129669189453,259.530517578125,102.44666290283203,121.43000030517578,59.731197357177734,6972.37158203125,187.3253173828125
2019-05-13,34.42805099487305,23.370532989501953,253.00845336914062,103.25141143798828,122.66999816894531,59.183937072753906,7814.9150390625,196.84628295898438
2019-05-14,34.9821891784668,23.55448341369629,255.296630859375,102.94758605957031,122.45999908447266,59.315547943115234,7994.416015625,217.14857482910156
2019-05-15,35.36258316040039,23.466890335083008,256.7919616699219,103.57992553710938,122.38999938964844,59.3709602355957,8205.16796875,247.15306091308594
2019-05-16,35.68662643432617,23.703401565551758,259.1701354980469,103.2350082397461,121.51000213623047,59.551063537597656,7884.9091796875,264.010009765625
2019-05-17,35.40016174316406,23.54572868347168,257.4946594238281,103.46495819091797,120.6500015258789,59.530303955078125,7343.8955078125,243.76458740234375
2019-05-18,35.40016174316406,23.54572868347168,257.4946594238281,103.46495819091797,120.6500015258789,59.530303955078125,7271.2080078125,234.59523010253906
2019-05-19,35.40016174316406,23.54572868347168,257.4946594238281,103.46495819091797,120.6500015258789,59.530303955078125,8197.689453125,261.2922058105469
2019-05-20,34.78495788574219,23.572010040283203,255.79200744628906,103.25141143798828,120.63999938964844,59.47491455078125,7978.30908203125,251.86441040039062
2019-05-21,35.212318420410156,23.817270278930664,258.0981750488281,103.08718872070312,120.36000061035156,59.66191101074219,7963.32763671875,255.21588134765625
2019-05-22,35.02916717529297,23.6771240234375,257.3054504394531,103.6784896850586,120.23999786376953,59.71039581298828,7680.06640625,244.69891357421875
2019-05-23,34.4139518737793,23.344253540039062,254.16160583496094,104.84457397460938,121.16999816894531,59.41254425048828,7881.8466796875,245.96566772460938
2019-05-24,34.423336029052734,23.528209686279297,254.73806762695312,104.93494415283203,121.30000305175781,59.329402923583984,7987.37158203125,249.4849853515625
2019-05-25,34.423336029052734,23.528209686279297,254.73806762695312,104.93494415283203,121.30000305175781,59.329402923583984,8052.5439453125,251.75987243652344
2019-05-26,34.423336029052734,23.528209686279297,254.73806762695312,104.93494415283203,121.30000305175781,59.329402923583984,8673.2158203125,267.06964111328125
2019-05-28,34.32472610473633,23.256650924682617,252.368896484375,105.69042205810547,120.83000183105469,59.273990631103516,8719.9619140625,271.7687072753906
2019-05-29,34.12278366088867,23.212865829467773,250.67527770996094,106.01071166992188,120.87000274658203,59.114681243896484,8659.4873046875,269.4556884765625
2019-05-30,34.33412170410156,23.1340274810791,251.3599395751953,106.92227935791016,121.69000244140625,59.2393798828125,8319.47265625,255.85894775390625
2019-05-31,33.76117706298828,22.783641815185547,247.97279357910156,108.26083374023438,123.33000183105469,58.80988693237305,8574.501953125,268.1135559082031
2019-06-01,33.76117706298828,22.783641815185547,247.97279357910156,108.26083374023438,123.33000183105469,58.80988693237305,8564.0166015625,265.3912658691406
2019-06-02,33.76117706298828,22.783641815185547,247.97279357910156,108.26083374023438,123.33000183105469,58.80988693237305,8742.9580078125,270.22552490234375
2019-06-03,33.16944885253906,22.93256378173828,247.34219360351562,108.98501586914062,125.11000061035156,58.904518127441406,8208.9951171875,252.60792541503906
2019-06-04,34.27775955200195,23.55448341369629,252.71121215820312,107.74241638183594,125.1500015258789,59.49602127075195,7707.77099609375,241.3387908935547
2019-06-05,34.72390365600586,23.703401565551758,254.90017700195312,107.13349914550781,125.47000122070312,59.63514709472656,7824.2314453125,247.05101013183594
2019-06-06,35.12776565551758,23.790990829467773,256.5577392578125,107.47909545898438,125.87999725341797,59.760433197021484,7822.0234375,249.47433471679688
2019-06-07,35.78055191040039,23.755958557128906,259.1251525878906,108.40899658203125,126.58999633789062,59.91352462768555,8043.951171875,250.93035888671875
2019-06-08,35.78055191040039,23.755958557128906,259.1251525878906,108.40899658203125,126.58999633789062,59.91352462768555,7954.1279296875,245.73809814453125
2019-06-09,35.78055191040039,23.755958557128906,259.1251525878906,108.40899658203125,126.58999633789062,59.91352462768555,7688.0771484375,233.08670043945312
2019-06-10,36.1468620300293,23.957426071166992,260.3142395019531,107.38858795166016,125.33000183105469,60.004005432128906,8000.32958984375,247.52012634277344
2019-06-11,36.1468620300293,23.9661865234375,260.2511901855469,107.45440673828125,125.18000030517578,60.08747863769531,7927.71435546875,245.78182983398438
2019-06-12,35.94492721557617,23.72968101501465,259.7918395996094,107.53670501708984,125.83000183105469,59.94829559326172,8145.857421875,260.9032897949219
2019-06-13,36.05293273925781,23.808513641357422,260.8637390136719,107.9070053100586,126.5999984741211,60.08747863769531,8230.923828125,256.1687927246094
2019-06-14,35.738285064697266,23.86106300354004,260.5755920410156,108.17853546142578,126.55999755859375,60.04574203491211,8693.8330078125,264.08746337890625
2019-06-15,35.738285064697266,23.86106300354004,260.5755920410156,108.17853546142578,126.55999755859375,60.04574203491211,8838.375,269.0193176269531
2019-06-16,35.738285064697266,23.86106300354004,260.5755920410156,108.17853546142578,126.55999755859375,60.04574203491211,8994.48828125,269.22320556640625
2019-06-17,35.7664680480957,23.64208221435547,260.6745910644531,108.36781311035156,126.4800033569336,59.95529556274414,9320.3525390625,274.3511047363281
2019-06-18,36.414546966552734,23.957426071166992,263.40411376953125,108.91094970703125,127.12000274658203,60.372798919677734,9081.7626953125,265.0518493652344
2019-06-19,36.546043395996094,23.913623809814453,263.9986877441406,109.06732177734375,127.88999938964844,60.6580924987793,9273.521484375,269.4317932128906
2019-06-20,37.08141326904297,24.018739700317383,266.5209655761719,109.35531616210938,131.11000061035156,60.96427917480469,9527.16015625,271.69500732421875
2019-06-21,36.906089782714844,23.965042114257812,266.13372802734375,108.15387725830078,131.97999572753906,60.769439697265625,10144.556640625,294.9102783203125
2019-06-22,36.906089782714844,23.965042114257812,266.13372802734375,108.15387725830078,131.97999572753906,60.769439697265625,10701.69140625,309.38031005859375
2019-06-23,36.906089782714844,23.965042114257812,266.13372802734375,108.15387725830078,131.97999572753906,60.769439697265625,10855.37109375,307.8277893066406
2019-06-24,36.976768493652344,23.86819076538086,265.8077087402344,108.96029663085938,133.94000244140625,60.76246643066406,11011.1025390625,310.4246826171875
2019-06-25,36.29813766479492,23.788955688476562,263.2007141113281,109.2977294921875,134.1999969482422,60.50502395629883,11790.9169921875,318.1263122558594
2019-06-26,36.689300537109375,23.744935989379883,262.9381408691406,108.59825897216797,132.97000122070312,60.47715377807617,13016.2314453125,336.753173828125
2019-06-27,36.7835578918457,23.95623016357422,263.8705749511719,109.3635482788086,132.83999633789062,60.6441764831543,11182.806640625,294.26763916015625
2019-06-28,36.778846740722656,24.299596786499023,265.2283630371094,109.28948974609375,133.1999969482422,60.66506576538086,12407.33203125,311.2261047363281
2019-06-29,36.778846740722656,24.299596786499023,265.2283630371094,109.28948974609375,133.1999969482422,60.66506576538086,11959.37109375,320.05889892578125
2019-06-30,36.778846740722656,24.299596786499023,265.2283630371094,109.28948974609375,133.1999969482422,60.66506576538086,10817.1552734375,290.69598388671875
2019-07-01,37.36323547363281,24.59013557434082,267.63629150390625,109.03387451171875,130.6199951171875,60.6832160949707,10583.134765625,293.64111328125
2019-07-02,37.46221160888672,24.528507232666016,268.3332824707031,109.87489318847656,133.41000366210938,60.816009521484375,10801.677734375,291.596435546875
2019-07-03,37.749691009521484,24.72220230102539,270.47869873046875,110.65814971923828,133.6300048828125,61.04664993286133,11961.26953125,303.0999755859375
2019-07-04,37.749691009521484,24.72220230102539,270.47869873046875,110.65814971923828,133.6300048828125,61.04664993286133,11215.4375,284.5232238769531
2019-07-05,37.67899703979492,24.792633056640625,270.1708068847656,109.19047546386719,132.13999938964844,60.802059173583984,10978.4599609375,287.9975280761719
2019-07-06,37.67899703979492,24.792633056640625,270.1708068847656,109.19047546386719,132.13999938964844,60.802059173583984,11208.55078125,287.547119140625
2019-07-07,37.67899703979492,24.792633056640625,270.1708068847656,109.19047546386719,132.13999938964844,60.802059173583984,11450.8466796875,305.7005615234375
2019-07-08,37.391502380371094,24.66937828063965,268.6862487792969,109.33895111083984,131.2899932861328,60.6832160949707,12285.9580078125,313.25140380859375
2019-07-09,37.523475646972656,24.713396072387695,269.0211486816406,109.29773712158203,131.75,60.61334991455078,12573.8125,308.8810119628906
2019-07-10,37.82037353515625,24.62535285949707,270.30670166015625,108.6958236694336,133.8300018310547,60.78105163574219,12156.5126953125,290.0023193359375
2019-07-11,37.96175765991211,24.766218185424805,270.9403076171875,107.24470520019531,132.6999969482422,60.66224670410156,11358.662109375,268.70404052734375
2019-07-12,38.23982238769531,24.93349838256836,272.1532287597656,107.36837768554688,133.52999877929688,60.76011657714844,11815.986328125,276.2767028808594
2019-07-13,38.23982238769531,24.93349838256836,272.1532287597656,107.36837768554688,133.52999877929688,60.76011657714844,11392.37890625,269.45880126953125
2019-07-14,38.23982238769531,24.93349838256836,272.1532287597656,107.36837768554688,133.52999877929688,60.76011657714844,10256.05859375,227.57806396484375
2019-07-15,38.3670654296875,24.792633056640625,272.24383544921875,107.98677062988281,133.52999877929688,60.802059173583984,10895.08984375,229.7760009765625
2019-07-16,38.00889205932617,24.731000900268555,271.36578369140625,107.66519165039062,132.39999389648438,60.67624282836914,9477.6416015625,199.1886749267578
2019-07-17,37.90992736816406,24.519704818725586,269.5190734863281,108.82771301269531,134.5800018310547,60.599334716796875,9693.802734375,211.48497009277344
2019-07-18,38.192691802978516,24.70458984375,270.50579833984375,108.83597564697266,136.47999572753906,60.62732696533203,10666.482421875,226.566162109375
2019-07-19,38.027748107910156,24.598941802978516,269.0031433105469,108.58038330078125,134.47000122070312,60.52246856689453,10530.732421875,221.3334197998047
2019-07-20,38.027748107910156,24.598941802978516,269.0031433105469,108.58038330078125,134.47000122070312,60.52246856689453,10767.1396484375,229.1192169189453
2019-07-21,38.027748107910156,24.598941802978516,269.0031433105469,108.58038330078125,134.47000122070312,60.52246856689453,10599.10546875,225.63076782226562
2019-07-22,38.466033935546875,24.65176773071289,269.6639709472656,108.78652954101562,134.4499969482422,60.72513961791992,10343.1064453125,217.5600128173828
2019-07-23,38.6781120300293,24.907085418701172,271.59210205078125,108.19287872314453,133.69000244140625,60.83000946044922,9900.767578125,212.728515625
2019-07-24,38.99858093261719,25.162416458129883,272.8684387207031,108.6628646850586,134.3699951171875,60.878944396972656,9811.92578125,217.04637145996094
2019-07-25,38.838348388671875,24.986328125,271.5648498535156,108.14340209960938,133.4199981689453,60.79505920410156,9911.841796875,219.6179962158203
2019-07-26,38.92317581176758,25.25925636291504,273.3843688964844,108.39900970458984,133.63999938964844,60.927852630615234,9870.3037109375,219.62960815429688
2019-07-27,38.92317581176758,25.25925636291504,273.3843688964844,108.39900970458984,133.63999938964844,60.927852630615234,9477.677734375,207.40830993652344
2019-07-28,38.92317581176758,25.25925636291504,273.3843688964844,108.39900970458984,133.63999938964844,60.927852630615234,9552.8603515625,211.18655395507812
2019-07-29,38.89961624145508,25.065567016601562,272.8865051269531,108.43193054199219,134.52999877929688,60.83699417114258,9519.1455078125,211.26805114746094
2019-07-30,38.64983367919922,24.995126724243164,272.2166748046875,108.6958236694336,134.97999572753906,60.864959716796875,9607.423828125,210.52259826660156
2019-07-31,38.06544494628906,24.871868133544922,269.23858642578125,109.5698013305664,133.2100067138672,60.76011657714844,10085.6279296875,218.65414428710938
2019-08-01,37.872222900390625,24.308401107788086,266.8939514160156,111.74588775634766,136.41000366210938,60.729896545410156,10399.6689453125,217.80844116210938
2019-08-02,37.254844665527344,24.299596786499023,264.8843994140625,112.77854919433594,135.88999938964844,60.63869094848633,10518.1748046875,217.87156677246094
2019-08-03,37.254844665527344,24.299596786499023,264.8843994140625,112.77854919433594,135.88999938964844,60.63869094848633,10821.7265625,222.49034118652344
2019-08-04,37.254844665527344,24.299596786499023,264.8843994140625,112.77854919433594,135.88999938964844,60.63869094848633,10970.1845703125,222.6697235107422
2019-08-05,35.69960403442383,23.489608764648438,256.91845703125,114.72833251953125,137.7899932861328,60.006954193115234,11805.6533203125,234.21502685546875
2019-08-06,36.293426513671875,23.86819076538086,260.52117919921875,115.64537811279297,138.91000366210938,60.393001556396484,11478.1689453125,226.02064514160156
2019-08-07,36.5196418762207,23.551239013671875,260.6752014160156,115.68669128417969,141.02000427246094,60.385982513427734,11941.96875,226.39100646972656
2019-08-08,37.41507339477539,24.000253677368164,265.78961181640625,115.93447875976562,141.72999572753906,60.62465286254883,11966.4072265625,220.94186401367188
2019-08-09,36.99092102050781,23.921018600463867,263.97918701171875,115.7032241821289,141.25999450683594,60.5404167175293,11862.9365234375,210.48890686035156
2019-08-10,36.99092102050781,23.921018600463867,263.97918701171875,115.7032241821289,141.25999450683594,60.5404167175293,11354.0244140625,206.73353576660156
2019-08-11,36.99092102050781,23.921018600463867,263.97918701171875,115.7032241821289,141.25999450683594,60.5404167175293,11523.5791015625,216.09286499023438
2019-08-12,36.5055046081543,23.463193893432617,260.7656555175781,118.11558532714844,142.6300048828125,60.32984161376953,11382.6162109375,211.28807067871094
2019-08-13,37.419795989990234,23.75373649597168,264.821044921875,117.71073913574219,141.77999877929688,60.59658432006836,10895.830078125,208.70904541015625
2019-08-14,36.26985549926758,22.873315811157227,256.99090576171875,120.36275482177734,142.75,60.056095123291016,10051.7041015625,186.6077423095703
2019-08-15,36.203880310058594,22.98777198791504,257.6697692871094,121.70111083984375,143.6999969482422,60.23155975341797,10311.5458984375,188.50205993652344
2019-08-16,36.8919563293457,23.39276123046875,261.4717102050781,120.72621154785156,142.77999877929688,60.43512725830078,10374.3388671875,185.44007873535156
2019-08-17,36.8919563293457,23.39276123046875,261.4717102050781,120.72621154785156,142.77999877929688,60.43512725830078,10231.744140625,185.68768310546875
2019-08-18,36.8919563293457,23.39276123046875,261.4717102050781,120.72621154785156,142.77999877929688,60.43512725830078,10345.810546875,194.4935302734375
2019-08-19,37.452781677246094,23.63047981262207,264.62188720703125,118.99948120117188,141.11000061035156,60.6106071472168,10916.0537109375,203.09193420410156
2019-08-20,37.2642707824707,23.313526153564453,262.5941467285156,120.23052978515625,142.2100067138672,60.659751892089844,10763.232421875,196.56541442871094
2019-08-21,37.702571868896484,23.419174194335938,264.7305908203125,119.4291763305664,141.75999450683594,60.91945266723633,10138.0498046875,186.89163208007812
2019-08-22,37.61301803588867,23.577653884887695,264.6490478515625,118.63609313964844,141.39999389648438,61.03178024291992,10131.0556640625,191.33291625976562
2019-08-23,36.368839263916016,22.97896385192871,257.85089111328125,120.5857925415039,144.1699981689453,60.75098419189453,10407.96484375,194.70620727539062
2019-08-24,36.368839263916016,22.97896385192871,257.85089111328125,120.5857925415039,144.1699981689453,60.75098419189453,10159.9609375,191.28956604003906
2019-08-25,36.368839263916016,22.97896385192871,257.85089111328125,120.5857925415039,144.1699981689453,60.75098419189453,10138.517578125,186.84239196777344
2019-08-26,36.87309646606445,23.19907569885254,260.7022705078125,120.09835052490234,144.19000244140625,61.05280685424805,10370.8203125,188.92938232421875
2019-08-27,36.81655502319336,23.05820655822754,259.6794738769531,121.94893646240234,145.57000732421875,61.02474594116211,10185.5,187.51666259765625
2019-08-28,36.84954833984375,23.269508361816406,261.5079345703125,122.10590362548828,145.16000366210938,61.172157287597656,9754.4228515625,173.8899688720703
2019-08-29,37.490478515625,23.621675491333008,264.84820556640625,121.64320373535156,144.1199951171875,61.23529052734375,9510.2001953125,169.51673889160156
2019-08-30,37.48105239868164,23.700912475585938,264.7305908203125,121.67630767822266,143.75,61.179168701171875,9598.173828125,168.83486938476562
2019-08-31,37.48105239868164,23.700912475585938,264.7305908203125,121.67630767822266,143.75,61.179168701171875,9630.6640625,172.46978759765625
2019-09-01,37.48105239868164,23.700912475585938,264.7305908203125,121.67630767822266,143.75,61.179168701171875,9757.970703125,171.62942504882812
2019-09-03,37.02390670776367,23.454391479492188,263.1825866699219,121.83360290527344,145.75,61.00362777709961,10623.5400390625,179.49932861328125
2019-09-04,37.655426025390625,23.683300018310547,266.16973876953125,122.015625,146.66000366210938,61.13054656982422,10594.4931640625,175.99288940429688
2019-09-05,38.442474365234375,24.16753387451172,269.5915222167969,119.805908203125,143.13999938964844,61.37018966674805,10575.533203125,174.21713256835938
2019-09-06,38.40947723388672,24.158727645874023,269.7997131347656,120.6583023071289,141.9199981689453,61.426578521728516,10353.302734375,169.9561767578125
2019-09-07,38.40947723388672,24.158727645874023,269.7997131347656,120.6583023071289,141.9199981689453,61.426578521728516,10517.2548828125,178.2626190185547
2019-09-08,38.40947723388672,24.158727645874023,269.7997131347656,120.6583023071289,141.9199981689453,61.426578521728516,10441.2763671875,181.35552978515625
2019-09-09,38.12200164794922,24.528507232666016,269.93548583984375,118.51480102539062,141.38999938964844,61.4900016784668,10334.974609375,181.1494598388672
2019-09-10,37.92877197265625,24.616548538208008,269.87225341796875,116.4375,140.17999267578125,61.5252799987793,10115.9755859375,179.78717041015625
2019-09-11,38.32463836669922,24.757417678833008,271.791259765625,116.23056030273438,141.02999877929688,61.5181999206543,10178.3720703125,178.72549438476562
2019-09-12,38.532020568847656,24.889476776123047,272.732666015625,115.46915435791016,141.32000732421875,61.55348587036133,10410.126953125,181.01609802246094
2019-09-13,38.24924850463867,25.08316993713379,272.5516662597656,113.00286865234375,140.14999389648438,61.440704345703125,10360.546875,181.10972595214844
2019-09-14,38.24924850463867,25.08316993713379,272.5516662597656,113.00286865234375,140.14999389648438,61.440704345703125,10358.048828125,188.1055145263672
2019-09-15,38.24924850463867,25.08316993713379,272.5516662597656,113.00286865234375,140.14999389648438,61.440704345703125,10347.712890625,189.78912353515625
2019-09-16,38.15498352050781,24.995126724243164,271.7096252441406,114.44292449951172,141.32000732421875,61.659210205078125,10276.7939453125,197.11317443847656
2019-09-17,38.310508728027344,25.02153778076172,272.39764404296875,115.06365203857422,141.60000610351562,61.694461822509766,10241.2724609375,208.60874938964844
2019-09-18,38.3057975769043,25.109586715698242,272.5606384277344,115.55193328857422,140.7100067138672,61.659210205078125,10198.248046875,211.39303588867188
2019-09-19,38.39064025878906,24.995126724243164,272.5425109863281,115.89952850341797,141.27999877929688,61.58872604370117,10266.4150390625,221.28085327148438
2019-09-20,37.942935943603516,24.848236083984375,271.2547912597656,117.43067169189453,142.9499969482422,61.66625213623047,10181.6416015625,218.050048828125
2019-09-21,37.942935943603516,24.848236083984375,271.2547912597656,117.43067169189453,142.9499969482422,61.66625213623047,10019.716796875,215.51620483398438
2019-09-22,37.942935943603516,24.848236083984375,271.2547912597656,117.43067169189453,142.9499969482422,61.66625213623047,10070.392578125,211.54537963867188
2019-09-23,38.061126708984375,24.892478942871094,271.1911315917969,117.40579986572266,143.75,61.638057708740234,9729.32421875,201.9213104248047
2019-09-24,37.692386627197266,24.653554916381836,269.0631103515625,118.8210678100586,144.50999450683594,61.55348587036133,8620.56640625,168.11073303222656
2019-09-25,38.1414909362793,24.85708236694336,270.6545715332031,117.0830307006836,141.8300018310547,61.4900016784668,8486.9931640625,170.8927001953125
2019-09-26,38.18402862548828,24.742048263549805,270.0907287597656,117.836181640625,141.7899932861328,61.447715759277344,8118.9677734375,166.7271270751953
2019-09-27,37.67346954345703,24.839385986328125,268.6357116699219,118.12580108642578,141.05999755859375,61.37725830078125,8251.845703125,174.71099853515625
2019-09-28,37.67346954345703,24.839385986328125,268.6357116699219,118.12580108642578,141.05999755859375,61.37725830078125,8245.9150390625,174.57289123535156
2019-09-29,37.67346954345703,24.839385986328125,268.6357116699219,118.12580108642578,141.05999755859375,61.37725830078125,8104.185546875,170.50347900390625
2019-09-30,38.070579528808594,24.777442932128906,269.881591796875,118.41553497314453,138.8699951171875,61.447715759277344,8293.8681640625,179.87220764160156
2019-10-01,37.71601486206055,24.25534439086914,266.6714782714844,118.77196502685547,139.6300048828125,61.30618667602539,8343.2763671875,177.34042358398438
2019-10-02,37.006893157958984,23.759798049926758,261.96075439453125,119.06214141845703,141.25999450683594,60.94521713256836,8393.0419921875,180.71051025390625
2019-10-03,37.46072769165039,23.85713768005371,264.1069641113281,120.14823150634766,141.89999389648438,60.98061752319336,8259.9921875,175.1993408203125
2019-10-04,38.08003616333008,24.299592971801758,267.680908203125,121.03535461425781,141.89999389648438,61.17170333862305,8205.939453125,176.98500061035156
2019-10-05,38.08003616333008,24.299592971801758,267.680908203125,121.03535461425781,141.89999389648438,61.17170333862305,8151.50048828125,176.3515167236328
2019-10-06,38.08003616333008,24.299592971801758,267.680908203125,121.03535461425781,141.89999389648438,61.17170333862305,7988.15576171875,173.05914306640625
2019-10-07,37.9193000793457,24.175708770751953,266.5260009765625,120.03217315673828,140.69000244140625,61.12216567993164,8245.623046875,181.18634033203125
2019-10-08,37.224361419677734,23.697853088378906,262.3882141113281,120.35549926757812,141.9199981689453,60.89567565917969,8228.783203125,182.0215606689453
2019-10-09,37.77747344970703,23.919090270996094,264.87994384765625,119.67565155029297,142.0500030517578,61.07969284057617,8595.740234375,193.2932586669922
2019-10-10,38.037479400634766,24.166860580444336,266.6714782714844,117.8931884765625,140.80999755859375,61.15752410888672,8586.4736328125,191.65966796875
2019-10-11,38.56224060058594,24.46772575378418,269.43603515625,116.43399810791016,140.02999877929688,61.412330627441406,8321.7568359375,182.56968688964844
2019-10-12,38.56224060058594,24.46772575378418,269.43603515625,116.43399810791016,140.02999877929688,61.412330627441406,8336.5556640625,180.82664489746094
2019-10-13,38.56224060058594,24.46772575378418,269.43603515625,116.43399810791016,140.02999877929688,61.412330627441406,8321.005859375,182.0751495361328
2019-10-14,38.538604736328125,24.50312042236328,269.1358947753906,117.27962493896484,140.58999633789062,61.454803466796875,8374.6865234375,186.96090698242188
2019-10-15,38.96406936645508,24.85708236694336,271.80047607421875,115.86195373535156,139.61000061035156,61.589290618896484,8205.369140625,181.40606689453125
2019-10-16,38.694618225097656,24.79513931274414,271.3638610839844,116.00293731689453,140.41000366210938,61.53974914550781,8047.52685546875,176.0135040283203
2019-10-17,38.61896514892578,24.812841415405273,272.16424560546875,115.72100830078125,140.61000061035156,61.62467956542969,8103.9111328125,178.02835083007812
2019-10-18,38.25023651123047,24.87477684020996,270.972900390625,115.72100830078125,140.4600067138672,61.63882827758789,7973.20751953125,173.621337890625
2019-10-19,38.25023651123047,24.87477684020996,270.972900390625,115.72100830078125,140.4600067138672,61.63882827758789,7988.560546875,172.91302490234375
2019-10-20,38.25023651123047,24.87477684020996,270.972900390625,115.72100830078125,140.4600067138672,61.63882827758789,8222.078125,175.5343780517578
2019-10-21,38.66151809692383,25.21989631652832,272.8099670410156,114.85050964355469,139.7899932861328,61.66008377075195,8243.720703125,174.92098999023438
2019-10-22,38.1414909362793,25.149099349975586,271.9187316894531,115.5220718383789,140.1999969482422,61.67421340942383,8078.203125,172.3008575439453
2019-10-23,38.17457962036133,25.255298614501953,272.7098388671875,115.63812255859375,140.52999877929688,61.73085403442383,7514.671875,162.4027862548828
2019-10-24,38.732421875,25.21989631652832,273.1554870605469,115.40595245361328,141.52999877929688,61.8016242980957,7493.48876953125,162.16854858398438
2019-10-25,39.200462341308594,25.343778610229492,274.2740173339844,114.8422622680664,141.86000061035156,61.851173400878906,8660.7001953125,181.52320861816406
2019-10-26,39.200462341308594,25.343778610229492,274.2740173339844,114.8422622680664,141.86000061035156,61.851173400878906,9244.97265625,179.83547973632812
2019-10-27,39.200462341308594,25.343778610229492,274.2740173339844,114.8422622680664,141.86000061035156,61.851173400878906,9551.71484375,184.24221801757812
2019-10-28,39.69684600830078,25.47652244567871,275.8198547363281,113.79759979248047,140.63999938964844,61.844078063964844,9256.1484375,182.66281127929688
2019-10-29,39.337547302246094,25.538463592529297,275.7381286621094,113.87224578857422,140.25,61.73085403442383,9427.6875,190.3425750732422
2019-10-30,39.578651428222656,25.52076530456543,276.58380126953125,115.5386734008789,141.02000427246094,61.65297317504883,9205.7265625,184.69216918945312
2019-10-31,39.55501174926758,25.39687728881836,275.84716796875,117.09728240966797,142.42999267578125,61.440650939941406,9199.5849609375,183.9669189453125
2019-11-01,40.027767181396484,25.768539428710938,278.4026794433594,116.73680114746094,142.55999755859375,61.70433807373047,9261.1044921875,183.9698944091797
2019-11-02,40.027767181396484,25.768539428710938,278.4026794433594,116.73680114746094,142.55999755859375,61.70433807373047,9324.7177734375,183.92572021484375
2019-11-03,40.027767181396484,25.768539428710938,278.4026794433594,116.73680114746094,142.55999755859375,61.70433807373047,9235.3544921875,182.42501831054688
2019-11-04,40.235782623291016,25.98977279663086,279.5212707519531,115.20043182373047,142.14999389648438,61.8322639465332,9412.6123046875,186.35519409179688
2019-11-05,40.18849563598633,26.087106704711914,279.21209716796875,113.90485382080078,139.85000610351562,61.76829147338867,9342.52734375,189.30416870117188
2019-11-06,40.169586181640625,26.219844818115234,279.275634765625,114.59407043457031,140.4499969482422,61.69722366333008,9360.8798828125,191.59384155273438
2019-11-07,40.48633575439453,26.414525985717773,280.25787353515625,112.51781463623047,138.27000427246094,61.668785095214844,9267.5615234375,187.97654724121094
2019-11-08,40.713253021240234,26.405677795410156,280.948974609375,112.04443359375,137.38999938964844,61.72565841674805,8804.880859375,184.2114715576172
2019-11-09,40.713253021240234,26.405677795410156,280.948974609375,112.04443359375,137.38999938964844,61.72565841674805,8813.58203125,185.02871704101562
2019-11-10,40.713253021240234,26.405677795410156,280.948974609375,112.04443359375,137.38999938964844,61.72565841674805,9055.5263671875,189.47727966308594
2019-11-11,40.73216247558594,26.334882736206055,280.41241455078125,112.11918640136719,137.05999755859375,61.690120697021484,8757.7880859375,185.48963928222656
2019-11-12,40.86925506591797,26.370281219482422,281.0035095214844,112.63411712646484,137.42999267578125,61.70433807373047,8815.662109375,186.84341430664062
2019-11-13,40.95908737182617,26.2021427154541,281.09454345703125,113.3649673461914,137.97999572753906,61.640357971191406,8808.2626953125,188.2587432861328
2019-11-14,40.911800384521484,26.2552433013916,281.503662109375,114.53594207763672,138.55999755859375,61.60483932495117,8708.0947265625,185.9996337890625
2019-11-15,41.24272918701172,26.326032638549805,283.540771484375,114.41136169433594,138.2100067138672,61.78961181640625,8491.9921875,180.52117919921875
2019-11-16,41.24272918701172,26.326032638549805,283.540771484375,114.41136169433594,138.2100067138672,61.78961181640625,8550.7607421875,183.34835815429688
2019-11-17,41.24272918701172,26.326032638549805,283.540771484375,114.41136169433594,138.2100067138672,61.78961181640625,8577.9755859375,185.11923217773438
2019-11-18,41.36565017700195,26.379127502441406,283.74993896484375,114.61898803710938,138.6199951171875,61.71143341064453,8309.2861328125,180.55960083007812
2019-11-19,41.44600296020508,26.432220458984375,283.6681213378906,115.57414245605469,138.69000244140625,61.4910888671875,8206.1455078125,177.45555114746094
2019-11-20,41.19545364379883,26.308338165283203,282.6131286621094,116.77007293701172,138.75999450683594,61.363197326660156,8027.26806640625,175.69834899902344
2019-11-21,40.98745346069336,26.281789779663086,282.1584167480469,116.03917694091797,138.0,61.377403259277344,7642.75,161.4627227783203
2019-11-22,40.93544006347656,26.476465225219727,282.78594970703125,116.18870544433594,137.74000549316406,61.6119499206543,7296.57763671875,150.26817321777344
2019-11-23,40.93544006347656,26.476465225219727,282.78594970703125,116.18870544433594,137.74000549316406,61.6119499206543,7397.796875,153.41778564453125
2019-11-24,40.93544006347656,26.476465225219727,282.78594970703125,116.18870544433594,137.74000549316406,61.6119499206543,7047.9169921875,142.83470153808594
2019-11-25,41.53112030029297,26.64459800720215,284.9776306152344,116.5291748046875,137.0800018310547,61.7754020690918,7146.1337890625,146.47653198242188
2019-11-26,41.56894302368164,26.618057250976562,285.62322998046875,117.21029663085938,137.74000549316406,61.84648513793945,7218.37109375,148.96507263183594
2019-11-27,41.80057907104492,26.724241256713867,286.8964538574219,116.86978149414062,137.00999450683594,61.92465591430664,7531.66357421875,153.01055908203125
2019-11-28,41.80057907104492,26.724241256713867,286.8964538574219,116.86978149414062,137.00999450683594,61.92465591430664,7463.10595703125,151.7175750732422
2019-11-29,41.67766571044922,26.679994583129883,285.8323669433594,116.62060546875,137.86000061035156,61.78961181640625,7761.24365234375,155.3041534423828
2019-11-30,41.67766571044922,26.679994583129883,285.8323669433594,116.62060546875,137.86000061035156,61.78961181640625,7569.6298828125,152.53968811035156
2019-12-01,41.67766571044922,26.679994583129883,285.8323669433594,116.62060546875,137.86000061035156,61.78961181640625,7424.29248046875,151.18572998046875
2019-12-02,41.08200454711914,26.511869430541992,283.40435791015625,115.06566619873047,137.7899932861328,61.74750518798828,7321.98828125,149.0591583251953
2019-12-03,40.71798324584961,26.14020538330078,281.503662109375,117.47831726074219,139.11000061035156,61.661888122558594,7320.1455078125,147.9564208984375
2019-12-04,40.88344955444336,26.38797950744629,283.2406921386719,116.30522155761719,138.9199981689453,61.847381591796875,7252.03466796875,146.74774169921875
2019-12-05,41.034732818603516,26.511869430541992,283.74993896484375,115.73955535888672,139.0,61.94017791748047,7448.3076171875,149.24899291992188
2019-12-06,41.48856735229492,26.865825653076172,286.3417663574219,115.09899139404297,137.6199951171875,62.02577590942383,7546.99658203125,149.19444274902344
2019-12-07,41.48856735229492,26.865825653076172,286.3417663574219,115.09899139404297,137.6199951171875,62.02577590942383,7556.23779296875,148.76815795898438
2019-12-08,41.48856735229492,26.865825653076172,286.3417663574219,115.09899139404297,137.6199951171875,62.02577590942383,7564.34521484375,151.2647247314453
2019-12-09,41.27109909057617,26.80388832092285,285.4413757324219,115.3485107421875,137.5800018310547,62.02577590942383,7400.8994140625,148.2251739501953
2019-12-10,41.30419158935547,26.812728881835938,285.1231689453125,115.35682678222656,137.97000122070312,62.175621032714844,7278.11962890625,146.2670440673828
2019-12-11,41.583106994628906,26.75078582763672,285.9324951171875,116.26365661621094,138.9199981689453,62.30406188964844,7217.42724609375,143.60800170898438
2019-12-12,42.02749252319336,27.27288246154785,288.39697265625,114.35020446777344,138.42999267578125,62.44678497314453,7243.13427734375,145.60400390625
2019-12-13,42.30641174316406,27.17554473876953,288.5697937011719,115.67298126220703,139.0500030517578,62.51096725463867,7269.6845703125,144.9447479248047
2019-12-14,42.30641174316406,27.17554473876953,288.5697937011719,115.67298126220703,139.0500030517578,62.51096725463867,7124.673828125,142.86923217773438
2019-12-15,42.30641174316406,27.17554473876953,288.5697937011719,115.67298126220703,139.0500030517578,62.51096725463867,7152.3017578125,143.114990234375
2019-12-16,42.68461990356445,27.27288246154785,290.5522155761719,114.63306427001953,139.0399932861328,62.632286071777344,6932.48046875,133.61402893066406
2019-12-17,42.585350036621094,27.37907600402832,290.61578369140625,114.47501373291016,139.00999450683594,62.82493209838867,6640.51513671875,122.60388946533203
2019-12-18,42.58060836791992,27.264028549194336,290.634033203125,113.5348892211914,139.02000427246094,62.939083099365234,7276.802734375,133.09219360351562
2019-12-19,42.887908935546875,27.25518226623535,291.8253479003906,113.7165298461914,139.3800048828125,62.90614700317383,7202.84423828125,129.32113647460938
2019-12-20,43.136905670166016,27.287200927734375,293.10479736328125,113.86650085449219,139.52000427246094,62.813079833984375,7218.81640625,129.06605529785156
2019-12-21,43.136905670166016,27.287200927734375,293.10479736328125,113.86650085449219,139.52000427246094,62.813079833984375,7191.15869140625,128.13095092773438
2019-12-22,43.136905670166016,27.287200927734375,293.10479736328125,113.86650085449219,139.52000427246094,62.813079833984375,7511.5888671875,132.3725128173828
2019-12-23,43.260223388671875,27.224950790405273,293.55255126953125,113.69984436035156,139.9499969482422,62.8416748046875,7355.62841796875,128.6140899658203
2019-12-24,43.274444580078125,27.287200927734375,293.5616760253906,114.02486419677734,141.27000427246094,62.891845703125,7322.5322265625,129.0638885498047
2019-12-25,43.274444580078125,27.287200927734375,293.5616760253906,114.02486419677734,141.27000427246094,62.891845703125,7275.15576171875,126.45463562011719
2019-12-26,43.59698486328125,27.438405990600586,295.12451171875,114.29985046386719,142.3800048828125,62.984920501708984,7238.966796875,126.36122131347656
2019-12-27,43.59223937988281,27.367252349853516,295.0513610839844,114.42486572265625,142.3300018310547,62.95626449584961,7290.08837890625,127.21460723876953
2019-12-28,43.59223937988281,27.367252349853516,295.0513610839844,114.42486572265625,142.3300018310547,62.95626449584961,7317.990234375,128.3227081298828
2019-12-29,43.59223937988281,27.367252349853516,295.0513610839844,114.42486572265625,142.3300018310547,62.95626449584961,7422.65283203125,134.7579803466797
2019-12-30,43.34085464477539,27.287200927734375,293.424560546875,114.00820922851562,142.6300048828125,62.9133186340332,7292.9951171875,132.63348388671875
2019-12-31,43.4783935546875,27.376150131225586,294.1374206542969,112.89157104492188,142.89999389648438,62.9705924987793,7193.59912109375,129.61085510253906
2020-01-01,43.4783935546875,27.376150131225586,294.1374206542969,112.89157104492188,142.89999389648438,62.9705924987793,7200.17431640625,130.802001953125
2020-01-02,44.2941780090332,27.642969131469727,296.8881530761719,114.16649627685547,143.9499969482422,63.23552703857422,6985.47021484375,127.4101791381836
2020-01-03,43.79617691040039,27.349464416503906,294.6401062011719,115.92472839355469,145.86000061035156,63.17107009887695,7344.88427734375,134.1717071533203
2020-01-04,43.79617691040039,27.349464416503906,294.6401062011719,115.92472839355469,145.86000061035156,63.17107009887695,7410.65673828125,135.06936645507812
2020-01-05,43.79617691040039,27.349464416503906,294.6401062011719,115.92472839355469,145.86000061035156,63.17107009887695,7411.3173828125,136.2767791748047
2020-01-06,43.90052032470703,27.331682205200195,295.7641906738281,115.26641845703125,147.38999938964844,63.10665512084961,7769.21923828125,144.3041534423828
2020-01-07,43.88154983520508,27.15379524230957,294.93255615234375,114.69985961914062,147.97000122070312,63.04938888549805,8163.6923828125,143.5439910888672
2020-01-08,44.35109329223633,27.331682205200195,296.5043640136719,113.94153594970703,146.86000061035156,63.10665512084961,8079.86279296875,141.2581329345703
2020-01-09,44.85384750366211,27.50066375732422,298.51483154296875,114.34149932861328,146.02999877929688,63.27135467529297,7879.0712890625,138.9792022705078
2020-01-10,44.749488830566406,27.296096801757812,297.6557922363281,115.35810089111328,146.91000366210938,63.29281234741211,8166.55419921875,143.96377563476562
2020-01-11,44.749488830566406,27.296096801757812,297.6557922363281,115.35810089111328,146.91000366210938,63.29281234741211,8037.53759765625,142.92710876464844
2020-01-12,44.749488830566406,27.296096801757812,297.6557922363281,115.35810089111328,146.91000366210938,63.29281234741211,8192.494140625,145.87393188476562
2020-01-13,45.309165954589844,27.48287582397461,299.702880859375,115.00814056396484,145.82000732421875,63.29281234741211,8144.1943359375,144.22659301757812
2020-01-14,45.095741271972656,27.42951011657715,299.2459716796875,115.59968566894531,145.69000244140625,63.28567123413086,8827.7646484375,165.95535278320312
2020-01-15,45.147911071777344,27.278316497802734,299.9222106933594,116.36637115478516,146.5399932861328,63.30000305175781,8807.0107421875,166.23068237304688
2020-01-16,45.755008697509766,27.518455505371094,302.41705322265625,115.99968719482422,146.30999755859375,63.321468353271484,8723.7861328125,164.39100646972656
2020-01-17,46.06330108642578,27.59849739074707,303.3584289550781,115.00814056396484,146.5800018310547,63.27135467529297,8929.0380859375,170.7799530029297
2020-01-18,46.06330108642578,27.59849739074707,303.3584289550781,115.00814056396484,146.5800018310547,63.27135467529297,8942.80859375,175.3656768798828
2020-01-19,46.06330108642578,27.59849739074707,303.3584289550781,115.00814056396484,146.5800018310547,63.27135467529297,8706.2451171875,166.9698486328125
2020-01-21,46.04431915283203,27.367252349853516,302.7643737792969,116.21636199951172,146.74000549316406,63.13527297973633,8745.89453125,169.69715881347656
2020-01-22,46.21031951904297,27.447301864624023,302.80084228515625,116.6246337890625,146.7899932861328,63.2498664855957,8680.8759765625,168.29415893554688
2020-01-23,46.428504943847656,27.376150131225586,303.148193359375,117.44129943847656,147.1199951171875,63.056514739990234,8406.515625,162.92855834960938
2020-01-24,46.21031951904297,27.029279708862305,300.4522399902344,118.39120483398438,147.97999572753906,62.79159927368164,8445.4345703125,163.05117797851562
2020-01-25,46.21031951904297,27.029279708862305,300.4522399902344,118.39120483398438,147.97999572753906,62.79159927368164,8367.84765625,161.283935546875
2020-01-26,46.21031951904297,27.029279708862305,300.4522399902344,118.39120483398438,147.97999572753906,62.79159927368164,8596.830078125,168.0771026611328
2020-01-27,45.10997009277344,26.611251831054688,295.6361999511719,120.23278045654297,148.99000549316406,62.369083404541016,8909.8193359375,170.93089294433594
2020-01-28,45.973182678222656,26.922548294067383,298.73419189453125,119.29110717773438,147.66000366210938,62.90614700317383,9358.58984375,176.3703155517578
2020-01-29,46.09175109863281,26.878074645996094,298.4874572753906,120.45774841308594,148.4600067138672,62.870365142822266,9316.6298828125,175.0503387451172
2020-01-30,46.49015808105469,27.216053009033203,299.4561767578125,120.4743881225586,148.47000122070312,62.93478775024414,9508.9931640625,184.6904754638672
2020-01-31,45.21430969238281,26.64682960510254,294.0186767578125,121.57431030273438,149.3300018310547,62.67698669433594,9350.529296875,180.16017150878906
2020-02-01,45.21430969238281,26.64682960510254,294.0186767578125,121.57431030273438,149.3300018310547,62.67698669433594,9392.875,183.6739501953125
2020-02-02,45.21430969238281,26.64682960510254,294.0186767578125,121.57431030273438,149.3300018310547,62.67698669433594,9344.365234375,188.61753845214844
2020-02-03,45.81191635131836,26.833606719970703,296.20281982421875,121.47583770751953,148.36000061035156,62.66696548461914,9293.521484375,189.8650665283203
2020-02-04,47.011871337890625,27.091537475585938,300.7173156738281,119.83985137939453,146.42999267578125,63.04087448120117,9180.962890625,189.25059509277344
2020-02-05,47.28696823120117,27.634077072143555,304.18994140625,118.52942657470703,146.61000061035156,63.29969787597656,9613.423828125,204.23023986816406
2020-02-06,47.71857833862305,27.59849739074707,305.2135009765625,119.06368255615234,147.39999389648438,63.35005569458008,9729.8017578125,212.33908081054688
2020-02-07,47.282230377197266,27.50066375732422,303.58685302734375,120.54936981201172,147.7899932861328,63.256568908691406,9795.943359375,222.72605895996094
2020-02-08,47.282230377197266,27.50066375732422,303.58685302734375,120.54936981201172,147.7899932861328,63.256568908691406,9865.119140625,223.14651489257812
2020-02-09,47.282230377197266,27.50066375732422,303.58685302734375,120.54936981201172,147.7899932861328,63.256568908691406,10116.673828125,228.5785675048828
2020-02-10,47.922515869140625,27.58071517944336,305.853271484375,120.88321685791016,148.1699981689453,63.34286880493164,9856.611328125,223.522705078125
2020-02-11,47.76126480102539,27.678550720214844,306.3832702636719,120.27394104003906,147.66000366210938,63.38602066040039,10208.236328125,235.8511962890625
2020-02-12,48.27824020385742,27.69633674621582,308.3571472167969,119.66460418701172,147.5399932861328,63.55140686035156,10326.0546875,265.4061279296875
2020-02-13,48.150169372558594,27.687442779541016,308.0281677246094,120.1236343383789,148.3800048828125,63.572959899902344,10214.3798828125,268.0992431640625
2020-02-14,48.35886764526367,27.723018646240234,308.52166748046875,120.64955139160156,149.0,63.56578063964844,10312.1162109375,284.2174987792969
2020-02-15,48.35886764526367,27.723018646240234,308.52166748046875,120.64955139160156,149.0,63.56578063964844,9889.4248046875,264.72857666015625
2020-02-16,48.35886764526367,27.723018646240234,308.52166748046875,120.64955139160156,149.0,63.56578063964844,9934.43359375,259.89471435546875
2020-02-18,48.17863845825195,27.48287582397461,307.7266845703125,121.47583770751953,150.91000366210938,63.436370849609375,10141.99609375,281.944580078125
2020-02-19,48.752532958984375,27.687442779541016,309.197998046875,121.46739959716797,151.7899932861328,63.46510696411133,9633.38671875,259.76397705078125
2020-02-20,48.24504089355469,27.634077072143555,307.92767333984375,122.41897583007812,152.41000366210938,63.572959899902344,9608.4755859375,257.949462890625
2020-02-21,47.16365051269531,27.367252349853516,304.7565612792969,123.56245422363281,154.6999969482422,63.51544189453125,9686.44140625,265.6006164550781
2020-02-22,47.16365051269531,27.367252349853516,304.7565612792969,123.56245422363281,154.6999969482422,63.51544189453125,9663.181640625,262.33172607421875
2020-02-23,47.16365051269531,27.367252349853516,304.7565612792969,123.56245422363281,154.6999969482422,63.51544189453125,9924.515625,273.754150390625
2020-02-24,45.21430969238281,26.47783660888672,294.6492614746094,125.40702056884766,156.08999633789062,62.83235168457031,9650.1748046875,265.2164306640625
2020-02-25,43.767723083496094,25.57952880859375,285.7206726074219,126.07476806640625,153.3000030517578,62.39369201660156,9341.705078125,247.81759643554688
2020-02-26,43.9669189453125,25.392757415771484,284.6697692871094,125.40702056884766,153.97000122070312,62.45840072631836,8820.5224609375,225.68026733398438
2020-02-27,41.595458984375,24.30767250061035,271.884765625,126.7675552368164,154.0,61.61710739135742,8784.494140625,226.75338745117188
2020-02-28,41.91323471069336,23.649511337280273,270.74249267578125,129.63040161132812,148.3800048828125,61.868778228759766,8672.455078125,226.760498046875
2020-02-29,41.91323471069336,23.649511337280273,270.74249267578125,129.63040161132812,148.3800048828125,61.868778228759766,8599.5087890625,219.8485107421875
2020-03-01,41.91323471069336,23.649511337280273,270.74249267578125,129.63040161132812,148.3800048828125,61.868778228759766,8562.4541015625,218.97059631347656
2020-03-02,44.33687210083008,24.859106063842773,282.4673767089844,128.6766815185547,149.1999969482422,62.3382568359375,8869.669921875,230.5697784423828
2020-03-03,42.65313720703125,23.925214767456055,274.3796691894531,130.67434692382812,153.88999938964844,62.07100296020508,8787.7861328125,224.47962951660156
2020-03-04,44.483890533447266,24.7168025970459,285.9126892089844,129.28683471679688,154.16000366210938,62.92330551147461,8755.24609375,224.51797485351562
2020-03-05,43.07999038696289,23.524988174438477,276.40838623046875,132.50503540039062,157.49000549316406,62.1287841796875,9078.7626953125,229.2681884765625
2020-03-06,42.16936111450195,22.724515914916992,271.83905029296875,139.4010772705078,157.5500030517578,61.42820358276367,9122.5458984375,243.52529907226562
2020-03-07,42.16936111450195,22.724515914916992,271.83905029296875,139.4010772705078,157.5500030517578,61.42820358276367,8909.9541015625,237.85308837890625
2020-03-08,42.16936111450195,22.724515914916992,271.83905029296875,139.4010772705078,157.5500030517578,61.42820358276367,8108.1162109375,200.68905639648438
2020-03-09,38.96788787841797,20.287519454956055,250.6099395751953,143.1792755126953,157.80999755859375,58.78469467163086,7923.64453125,201.986328125
2020-03-10,41.56700134277344,21.479331970214844,263.5777587890625,135.8401336669922,154.47999572753906,59.68755340576172,7909.7294921875,200.76724243164062
2020-03-11,39.603431701660156,20.3142032623291,250.72874450683594,130.84161376953125,153.92999267578125,58.38748550415039,7911.43017578125,194.8685302734375
2020-03-12,35.73793029785156,18.117359161376953,226.7397003173828,131.6524200439453,147.7899932861328,56.054561614990234,4970.7880859375,112.34712219238281
2020-03-13,39.930694580078125,20.50098419189453,246.12283325195312,128.6766815185547,143.27999877929688,57.8169059753418,5563.70703125,133.20181274414062
2020-03-14,39.930694580078125,20.50098419189453,246.12283325195312,128.6766815185547,143.27999877929688,57.8169059753418,5200.3662109375,123.30602264404297
2020-03-15,39.930694580078125,20.50098419189453,246.12283325195312,128.6766815185547,143.27999877929688,57.8169059753418,5392.31494140625,125.21430206298828
2020-03-16,34.414669036865234,17.690431594848633,219.19114685058594,137.0104522705078,141.63999938964844,54.638973236083984,5014.47998046875,110.60587310791016
2020-03-17,36.75767135620117,18.650999069213867,231.0257568359375,127.87419891357422,143.55999755859375,55.151756286621094,5225.62939453125,113.9427490234375
2020-03-18,35.37273406982422,17.067846298217773,219.32823181152344,120.66046142578125,140.6999969482422,52.71773147583008,5238.4384765625,114.84226989746094
2020-03-19,35.500797271728516,17.4414005279541,219.79429626464844,123.945556640625,138.0399932861328,51.53322982788086,6191.19287109375,136.59385681152344
2020-03-20,33.87396240234375,16.818809509277344,210.3224639892578,133.26564025878906,140.11000061035156,50.37761688232422,6198.7783203125,132.73716735839844
2020-03-21,33.87396240234375,16.818809509277344,210.3224639892578,133.26564025878906,140.11000061035156,50.37761688232422,6185.06640625,132.81871032714844
2020-03-22,33.87396240234375,16.818809509277344,210.3224639892578,133.26564025878906,140.11000061035156,50.37761688232422,5830.2548828125,123.32115173339844
2020-03-23,33.56454086303711,15.840230941772461,204.94488525390625,138.75746154785156,146.3000030517578,49.56869125366211,6416.31494140625,134.91160583496094
2020-03-24,37.002052307128906,17.804561614990234,223.5135040283203,136.1746063232422,153.39999389648438,51.61268615722656,6734.8037109375,138.76144409179688
2020-03-25,36.95438766479492,18.288917541503906,226.8595733642578,135.8653106689453,151.3000030517578,53.06442642211914,6681.06298828125,136.19589233398438
2020-03-26,39.24287414550781,19.437021255493164,240.10586547851562,136.5340118408203,153.24000549316406,55.491172790527344,6716.4404296875,138.36155700683594
2020-03-27,37.46928787231445,18.84503936767578,232.9541473388672,140.1785430908203,152.25,55.635650634765625,6469.79833984375,133.9379425048828
2020-03-28,37.46928787231445,18.84503936767578,232.9541473388672,140.1785430908203,152.25,55.635650634765625,6242.19384765625,130.9864959716797
2020-03-29,37.46928787231445,18.84503936767578,232.9541473388672,140.1785430908203,152.25,55.635650634765625,5922.04296875,125.58373260498047
2020-03-30,39.047393798828125,19.203815460205078,240.5195770263672,139.02490234375,152.9199981689453,56.11235809326172,6429.841796875,132.904541015625
2020-03-31,38.31794738769531,18.674610137939453,236.93450927734375,137.89651489257812,148.0500030517578,55.66458511352539,6438.64453125,133.59356689453125
2020-04-01,36.49191665649414,17.535478591918945,226.27125549316406,139.82852172851562,149.4499969482422,54.13656997680664,6606.7763671875,135.63455200195312
2020-04-02,37.345333099365234,17.974985122680664,231.4925537109375,140.71588134765625,151.89999389648438,54.557579040527344,6793.62451171875,142.02914428710938
2020-04-03,36.768436431884766,17.61619758605957,228.1465301513672,141.05068969726562,152.64999389648438,53.388912200927734,6733.38720703125,142.09130859375
2020-04-04,36.768436431884766,17.61619758605957,228.1465301513672,141.05068969726562,152.64999389648438,53.388912200927734,6867.52734375,145.21939086914062
2020-04-05,36.768436431884766,17.61619758605957,228.1465301513672,141.05068969726562,152.64999389648438,53.388912200927734,6791.12939453125,143.54664611816406
2020-04-06,39.905574798583984,18.880910873413086,243.47027587890625,140.682373046875,156.8800048828125,54.688255310058594,7271.78125,169.13587951660156
2020-04-07,39.54800796508789,19.06927490234375,243.71847534179688,139.2090606689453,156.0399932861328,54.688255310058594,7176.41455078125,165.10194396972656
2020-04-08,40.6111946105957,19.9034366607666,251.89976501464844,138.1962432861328,154.64999389648438,56.1109619140625,7334.0986328125,172.64173889160156
2020-04-09,40.620731353759766,20.97081756591797,255.7329559326172,138.4473419189453,158.69000244140625,59.783958435058594,7302.08935546875,170.80714416503906
2020-04-10,40.620731353759766,20.97081756591797,255.7329559326172,138.4473419189453,158.69000244140625,59.783958435058594,6865.4931640625,158.41244506835938
2020-04-11,40.620731353759766,20.97081756591797,255.7329559326172,138.4473419189453,158.69000244140625,59.783958435058594,6859.0830078125,158.2160186767578
2020-04-13,40.71132278442383,20.208402633666992,253.3981170654297,137.18328857421875,161.41000366210938,58.92743682861328,6845.03759765625,156.27955627441406
2020-04-14,42.418155670166016,20.2981014251709,260.8715515136719,137.14976501464844,162.67999267578125,59.17420196533203,6842.427734375,157.5963897705078
2020-04-15,41.49321746826172,19.419084548950195,255.3284149169922,140.78277587890625,161.85000610351562,58.6225471496582,6642.10986328125,153.28689575195312
2020-04-16,41.998592376708984,19.078237533569336,256.5602722167969,142.3816375732422,161.7100067138672,58.564456939697266,7116.80419921875,172.15737915039062
2020-04-17,42.556419372558594,20.08283233642578,263.49139404296875,140.4730682373047,158.57000732421875,58.86207962036133,7096.1845703125,171.63858032226562
2020-04-18,42.556419372558594,20.08283233642578,263.49139404296875,140.4730682373047,158.57000732421875,58.86207962036133,7257.6650390625,186.91400146484375
2020-04-19,42.556419372558594,20.08283233642578,263.49139404296875,140.4730682373047,158.57000732421875,58.86207962036133,7189.4248046875,181.61495971679688
2020-04-20,41.8746337890625,19.733020782470703,258.8491516113281,141.60311889648438,159.6999969482422,57.976531982421875,6881.95849609375,172.2971649169922
2020-04-21,40.12013244628906,19.09618377685547,250.98976135253906,143.3861541748047,158.61000061035156,56.916748046875,6880.3232421875,172.73770141601562
2020-04-22,41.66485595703125,19.30248260498047,256.5602722167969,141.92127990722656,161.72999572753906,57.417564392089844,7117.20751953125,182.59957885742188
2020-04-23,41.37879943847656,19.22174835205078,256.5418701171875,142.67459106445312,163.33999633789062,57.388519287109375,7429.724609375,185.02867126464844
2020-04-24,42.25605392456055,19.499807357788086,260.1177062988281,143.00946044921875,162.63999938964844,56.851383209228516,7550.90087890625,189.2369384765625
2020-04-25,42.25605392456055,19.499807357788086,260.1177062988281,143.00946044921875,162.63999938964844,56.851383209228516,7569.93603515625,195.5153045654297
2020-04-26,42.25605392456055,19.499807357788086,260.1177062988281,143.00946044921875,162.63999938964844,56.851383209228516,7679.8671875,197.31753540039062
2020-04-27,42.6183967590332,20.163557052612305,263.8682556152344,140.3475341796875,161.55999755859375,57.08366775512695,7795.60107421875,197.22471618652344
2020-04-28,42.05103302001953,20.378826141357422,262.6548156738281,141.96311950683594,160.83999633789062,57.257896423339844,7807.05859375,198.41539001464844
2020-04-29,43.77694320678711,20.97081756591797,269.5307312011719,141.2265167236328,161.72999572753906,58.26687240600586,8801.0380859375,216.96823120117188
2020-04-30,43.58146667480469,20.44161033630371,267.0212707519531,139.5774383544922,158.8000030517578,58.38300704956055,8658.5537109375,207.60205078125
2020-05-01,42.3847770690918,19.786832809448242,259.9523010253906,140.77259826660156,159.77999877929688,57.37593460083008,8864.7666015625,214.21910095214844
2020-05-02,42.3847770690918,19.786832809448242,259.9523010253906,140.77259826660156,159.77999877929688,57.37593460083008,8988.5966796875,215.32537841796875
2020-05-03,42.3847770690918,19.786832809448242,259.9523010253906,140.77259826660156,159.77999877929688,57.37593460083008,8897.46875,210.9331512451172
2020-05-04,42.94736862182617,19.60744285583496,260.6693420410156,140.1104736328125,160.33999633789062,57.29572677612305,8912.654296875,208.17401123046875
2020-05-05,43.53855895996094,19.54465675354004,263.07769775390625,139.21365356445312,161.02000427246094,57.79159164428711,9003.0703125,206.77439880371094
2020-05-06,43.87706756591797,19.123090744018555,261.29437255859375,136.96728515625,158.9499969482422,57.46342086791992,9268.76171875,204.0557861328125
2020-05-07,44.53500747680664,19.571563720703125,264.44732666015625,139.25552368164062,161.38999938964844,57.609283447265625,9951.5185546875,212.28941345214844
2020-05-08,45.18818664550781,19.993135452270508,268.822998046875,137.445068359375,160.4199981689453,58.1562385559082,9842.666015625,212.9915771484375
2020-05-09,45.18818664550781,19.993135452270508,268.822998046875,137.445068359375,160.4199981689453,58.1562385559082,9593.896484375,211.60012817382812
2020-05-10,45.18818664550781,19.993135452270508,268.822998046875,137.445068359375,160.4199981689453,58.1562385559082,8756.4306640625,188.5995635986328
2020-05-11,45.488548278808594,19.60744285583496,268.8782043457031,136.3721466064453,159.4199981689453,57.89366912841797,8601.7958984375,185.912841796875
2020-05-12,44.549312591552734,19.09618377685547,263.51898193359375,137.77194213867188,160.0399932861328,57.82075500488281,8804.4775390625,189.3125
2020-05-13,43.78171920776367,18.531099319458008,258.8583984375,138.73585510253906,161.5800018310547,57.51449203491211,9269.9873046875,199.1932830810547
2020-05-14,44.33953857421875,19.00648307800293,261.9562072753906,140.09365844726562,163.00999450683594,57.31760025024414,9733.7216796875,202.9490966796875
2020-05-15,44.563602447509766,18.880910873413086,263.16046142578125,139.73329162597656,163.92999267578125,57.39778518676758,9328.197265625,195.62266540527344
2020-05-16,44.563602447509766,18.880910873413086,263.16046142578125,139.73329162597656,163.92999267578125,57.39778518676758,9377.013671875,200.6771240234375
2020-05-17,44.563602447509766,18.880910873413086,263.16046142578125,139.73329162597656,163.92999267578125,57.39778518676758,9670.7392578125,207.15869140625
2020-05-18,45.65542221069336,19.849620819091797,271.1762390136719,136.66558837890625,162.69000244140625,58.41145324707031,9726.5751953125,214.52505493164062
2020-05-19,45.488548278808594,19.36526870727539,268.3909912109375,137.17686462402344,164.25999450683594,58.484344482421875,9729.0380859375,213.45111083984375
2020-05-20,46.4849967956543,19.795806884765625,272.95037841796875,137.58750915527344,164.64999389648438,59.10423278808594,9522.9814453125,210.09674072265625
2020-05-21,45.836585998535156,19.733020782470703,271.06585693359375,137.93118286132812,162.25,59.08963394165039,9081.76171875,199.88360595703125
2020-05-22,46.003456115722656,19.6612606048584,271.5806579589844,138.76101684570312,163.2100067138672,59.235477447509766,9182.5771484375,207.169189453125
2020-05-23,46.003456115722656,19.6612606048584,271.5806579589844,138.76101684570312,163.2100067138672,59.235477447509766,9209.287109375,208.69439697265625
2020-05-24,46.003456115722656,19.6612606048584,271.5806579589844,138.76101684570312,163.2100067138672,59.235477447509766,8790.3681640625,202.37034606933594
2020-05-26,45.95577621459961,20.683788299560547,274.9267272949219,136.90025329589844,160.88999938964844,59.680294036865234,8835.052734375,201.90231323242188
2020-05-27,46.21800994873047,21.58074951171875,279.0173645019531,136.6488037109375,161.17999267578125,59.804283142089844,9181.017578125,208.86343383789062
2020-05-28,46.12742233276367,21.23990249633789,278.5026550292969,136.1458740234375,161.72000122070312,59.86263656616211,9525.7509765625,219.84042358398438
2020-05-29,46.70908737182617,20.997726440429688,279.7434997558594,137.1181640625,162.91000366210938,60.103240966796875,9439.1240234375,220.6751251220703
2020-05-30,46.70908737182617,20.997726440429688,279.7434997558594,137.1181640625,162.91000366210938,60.103240966796875,9700.4140625,242.34559631347656
2020-05-31,46.70908737182617,20.997726440429688,279.7434997558594,137.1181640625,162.91000366210938,60.103240966796875,9461.05859375,230.9757080078125
2020-06-01,46.694786071777344,21.23990249633789,280.8741455078125,136.1949462890625,163.66000366210938,60.55786895751953,10167.2685546875,246.99176025390625
2020-06-02,47.133399963378906,21.410324096679688,283.1998291015625,135.6997528076172,162.60000610351562,61.15819549560547,9529.8037109375,237.21905517578125
2020-06-03,47.500518798828125,22.208614349365234,286.96875,133.89541625976562,159.60000610351562,61.44370651245117,9656.7177734375,244.1793212890625
2020-06-04,47.10956573486328,22.692968368530273,286.2149353027344,131.9566192626953,161.27999877929688,61.25339126586914,9800.63671875,244.4263916015625
2020-06-05,48.34916687011719,23.53610610961914,293.55059814453125,131.01675415039062,158.00999450683594,61.83171463012695,9665.533203125,241.22198486328125
2020-06-06,48.34916687011719,23.53610610961914,293.55059814453125,131.01675415039062,158.00999450683594,61.83171463012695,9653.6796875,241.9313201904297
2020-06-07,48.34916687011719,23.53610610961914,293.55059814453125,131.01675415039062,158.00999450683594,61.83171463012695,9758.8525390625,245.16725158691406
2020-06-08,48.59230422973633,23.984582901000977,297.0987854003906,131.52029418945312,159.72000122070312,61.90489196777344,9771.4892578125,246.30990600585938
2020-06-09,48.821170806884766,23.47332191467285,294.88348388671875,133.01425170898438,161.25999450683594,61.4217643737793,9795.7001953125,244.9114532470703
2020-06-10,49.63643264770508,22.594301223754883,293.2380065917969,134.9864501953125,163.57000732421875,61.33390808105469,9870.0947265625,247.4449462890625
2020-06-11,46.790122985839844,20.74657440185547,276.3331298828125,137.5377960205078,162.38999938964844,59.75989532470703,9321.78125,231.70266723632812
2020-06-12,47.395626068115234,21.37444305419922,279.64251708984375,136.21180725097656,162.6199951171875,60.352901458740234,9480.84375,237.4932098388672
2020-06-13,47.395626068115234,21.37444305419922,279.64251708984375,136.21180725097656,162.6199951171875,60.352901458740234,9475.27734375,238.90884399414062
2020-06-14,47.395626068115234,21.37444305419922,279.64251708984375,136.21180725097656,162.6199951171875,60.352901458740234,9386.7880859375,234.1147003173828
2020-06-15,47.85332489013672,21.670442581176758,282.2531433105469,136.28726196289062,162.3300018310547,60.93856430053711,9450.7021484375,229.9289093017578
2020-06-16,48.873619079589844,22.01128387451172,287.6857604980469,134.1974639892578,162.25,61.18747329711914,9538.0244140625,234.41616821289062
2020-06-17,48.86406326293945,21.679410934448242,286.49078369140625,134.75137329101562,162.55999755859375,60.901981353759766,9480.2548828125,233.0282745361328
2020-06-18,49.08338165283203,21.652502059936523,286.60113525390625,136.17822265625,162.24000549316406,60.87997817993164,9411.8408203125,232.10116577148438
2020-06-19,48.744873046875,21.508983612060547,284.9632263183594,136.28726196289062,164.02999877929688,60.67501449584961,9288.0185546875,227.13829040527344
2020-06-20,48.744873046875,21.508983612060547,284.9632263183594,136.28726196289062,164.02999877929688,60.67501449584961,9332.3408203125,229.27426147460938
2020-06-21,48.744873046875,21.508983612060547,284.9632263183594,136.28726196289062,164.02999877929688,60.67501449584961,9303.6298828125,228.9898223876953
2020-06-22,49.66328811645508,21.402469635009766,286.7912292480469,136.30404663085938,165.08999633789062,60.63108444213867,9648.7177734375,242.53318786621094
2020-06-23,50.02184295654297,21.501766204833984,288.11163330078125,135.37254333496094,166.47999572753906,60.718929290771484,9629.658203125,244.14215087890625
2020-06-24,48.89356994628906,20.743518829345703,280.76220703125,136.82443237304688,165.89999389648438,60.0966682434082,9313.6103515625,235.7724609375
2020-06-25,49.519859313964844,21.294151306152344,283.7721862792969,137.2188720703125,165.8000030517578,60.118621826171875,9264.8134765625,232.94448852539062
2020-06-26,48.54457473754883,20.3824462890625,277.03216552734375,138.68756103515625,166.5399932861328,59.54761505126953,9162.91796875,229.6680450439453
2020-06-27,48.54457473754883,20.3824462890625,277.03216552734375,138.68756103515625,166.5399932861328,59.54761505126953,9045.390625,222.9597930908203
2020-06-28,48.54457473754883,20.3824462890625,277.03216552734375,138.68756103515625,166.5399932861328,59.54761505126953,9143.58203125,225.34716796875
2020-06-29,49.075233459472656,20.60811424255371,281.1037902832031,138.251220703125,166.6300048828125,59.210845947265625,9190.8544921875,228.1948699951172
2020-06-30,49.954917907714844,20.88794708251953,284.7046813964844,137.57980346679688,167.3699951171875,59.75260925292969,9137.9931640625,226.31500244140625
2020-07-01,50.03619384765625,20.707408905029297,286.6989440917969,137.3125762939453,166.6199951171875,59.93857955932617,9228.3251953125,231.11341857910156
2020-07-02,50.32781219482422,20.7344913482666,288.2778015136719,137.45535278320312,166.97999572753906,60.379695892333984,9123.41015625,229.39219665527344
2020-07-03,50.32781219482422,20.7344913482666,288.2778015136719,137.45535278320312,166.97999572753906,60.379695892333984,9087.3037109375,225.38706970214844
2020-07-04,50.32781219482422,20.7344913482666,288.2778015136719,137.45535278320312,166.97999572753906,60.379695892333984,9132.48828125,229.07411193847656
2020-07-06,51.20748519897461,21.131669998168945,292.72802734375,136.89242553710938,167.97999572753906,60.81343460083008,9375.474609375,241.51022338867188
2020-07-07,50.67203140258789,20.698383331298828,289.7088623046875,138.816650390625,169.0399932861328,60.40908432006836,9252.27734375,239.07553100585938
2020-07-08,51.499122619628906,20.915029525756836,291.9247741699219,138.26205444335938,170.08999633789062,60.570823669433594,9428.3330078125,246.67001342773438
2020-07-09,51.68557357788086,20.472713470458984,290.2628173828125,140.4634246826172,169.6300048828125,60.438499450683594,9277.9677734375,243.01596069335938
2020-07-10,51.671234130859375,21.176799774169922,293.22662353515625,139.7576446533203,169.19000244140625,60.64435577392578,9278.8076171875,240.9849853515625
2020-07-11,51.671234130859375,21.176799774169922,293.22662353515625,139.7576446533203,169.19000244140625,60.64435577392578,9240.3466796875,239.4581756591797
2020-07-12,51.671234130859375,21.176799774169922,293.22662353515625,139.7576446533203,169.19000244140625,60.64435577392578,9276.5,242.13169860839844
2020-07-13,50.60032653808594,21.26706886291504,290.6875915527344,140.21986389160156,169.39999389648438,60.31352996826172,9243.6142578125,239.60458374023438
2020-07-14,51.1835823059082,21.375385284423828,294.45458984375,140.4214630126953,170.19000244140625,60.828121185302734,9243.2138671875,240.21148681640625
2020-07-15,51.46086883544922,21.79964828491211,297.1597595214844,139.76605224609375,170.33999633789062,61.173683166503906,9192.8369140625,238.42352294921875
2020-07-16,50.825016021728516,21.79964828491211,296.1810607910156,140.4298858642578,168.72999572753906,61.23252487182617,9132.2275390625,233.64088439941406
2020-07-17,51.07362365722656,21.619115829467773,297.0397644042969,140.1357879638672,170.1199951171875,61.40160369873047,9151.392578125,232.77308654785156
2020-07-18,51.07362365722656,21.619115829467773,297.0397644042969,140.1357879638672,170.1199951171875,61.40160369873047,9159.0400390625,235.4838104248047
2020-07-19,51.07362365722656,21.619115829467773,297.0397644042969,140.1357879638672,170.1199951171875,61.40160369873047,9185.8173828125,238.48751831054688
2020-07-20,52.378780364990234,21.519819259643555,299.44036865234375,140.48033142089844,170.94000244140625,61.769142150878906,9164.2314453125,236.15316772460938
2020-07-21,51.8529052734375,21.94407844543457,300.0773620605469,140.56436157226562,173.0,62.05588150024414,9374.8876953125,245.0167236328125
2020-07-22,52.268836975097656,21.94407844543457,301.78546142578125,140.98439025878906,175.6300048828125,62.180870056152344,9525.36328125,262.1906433105469
2020-07-23,50.911075592041016,21.96213150024414,298.18463134765625,142.6312713623047,177.17999267578125,62.136741638183594,9581.072265625,274.6890563964844
2020-07-24,50.29435348510742,21.907970428466797,296.26422119140625,142.6229248046875,178.6999969482422,62.19560241699219,9536.892578125,279.2154235839844
2020-07-25,50.29435348510742,21.907970428466797,296.26422119140625,142.6229248046875,178.6999969482422,62.19560241699219,9677.11328125,304.0567626953125
2020-07-26,50.29435348510742,21.907970428466797,296.26422119140625,142.6229248046875,178.6999969482422,62.19560241699219,9905.1669921875,309.64361572265625
2020-07-27,51.087974548339844,21.727436065673828,298.4247741699219,142.0935821533203,182.22999572753906,62.34259796142578,10990.873046875,321.51409912109375
2020-07-28,50.49036407470703,21.67327308654785,296.5320129394531,143.07656860351562,183.75,62.180870056152344,10912.8232421875,316.6572570800781
2020-07-29,51.221832275390625,22.079477310180664,300.1789245605469,142.83291625976562,185.1300048828125,62.52639389038086,11100.4677734375,318.1908874511719
2020-07-30,51.5086784362793,21.682300567626953,299.1079406738281,143.77407836914062,183.75999450683594,62.65874481201172,11111.2138671875,334.5866394042969
2020-07-31,52.79472351074219,21.691329956054688,301.4715881347656,143.68162536621094,185.42999267578125,62.77638244628906,11323.466796875,345.5546569824219
2020-08-01,52.79472351074219,21.691329956054688,301.4715881347656,143.68162536621094,185.42999267578125,62.77638244628906,11759.5927734375,385.19970703125
2020-08-02,52.79472351074219,21.691329956054688,301.4715881347656,143.68162536621094,185.42999267578125,62.77638244628906,11053.6142578125,370.6717224121094
2020-08-03,54.09511947631836,21.754520416259766,303.5674133300781,142.95819091796875,185.63999938964844,62.79185104370117,11246.3486328125,386.295166015625
2020-08-04,54.2337532043457,21.664243698120117,304.739990234375,144.32093811035156,189.58999633789062,62.76969909667969,11205.892578125,389.87548828125
2020-08-05,54.4345588684082,21.96213150024414,306.6327209472656,143.05911254882812,191.35000610351562,62.88042068481445,11747.0224609375,401.590576171875
2020-08-06,55.19948196411133,21.953102111816406,308.68243408203125,143.85821533203125,193.88999938964844,63.02067184448242,11779.7734375,394.9619445800781
2020-08-07,54.37718963623047,22.422496795654297,308.904052734375,142.89926147460938,190.80999755859375,62.86566162109375,11601.47265625,379.5128479003906
2020-08-08,54.37718963623047,22.422496795654297,308.904052734375,142.89926147460938,190.80999755859375,62.86566162109375,11754.0458984375,393.98736572265625
2020-08-09,54.37718963623047,22.422496795654297,308.904052734375,142.89926147460938,190.80999755859375,62.86566162109375,11675.7392578125,391.1204528808594
2020-08-10,54.22420120239258,22.58498191833496,309.8272399902344,142.26004028320312,190.14999389648438,62.89522171020508,11878.111328125,395.8875732421875
2020-08-11,53.248905181884766,22.846752166748047,307.2698059082031,140.5692901611328,179.94000244140625,62.32685089111328,11410.525390625,380.3840637207031
2020-08-12,54.45844650268555,22.783571243286133,311.5538635253906,139.29061889648438,179.10000610351562,62.34158706665039,11584.9345703125,391.024169921875
2020-08-13,54.482357025146484,22.639141082763672,310.9906311035156,137.80174255371094,183.3300018310547,62.17181396484375,11784.1376953125,428.7417907714844
2020-08-14,54.4441032409668,22.729408264160156,310.99981689453125,137.2633819580078,182.5399932861328,62.06113815307617,11768.87109375,437.3978271484375
2020-08-15,54.4441032409668,22.729408264160156,310.99981689453125,137.2633819580078,182.5399932861328,62.06113815307617,11865.6982421875,433.35491943359375
2020-08-16,54.4441032409668,22.729408264160156,310.99981689453125,137.2633819580078,182.5399932861328,62.06113815307617,11892.8037109375,433.78662109375
2020-08-17,54.80745315551758,22.350282669067383,311.9877624511719,137.60824584960938,186.5,62.4301872253418,12254.40234375,429.53125
2020-08-18,55.01302719116211,22.205852508544922,312.66180419921875,138.5924530029297,188.17999267578125,62.52614974975586,11991.2333984375,423.6693115234375
2020-08-19,54.94609832763672,22.196826934814453,311.3599853515625,137.7260284423828,182.24000549316406,62.34898376464844,11758.283203125,406.4637756347656
2020-08-20,55.67756271362305,21.989219665527344,312.32940673828125,138.97105407714844,183.5,62.55565643310547,11878.3720703125,416.4397888183594
2020-08-21,56.3851203918457,21.94407844543457,313.4373779296875,139.8037872314453,182.02999877929688,62.54828643798828,11592.4892578125,389.1263427734375
2020-08-22,56.3851203918457,21.94407844543457,313.4373779296875,139.8037872314453,182.02999877929688,62.54828643798828,11681.8251953125,395.83514404296875
2020-08-23,56.3851203918457,21.94407844543457,313.4373779296875,139.8037872314453,182.02999877929688,62.54828643798828,11664.84765625,391.3844909667969
2020-08-24,56.87276840209961,22.46763038635254,316.6134338378906,139.57662963867188,181.0,62.83614730834961,11774.595703125,408.1441955566406
2020-08-25,57.15961456298828,22.53081703186035,317.72137451171875,138.5083770751953,181.22000122070312,62.902584075927734,11366.134765625,384.00103759765625
2020-08-26,58.32136535644531,22.422496795654297,320.9067687988281,137.97845458984375,183.36000061035156,62.89522171020508,11488.36328125,386.46612548828125
2020-08-27,58.369171142578125,22.80162811279297,321.60845947265625,135.63153076171875,181.24000549316406,62.79927062988281,11323.3974609375,382.63262939453125
2020-08-28,58.88071823120117,22.891889572143555,323.685791015625,135.53062438964844,184.38999938964844,62.850887298583984,11542.5,395.8746643066406
2020-08-29,58.88071823120117,22.891889572143555,323.685791015625,135.53062438964844,184.38999938964844,62.850887298583984,11506.865234375,399.9214782714844
2020-08-30,58.88071823120117,22.891889572143555,323.685791015625,135.53062438964844,184.38999938964844,62.850887298583984,11711.505859375,428.3957214355469
2020-08-31,59.067176818847656,22.621084213256836,322.5133056640625,136.43060302734375,184.8300018310547,62.762332916259766,11680.8203125,435.0797424316406
2020-09-01,60.19545364379883,22.68427276611328,325.5508117675781,137.9911346435547,185.0500030517578,63.10396957397461,11970.478515625,477.0519104003906
2020-09-02,60.73089599609375,23.00924301147461,330.2596740722656,139.30484008789062,182.6199951171875,63.17808532714844,11414.0341796875,440.0404968261719
2020-09-03,57.26959228515625,22.657194137573242,318.89398193359375,139.70059204101562,181.13999938964844,62.785308837890625,10245.296875,385.67193603515625
2020-09-04,56.47118377685547,22.828704833984375,316.290283203125,137.0479278564453,181.63999938964844,62.614837646484375,10511.8134765625,388.24114990234375
2020-09-05,56.47118377685547,22.828704833984375,316.290283203125,137.0479278564453,181.63999938964844,62.614837646484375,10169.5673828125,335.26007080078125
2020-09-06,56.47118377685547,22.828704833984375,316.290283203125,137.0479278564453,181.63999938964844,62.614837646484375,10280.3515625,353.3622741699219
2020-09-08,53.91822814941406,22.24197006225586,307.6484069824219,137.89004516601562,181.2899932861328,62.26653289794922,10131.5166015625,337.60211181640625
2020-09-09,55.67756271362305,22.46763038635254,313.7236633300781,137.5194854736328,183.0500030517578,62.75568771362305,10242.34765625,351.1100158691406
2020-09-10,54.420204162597656,22.151695251464844,308.276123046875,138.21847534179688,182.4600067138672,62.4592170715332,10363.138671875,368.1018981933594
2020-09-11,54.00426483154297,22.305150985717773,308.43310546875,138.5132293701172,182.4499969482422,62.5851936340332,10400.9150390625,374.6955871582031
2020-09-12,54.00426483154297,22.305150985717773,308.43310546875,138.5132293701172,182.4499969482422,62.5851936340332,10442.1708984375,387.18310546875
2020-09-13,54.00426483154297,22.305150985717773,308.43310546875,138.5132293701172,182.4499969482422,62.5851936340332,10323.755859375,365.57000732421875
2020-09-14,55.137325286865234,22.612060546875,312.49560546875,138.50482177734375,183.88999938964844,62.51849365234375,10680.837890625,377.26885986328125
2020-09-15,55.682350158691406,22.305150985717773,314.0744323730469,138.16796875,183.4499969482422,62.688968658447266,10796.951171875,364.8392028808594
2020-09-16,54.8217887878418,22.55790138244629,312.8279724121094,137.75535583496094,183.97000122070312,62.688968658447266,10974.9052734375,365.8122863769531
2020-09-17,54.367618560791016,22.323200225830078,310.0766296386719,138.17636108398438,182.9600067138672,62.62223815917969,10948.990234375,389.01922607421875
2020-09-18,53.430580139160156,22.278072357177734,306.5067443847656,137.74684143066406,183.1999969482422,62.46662902832031,10944.5859375,384.3645324707031
2020-09-19,53.430580139160156,22.278072357177734,306.5067443847656,137.74684143066406,183.1999969482422,62.46662902832031,11094.3466796875,385.54437255859375
2020-09-20,53.430580139160156,22.278072357177734,306.5067443847656,137.74684143066406,183.1999969482422,62.46662902832031,10938.271484375,371.0528259277344
2020-09-21,53.87474060058594,21.719873428344727,303.095458984375,138.44589233398438,179.52000427246094,61.96268081665039,10462.259765625,341.78607177734375
2020-09-22,54.72760772705078,21.538345336914062,306.18231201171875,138.33641052246094,178.64999389648438,62.1776237487793,10538.4599609375,344.503173828125
2020-09-23,53.021873474121094,21.057294845581055,299.0816650390625,138.5216064453125,174.7899932861328,61.54768753051758,10246.1865234375,321.1163024902344
2020-09-24,53.318939208984375,21.102672576904297,299.8788757324219,139.0521697998047,175.44000244140625,61.58470916748047,10760.06640625,349.3555908203125
2020-09-25,54.59346008300781,21.32050895690918,304.72698974609375,139.0521697998047,174.94000244140625,61.47356414794922,10692.716796875,352.1832580566406
2020-09-26,54.59346008300781,21.32050895690918,304.72698974609375,139.0521697998047,174.94000244140625,61.47356414794922,10750.7236328125,355.48809814453125
2020-09-27,54.59346008300781,21.32050895690918,304.72698974609375,139.0521697998047,174.94000244140625,61.47356414794922,10775.26953125,357.4385070800781
2020-09-28,55.63798522949219,21.82878303527832,309.78826904296875,138.6564483642578,176.6999969482422,61.873783111572266,10709.65234375,355.159423828125
2020-09-29,55.451114654541016,21.556493759155273,308.1012268066406,138.81643676757812,178.19000244140625,61.925628662109375,10844.640625,359.75738525390625
2020-09-30,55.91587448120117,21.84693717956543,310.437255859375,137.4857635498047,177.1199951171875,62.1776237487793,10784.4912109375,359.9378662109375
2020-10-01,56.50522232055664,21.88324737548828,312.4302062988281,137.712646484375,178.6999969482422,62.3912239074707,10619.4521484375,353.2059020996094
2020-10-02,55.07259750366211,22.055696487426758,309.4638366699219,137.19839477539062,178.5399932861328,62.3912239074707,10575.974609375,346.2389221191406
2020-10-03,55.07259750366211,22.055696487426758,309.4638366699219,137.19839477539062,178.5399932861328,62.3912239074707,10549.3291015625,346.5220947265625
2020-10-04,55.07259750366211,22.055696487426758,309.4638366699219,137.19839477539062,178.5399932861328,62.3912239074707,10669.5830078125,352.5790100097656
2020-10-05,56.28003692626953,22.41875648498535,314.9516296386719,134.5176544189453,179.41000366210938,62.86009216308594,10793.33984375,353.956787109375
2020-10-06,55.40799331665039,22.191843032836914,310.4742431640625,135.2425994873047,177.3000030517578,62.71867752075195,10604.40625,340.81585693359375
2020-10-07,56.42376708984375,22.563976287841797,315.8785705566406,134.25631713867188,177.22000122070312,62.94194030761719,10668.96875,341.80865478515625
2020-10-08,56.71604537963867,22.872577667236328,318.67803955078125,134.98123168945312,177.85000610351562,63.08335876464844,10915.685546875,350.7661437988281
2020-10-09,57.58330535888672,22.899805068969727,321.5238952636719,134.95594787597656,181.0800018310547,63.22480773925781,11064.4580078125,365.5904846191406
2020-10-10,57.58330535888672,22.899805068969727,321.5238952636719,134.95594787597656,181.0800018310547,63.22480773925781,11296.361328125,370.96759033203125
2020-10-11,57.58330535888672,22.899805068969727,321.5238952636719,134.95594787597656,181.0800018310547,63.22480773925781,11384.181640625,375.1420593261719
2020-10-12,59.15488815307617,23.15395164489746,326.6964416503906,135.38587951660156,180.55999755859375,63.544822692871094,11555.36328125,387.73126220703125
2020-10-13,58.7763671875,22.709199905395508,324.56439208984375,136.35537719726562,177.72000122070312,63.26197814941406,11425.8994140625,381.1907653808594
2020-10-14,58.464908599853516,22.491369247436523,322.52508544921875,136.6673126220703,178.27000427246094,63.10569381713867,11429.5068359375,379.4840393066406
2020-10-15,58.201393127441406,22.663814544677734,322.12640380859375,136.43125915527344,178.9199981689453,63.06103515625,11495.349609375,377.44183349609375
2020-10-16,58.033687591552734,22.68197250366211,321.9317932128906,136.0518798828125,178.3000030517578,62.98664474487305,11322.123046875,366.22900390625
2020-10-17,58.033687591552734,22.68197250366211,321.9317932128906,136.0518798828125,178.3000030517578,62.98664474487305,11358.1015625,368.8559265136719
2020-10-18,58.033687591552734,22.68197250366211,321.9317932128906,136.0518798828125,178.3000030517578,62.98664474487305,11483.359375,378.21368408203125
2020-10-19,56.970001220703125,22.337068557739258,317.037353515625,135.53770446777344,178.38999938964844,62.76334762573242,11742.037109375,379.93560791015625
2020-10-20,57.16644287109375,22.51860237121582,318.3072509765625,134.2478485107422,179.25,62.98664474487305,11916.3349609375,369.13690185546875
2020-10-21,57.08019256591797,22.40060043334961,317.7047424316406,133.7842559814453,180.60000610351562,62.97916793823242,12823.689453125,392.1899719238281
2020-10-22,56.811885833740234,22.8453426361084,319.447509765625,132.39328002929688,178.8300018310547,63.09084701538086,12965.8916015625,413.7729797363281
2020-10-23,56.74959945678711,22.91795539855957,320.5321044921875,133.2025146484375,178.63999938964844,63.16525650024414,12931.5390625,409.7666931152344
2020-10-24,56.74959945678711,22.91795539855957,320.5321044921875,133.2025146484375,178.63999938964844,63.16525650024414,13108.0625,412.4576110839844
2020-10-25,56.74959945678711,22.91795539855957,320.5321044921875,133.2025146484375,178.63999938964844,63.16525650024414,13031.173828125,406.2177734375
2020-10-26,55.518192291259766,22.40060043334961,314.6086730957031,134.4417724609375,178.5500030517578,62.60707473754883,13075.248046875,393.8883056640625
2020-10-27,55.79609680175781,21.99216079711914,313.5240783691406,135.34371948242188,179.02000427246094,62.636817932128906,13654.21875,403.9970397949219
2020-10-28,53.42913055419922,21.429424285888672,302.80810546875,135.47018432617188,176.1300048828125,62.11580276489258,13271.28515625,388.6507568359375
2020-10-29,54.32034683227539,21.59280014038086,305.88568115234375,134.1551971435547,175.39999389648438,62.294456481933594,13437.8828125,386.7301025390625
2020-10-30,53.11769104003906,21.65633773803711,302.6968688964844,132.83168029785156,176.1999969482422,62.42841339111328,13546.5224609375,382.8199768066406
2020-10-31,53.11769104003906,21.65633773803711,302.6968688964844,132.83168029785156,176.1999969482422,62.42841339111328,13780.9951171875,386.59033203125
2020-11-01,53.11769104003906,21.65633773803711,302.6968688964844,132.83168029785156,176.1999969482422,62.42841339111328,13737.109375,396.3581848144531
2020-11-02,53.25185012817383,22.064775466918945,306.08966064453125,133.8266143798828,177.91000366210938,62.57719802856445,13550.4892578125,383.15673828125
2020-11-03,54.190975189208984,22.55490493774414,311.49395751953125,133.05023193359375,178.9199981689453,63.115352630615234,13950.30078125,387.6021728515625
2020-11-04,56.299190521240234,22.29168701171875,318.45562744140625,135.93637084960938,178.82000732421875,63.705848693847656,14133.70703125,402.1419982910156
2020-11-05,58.04806900024414,22.836271286010742,324.6662902832031,136.172607421875,182.92999267578125,63.93007278442383,15579.8486328125,414.0673522949219
2020-11-06,58.25409698486328,22.654741287231445,324.59222412109375,134.5270233154297,183.19000244140625,63.705848693847656,15565.880859375,454.71929931640625
2020-11-07,58.25409698486328,22.654741287231445,324.59222412109375,134.5270233154297,183.19000244140625,63.705848693847656,14833.75390625,435.713134765625
2020-11-08,58.25409698486328,22.654741287231445,324.59222412109375,134.5270233154297,183.19000244140625,63.705848693847656,15479.5673828125,453.5547790527344
2020-11-09,57.83245086669922,24.515403747558594,328.6708984375,131.69992065429688,175.0800018310547,64.1916732788086,15332.3154296875,444.1630554199219
2020-11-10,56.75437927246094,24.64247703552246,328.18890380859375,130.94039916992188,175.66000366210938,64.10197448730469,15290.90234375,449.67962646484375
2020-11-11,58.10077667236328,24.542640686035156,330.6268310546875,131.4130401611328,174.89999389648438,64.07955169677734,15701.33984375,462.9605407714844
2020-11-12,57.58330535888672,24.134197235107422,327.4195556640625,133.6493377685547,175.9600067138672,63.64603805541992,16276.34375,461.0052795410156
2020-11-13,58.072021484375,24.5335636138916,331.9524841308594,133.47218322753906,177.16000366210938,63.862789154052734,16317.80859375,474.6264343261719
2020-11-14,58.072021484375,24.5335636138916,331.9524841308594,133.47218322753906,177.16000366210938,63.862789154052734,16068.138671875,460.14984130859375
2020-11-15,58.072021484375,24.5335636138916,331.9524841308594,133.47218322753906,177.16000366210938,63.862789154052734,15955.587890625,447.55908203125
2020-11-16,58.632625579833984,25.07814598083496,336.0960388183594,133.15145874023438,177.14999389648438,64.2215805053711,16716.111328125,459.9403076171875
2020-11-17,58.30680465698242,25.041839599609375,334.2884826660156,134.02076721191406,176.5,64.24398803710938,17645.40625,480.3600769042969
2020-11-18,57.68391799926758,24.805849075317383,330.2652587890625,134.40890502929688,175.49000549316406,64.12444305419922,17804.005859375,479.48406982421875
2020-11-19,58.148681640625,24.88753890991211,331.6558532714844,135.10086059570312,175.16000366210938,64.34117889404297,17817.08984375,471.63043212890625
2020-11-20,57.54975128173828,24.669702529907227,329.3846740722656,136.2992401123047,175.69000244140625,64.2215805053711,18621.314453125,509.74456787109375
2020-11-21,57.54975128173828,24.669702529907227,329.3846740722656,136.2992401123047,175.69000244140625,64.2215805053711,18642.232421875,549.4866333007812
2020-11-22,57.54975128173828,24.669702529907227,329.3846740722656,136.2992401123047,175.69000244140625,64.2215805053711,18370.001953125,558.068115234375
2020-11-23,57.53538131713867,25.132606506347656,331.3592224121094,135.67469787597656,172.22999572753906,64.31874084472656,18364.12109375,608.4540405273438
2020-11-24,58.33555221557617,26.013017654418945,336.6986389160156,134.32444763183594,169.58999633789062,64.51309967041016,19107.46484375,603.8977661132812
2020-11-25,58.46012878417969,25.92224884033203,336.179443359375,133.9109649658203,169.50999450683594,64.483154296875,18732.12109375,570.6866455078125
2020-11-26,58.46012878417969,25.92224884033203,336.179443359375,133.9109649658203,169.50999450683594,64.483154296875,17150.623046875,518.8011474609375
2020-11-27,58.77156066894531,25.84056282043457,337.1157531738281,135.21063232421875,167.7899932861328,64.58782958984375,17108.40234375,517.4937133789062
2020-11-28,58.77156066894531,25.84056282043457,337.1157531738281,135.21063232421875,167.7899932861328,64.58782958984375,17717.4140625,538.2297973632812
2020-11-29,58.77156066894531,25.84056282043457,337.1157531738281,135.21063232421875,167.7899932861328,64.58782958984375,18177.484375,575.758056640625
2020-11-30,59.16447448730469,25.305055618286133,335.623291015625,135.0418243408203,166.6699981689453,64.52058410644531,19625.8359375,614.842529296875
2020-12-01,59.9215087890625,25.695343017578125,339.294189453125,133.05068969726562,170.17999267578125,64.6864013671875,18802.998046875,587.3241577148438
2020-12-02,59.83047866821289,25.976715087890625,340.00799560546875,131.99478149414062,171.4600067138672,64.86652374267578,19201.091796875,598.3523559570312
2020-12-03,59.792144775390625,25.98578453063965,339.9152526855469,133.05911254882812,172.80999755859375,64.90402221679688,19445.3984375,616.708740234375
2020-12-04,60.39107131958008,26.3034610748291,342.8445739746094,131.10772705078125,172.32000732421875,65.17418670654297,18699.765625,569.3541870117188
2020-12-05,60.39107131958008,26.3034610748291,342.8445739746094,131.10772705078125,172.32000732421875,65.17418670654297,19154.23046875,596.595458984375
2020-12-06,60.39107131958008,26.3034610748291,342.8445739746094,131.10772705078125,172.32000732421875,65.17418670654297,19345.12109375,601.9089965820312
2020-12-07,60.56355667114258,26.121936798095703,342.1399230957031,132.29043579101562,174.88999938964844,65.14418029785156,19191.630859375,591.8433837890625
2020-12-08,60.760013580322266,26.112855911254883,343.1411437988281,132.91558837890625,175.5,65.09159851074219,18321.14453125,554.8277587890625
2020-12-09,59.59569549560547,26.0493221282959,340.0635681152344,132.47625732421875,172.5,64.99410247802734,18553.916015625,573.4791259765625
2020-12-10,59.681941986083984,26.094707489013672,339.952392578125,133.65045166015625,172.1699981689453,65.11412811279297,18264.9921875,559.6785278320312
2020-12-11,59.5573616027832,25.83148956298828,339.55364990234375,134.12356567382812,172.49000549316406,65.04659271240234,18058.904296875,545.79736328125
2020-12-12,59.5573616027832,25.83148956298828,339.55364990234375,134.12356567382812,172.49000549316406,65.04659271240234,18803.65625,568.5673217773438
2020-12-13,59.5573616027832,25.83148956298828,339.55364990234375,134.12356567382812,172.49000549316406,65.04659271240234,19142.3828125,589.6632080078125
2020-12-14,59.77298355102539,25.531967163085938,338.033447265625,133.75193786621094,171.5399932861328,65.06161499023438,19246.64453125,586.0111694335938
2020-12-15,60.76959228515625,25.96763038635254,342.60345458984375,133.3040771484375,173.94000244140625,65.26422882080078,19417.076171875,589.3555908203125
2020-12-16,61.1816520690918,26.013017654418945,343.1411437988281,132.94932556152344,174.89999389648438,65.16668701171875,21310.59765625,636.1818237304688
2020-12-17,61.665592193603516,26.085630416870117,345.0599365234375,132.59756469726562,176.74000549316406,65.26387786865234,22805.162109375,642.8689575195312
2020-12-18,61.44997787475586,25.85871696472168,343.6821594238281,132.20008850097656,176.44000244140625,65.31661987304688,23137.9609375,654.8119506835938
2020-12-19,61.44997787475586,25.85871696472168,343.6821594238281,132.20008850097656,176.44000244140625,65.31661987304688,23869.83203125,659.2979125976562
2020-12-20,61.44997787475586,25.85871696472168,343.6821594238281,132.20008850097656,176.44000244140625,65.31661987304688,23477.294921875,638.2908325195312
2020-12-21,61.51144790649414,26.207298278808594,342.453369140625,132.72442626953125,175.8800048828125,65.08304595947266,22803.08203125,609.81787109375
2020-12-22,62.04454040527344,25.95179557800293,341.87615966796875,133.40939331054688,174.49000549316406,65.16590881347656,23783.029296875,634.8541870117188
2020-12-23,61.573890686035156,26.380672454833984,342.183349609375,132.4875946044922,175.64999389648438,65.45980072021484,23241.345703125,583.714599609375
2020-12-24,61.98210144042969,26.41717529296875,343.51458740234375,133.011962890625,176.35000610351562,65.5954360961914,23735.94921875,611.607177734375
2020-12-25,61.98210144042969,26.41717529296875,343.51458740234375,133.011962890625,176.35000610351562,65.5954360961914,24664.791015625,626.4107055664062
2020-12-26,61.98210144042969,26.41717529296875,343.51458740234375,133.011962890625,176.35000610351562,65.5954360961914,26437.037109375,635.8358154296875
2020-12-28,62.68327713012695,26.544923782348633,346.4656982421875,133.07115173339844,175.7100067138672,65.67835235595703,27084.80859375,730.3973388671875
2020-12-29,62.3855094909668,26.453676223754883,345.8047180175781,132.9019775390625,176.35000610351562,65.5954360961914,27362.4375,731.5201416015625
2020-12-30,62.35191345214844,26.572298049926758,346.29815673828125,133.18946838378906,177.6999969482422,65.73106384277344,28840.953125,751.6189575195312
2020-12-31,62.443138122558594,26.900802612304688,348.0575866699219,133.38397216796875,178.36000061035156,65.7838134765625,29001.720703125,737.8034057617188
2021-01-01,62.443138122558594,26.900802612304688,348.0575866699219,133.38397216796875,178.36000061035156,65.7838134765625,29374.15234375,730.3675537109375
2021-01-02,62.443138122558594,26.900802612304688,348.0575866699219,133.38397216796875,178.36000061035156,65.7838134765625,32127.267578125,774.5349731445312
2021-01-04,61.42499923706055,26.53580093383789,343.31915283203125,133.22328186035156,182.3300018310547,65.64820098876953,31971.9140625,1040.2330322265625
2021-01-05,61.823612213134766,26.6544246673584,345.6837158203125,132.23388671875,182.8699951171875,65.6707992553711,33992.4296875,1100.006103515625
2021-01-06,60.757450103759766,27.83156394958496,347.75030517578125,129.5193634033203,179.89999389648438,65.55021667480469,36824.36328125,1207.1121826171875
2021-01-07,62.39511489868164,28.233064651489258,352.9170227050781,128.3777313232422,179.47999572753906,65.73857879638672,39371.04296875,1225.6781005859375
2021-01-08,62.79853439331055,28.214815139770508,354.9278869628906,127.96343994140625,173.33999633789062,65.83660125732422,40797.609375,1224.1971435546875
2021-01-09,62.79853439331055,28.214815139770508,354.9278869628906,127.96343994140625,173.33999633789062,65.83660125732422,40254.546875,1281.0772705078125
2021-01-10,62.79853439331055,28.214815139770508,354.9278869628906,127.96343994140625,173.33999633789062,65.83660125732422,38356.44140625,1262.2467041015625
2021-01-11,62.279850006103516,28.30607032775879,352.5352783203125,127.75196838378906,173.0,65.48241424560547,35566.65625,1090.1453857421875
2021-01-12,61.98210144042969,28.598073959350586,352.6098327636719,127.65058135986328,174.1199951171875,65.56527709960938,33922.9609375,1043.4345703125
2021-01-13,62.375911712646484,28.579822540283203,353.55950927734375,129.0880889892578,173.3699951171875,65.76121520996094,37316.359375,1130.7393798828125
2021-01-14,61.82841873168945,28.70757293701172,352.3212890625,127.87883758544922,173.27999877929688,65.74613952636719,39187.328125,1218.4530029296875
2021-01-15,61.194488525390625,28.233064651489258,349.7519226074219,128.38624572753906,171.1300048828125,65.64063262939453,36825.3671875,1171.8345947265625
2021-01-16,61.194488525390625,28.233064651489258,349.7519226074219,128.38624572753906,171.1300048828125,65.64063262939453,36178.140625,1233.53759765625
2021-01-17,61.194488525390625,28.233064651489258,349.7519226074219,128.38624572753906,171.1300048828125,65.64063262939453,35791.27734375,1230.1722412109375
2021-01-19,61.99169921875,28.30607032775879,352.4981384277344,128.80056762695312,172.5800018310547,65.82904815673828,36069.8046875,1377.2958984375
2021-01-20,63.221168518066406,28.187442779541016,357.3762512207031,128.92742919921875,175.38999938964844,65.94960021972656,35547.75,1382.2740478515625
2021-01-21,64.03760528564453,27.886314392089844,357.7020568847656,128.02261352539062,175.27999877929688,65.91195678710938,30825.69921875,1121.5709228515625
2021-01-22,63.79269027709961,27.68556785583496,356.4360656738281,128.43698120117188,173.89999389648438,65.7838134765625,33005.76171875,1236.51220703125
2021-01-23,63.79269027709961,27.68556785583496,356.4360656738281,128.43698120117188,173.89999389648438,65.7838134765625,32067.642578125,1230.9906005859375
2021-01-24,63.79269027709961,27.68556785583496,356.4360656738281,128.43698120117188,173.89999389648438,65.7838134765625,32289.37890625,1391.609375
2021-01-25,64.32575225830078,27.484813690185547,357.8416748046875,129.95065307617188,174.0500030517578,65.79888153076172,32366.392578125,1324.414794921875
2021-01-26,64.36898040771484,27.265804290771484,357.28314208984375,129.70535278320312,173.6199951171875,65.70094299316406,32569.849609375,1357.05810546875
2021-01-27,63.153926849365234,26.462804794311523,348.5509033203125,130.0352325439453,172.52000427246094,65.5125503540039,30432.546875,1253.1871337890625
2021-01-28,63.413265228271484,26.955554962158203,351.54864501953125,129.31643676757812,172.67999267578125,65.70848083496094,33466.09765625,1332.4921875
2021-01-29,61.91965866088867,26.41717529296875,344.5107116699219,128.5384979248047,172.61000061035156,65.53517150878906,34316.38671875,1382.5228271484375
2021-01-30,61.91965866088867,26.41717529296875,344.5107116699219,128.5384979248047,172.61000061035156,65.53517150878906,34269.5234375,1376.115478515625
2021-01-31,61.91965866088867,26.41717529296875,344.5107116699219,128.5384979248047,172.61000061035156,65.53517150878906,33114.359375,1314.9862060546875
2021-02-01,63.47090148925781,26.763925552368164,350.24530029296875,128.68743896484375,174.22999572753906,65.74542236328125,33537.17578125,1369.04052734375
2021-02-02,64.33056640625,27.41181182861328,355.19781494140625,127.85774230957031,172.11000061035156,65.90420532226562,35510.2890625,1515.1937255859375
2021-02-03,64.1096420288086,27.566938400268555,355.4770812988281,126.72327423095703,171.85000610351562,65.95716094970703,37472.08984375,1660.9095458984375
2021-02-04,65.13258361816406,28.178321838378906,359.5174560546875,126.38459014892578,168.14999389648438,66.09329223632812,36926.06640625,1594.7626953125
2021-02-05,64.98854064941406,28.187442779541016,360.932373046875,125.3263168334961,169.80999755859375,66.19163513183594,38144.30859375,1718.65087890625
2021-02-06,64.98854064941406,28.187442779541016,360.932373046875,125.3263168334961,169.80999755859375,66.19163513183594,39266.01171875,1677.8468017578125
2021-02-07,64.98854064941406,28.187442779541016,360.932373046875,125.3263168334961,169.80999755859375,66.19163513183594,38903.44140625,1614.227783203125
2021-02-08,65.67047119140625,28.55245018005371,363.5390625,125.87665557861328,171.52000427246094,66.38825988769531,46196.46484375,1746.6168212890625
2021-02-09,65.5936508178711,28.561569213867188,363.29693603515625,125.96981811523438,172.0800018310547,66.26725006103516,46481.10546875,1768.0350341796875
2021-02-10,65.49758911132812,28.561569213867188,363.1387023925781,126.80792236328125,172.7100067138672,66.25214385986328,44918.18359375,1744.243408203125
2021-02-11,66.21796417236328,28.470319747924805,363.7252197265625,126.11370849609375,171.2100067138672,66.28236389160156,47909.33203125,1783.7979736328125
2021-02-12,66.55894470214844,28.762325286865234,365.52197265625,124.54744720458984,170.69000244140625,66.38825988769531,47504.8515625,1843.5325927734375
2021-02-13,66.55894470214844,28.762325286865234,365.52197265625,124.54744720458984,170.69000244140625,66.38825988769531,47105.515625,1814.10986328125
2021-02-14,66.55894470214844,28.762325286865234,365.52197265625,124.54744720458984,170.69000244140625,66.38825988769531,48717.2890625,1805.0841064453125
2021-02-16,66.34284210205078,29.25507926940918,365.205322265625,122.65096282958984,168.24000549316406,66.28236389160156,49199.87109375,1781.0675048828125
2021-02-17,65.7569351196289,29.40108299255371,365.2891540527344,123.42990112304688,166.3300018310547,66.25969696044922,52149.0078125,1848.458251953125
2021-02-18,65.43516540527344,29.227705001831055,363.7345886230469,122.93033599853516,166.32000732421875,66.16893768310547,51679.796875,1937.44921875
2021-02-19,65.33910369873047,29.5744571685791,363.0921630859375,121.29637145996094,167.00999450683594,66.17649841308594,55888.1328125,1960.164794921875
2021-02-20,65.33910369873047,29.5744571685791,363.0921630859375,121.29637145996094,167.00999450683594,66.17649841308594,56099.51953125,1919.5340576171875
2021-02-21,65.33910369873047,29.5744571685791,363.0921630859375,121.29637145996094,167.00999450683594,66.17649841308594,57539.9453125,1935.60107421875
2021-02-22,63.8983268737793,29.84821319580078,360.2993469238281,120.3735580444336,169.50999450683594,65.97229766845703,54207.3203125,1781.992919921875
2021-02-23,63.72062301635742,30.03071403503418,360.7368469238281,120.02643585205078,169.1199951171875,66.13111114501953,48824.42578125,1570.2039794921875
2021-02-24,64.69556427001953,30.614721298217773,364.7120361328125,119.23902893066406,169.0,66.19915771484375,49705.33203125,1626.57568359375
2021-02-25,62.43354797363281,30.058090209960938,355.9239501953125,117.29183197021484,165.82000732421875,65.57147979736328,47093.8515625,1475.7037353515625
2021-02-26,62.764915466308594,29.483211517333984,354.09002685546875,121.16935729980469,161.80999755859375,65.37480926513672,46339.76171875,1446.03369140625
2021-02-27,62.764915466308594,29.483211517333984,354.09002685546875,121.16935729980469,161.80999755859375,65.37480926513672,46188.453125,1459.97314453125
2021-02-28,62.764915466308594,29.483211517333984,354.09002685546875,121.16935729980469,161.80999755859375,65.37480926513672,45137.76953125,1416.0489501953125
2021-03-01,64.78681182861328,30.40484619140625,362.6733093261719,119.56903076171875,161.52999877929688,66.10875701904297,49631.2421875,1564.7076416015625
2021-03-02,63.75905227661133,30.29534912109375,359.84320068359375,119.57752227783203,162.41000366210938,66.01011657714844,48378.98828125,1492.6087646484375
2021-03-03,62.154991149902344,30.532594680786133,355.07684326171875,118.2806167602539,160.6199951171875,65.79757690429688,50538.2421875,1575.8531494140625
2021-03-04,60.78145217895508,30.185842514038086,350.68292236328125,117.5177001953125,159.0399932861328,65.54708862304688,48561.16796875,1541.914306640625
2021-03-05,61.92926788330078,30.76072120666504,357.1341857910156,117.7465591430664,159.13999938964844,65.74442291259766,48927.3046875,1533.2750244140625
2021-03-06,61.92926788330078,30.76072120666504,357.1341857910156,117.7465591430664,159.13999938964844,65.74442291259766,48912.3828125,1654.7415771484375
2021-03-07,61.92926788330078,30.76072120666504,357.1341857910156,117.7465591430664,159.13999938964844,65.74442291259766,51206.69140625,1723.15380859375
2021-03-08,60.43086624145508,31.153093338012695,355.3560791015625,116.8311538696289,157.49000549316406,65.26628875732422,52246.5234375,1834.7279052734375
2021-03-09,62.48638153076172,30.870229721069336,360.4297180175781,118.45014190673828,160.83999633789062,65.35736846923828,54824.1171875,1868.048828125
2021-03-10,62.23664093017578,31.499862670898438,362.6733093261719,118.68743896484375,161.66000366210938,65.56226348876953,56008.55078125,1799.166259765625
2021-03-11,63.56693649291992,31.408592224121094,366.3504638671875,117.83135223388672,161.52000427246094,65.80520629882812,57805.12109375,1826.1949462890625
2021-03-12,63.11069869995117,31.727977752685547,366.8438720703125,115.33080291748047,161.49000549316406,65.62300872802734,57332.08984375,1772.1024169921875
2021-03-13,63.11069869995117,31.727977752685547,366.8438720703125,115.33080291748047,161.49000549316406,65.62300872802734,61243.0859375,1924.6854248046875
2021-03-14,63.11069869995117,31.727977752685547,366.8438720703125,115.33080291748047,161.49000549316406,65.62300872802734,59302.31640625,1854.5643310546875
2021-03-15,63.78304672241211,31.54548454284668,369.0315246582031,116.0089111328125,162.1999969482422,65.6305923461914,55907.19921875,1791.7022705078125
2021-03-16,64.26332092285156,31.21697998046875,368.5660705566406,115.54267120361328,162.35000610351562,65.47879791259766,56804.90234375,1806.9718017578125
2021-03-17,64.21048736572266,31.42685890197754,369.82281494140625,114.6781234741211,163.50999450683594,65.56989288330078,58870.89453125,1823.4493408203125
2021-03-18,62.42875289916992,31.591108322143555,364.4420471191406,113.51680755615234,162.55999755859375,65.06895446777344,57858.921875,1782.8551025390625
2021-03-19,62.24143981933594,31.226104736328125,363.7677001953125,114.22035217285156,163.24000549316406,65.31941223144531,58346.65234375,1817.6241455078125
2021-03-20,62.24143981933594,31.226104736328125,363.7677001953125,114.22035217285156,163.24000549316406,65.31941223144531,58313.64453125,1812.6346435546875
2021-03-21,62.24143981933594,31.226104736328125,363.7677001953125,114.22035217285156,163.24000549316406,65.31941223144531,57523.421875,1788.217041015625
2021-03-22,63.46531677246094,30.8237361907959,366.6723327636719,115.50032806396484,163.0,65.55471801757812,54529.14453125,1691.333984375
2021-03-23,63.070682525634766,30.392959594726562,363.7864074707031,116.54292297363281,161.80999755859375,65.62300872802734,54738.9453125,1678.650146484375
2021-03-24,62.30546569824219,30.50294303894043,361.93701171875,117.1701889038086,162.3699951171875,65.66097259521484,52774.265625,1593.4134521484375
2021-03-25,62.26695251464844,31.016210556030273,363.9731750488281,116.24623107910156,161.77999877929688,65.77482604980469,51704.16015625,1595.3592529296875
2021-03-26,63.85032653808594,31.501989364624023,369.8385314941406,115.83936309814453,162.24000549316406,65.97216033935547,55137.3125,1702.842041015625
2021-03-27,63.85032653808594,31.501989364624023,369.8385314941406,115.83936309814453,162.24000549316406,65.97216033935547,55973.51171875,1716.49462890625
2021-03-28,63.85032653808594,31.501989364624023,369.8385314941406,115.83936309814453,162.24000549316406,65.97216033935547,55950.74609375,1691.35595703125
2021-03-29,63.51824951171875,31.227018356323242,369.6517333984375,114.85611724853516,160.30999755859375,66.01011657714844,57750.19921875,1819.6849365234375
2021-03-30,62.91667175292969,31.44700050354004,368.671142578125,115.45796203613281,157.57000732421875,65.85071563720703,58917.69140625,1846.03369140625
2021-03-31,63.91769027709961,31.208688735961914,370.1654968261719,114.81375122070312,159.9600067138672,66.16950988769531,58918.83203125,1918.362060546875
2021-04-01,65.20270538330078,31.593643188476562,374.1629333496094,116.71928405761719,161.97999572753906,66.30961608886719,59095.80859375,1977.27685546875
2021-04-02,65.20270538330078,31.593643188476562,374.1629333496094,116.71928405761719,161.97999572753906,66.30961608886719,59384.3125,2143.2255859375
2021-04-03,65.20270538330078,31.593643188476562,374.1629333496094,116.71928405761719,161.97999572753906,66.30961608886719,57603.890625,2028.4224853515625
2021-04-05,66.55026245117188,31.841110229492188,379.5332946777344,116.21003723144531,161.9199981689453,66.340087890625,59057.87890625,2107.88720703125
2021-04-06,66.26631164550781,31.77695083618164,379.3092041015625,116.99944305419922,163.22000122070312,66.45431518554688,58192.359375,2118.37890625
2021-04-07,66.6176528930664,31.932767868041992,379.7481689453125,116.1845474243164,162.75999450683594,66.43147277832031,56048.9375,1971.0772705078125
2021-04-08,67.58019256591797,31.941925048828125,381.5506896972656,117.14371490478516,164.50999450683594,66.45431518554688,58323.953125,2088.57373046875
2021-04-09,68.22987365722656,32.21690368652344,384.3246765136719,116.71928405761719,163.27000427246094,66.40862274169922,58245.00390625,2072.10888671875
2021-04-10,68.22987365722656,32.21690368652344,384.3246765136719,116.71928405761719,163.27000427246094,66.40862274169922,59793.234375,2135.942138671875
2021-04-11,68.22987365722656,32.21690368652344,384.3246765136719,116.71928405761719,163.27000427246094,66.40862274169922,60204.96484375,2157.656982421875
2021-04-12,67.90262603759766,32.35438537597656,384.4648132324219,116.66836547851562,162.27999877929688,66.340087890625,59893.453125,2139.353271484375
2021-04-13,68.54273223876953,32.05192947387695,385.6041564941406,117.54264068603516,163.42999267578125,66.38580322265625,63503.45703125,2299.187744140625
2021-04-14,67.8160171508789,32.2443962097168,384.28729248046875,117.16911315917969,162.72000122070312,66.35528564453125,63109.6953125,2435.10498046875
2021-04-15,68.98068237304688,32.21690368652344,388.4154968261719,119.12992858886719,165.35000610351562,66.62186431884766,63314.01171875,2519.1162109375
2021-04-16,68.96624755859375,32.4460334777832,389.7137451171875,118.20475006103516,166.35000610351562,66.48477172851562,61572.7890625,2431.946533203125
2021-04-17,68.96624755859375,32.4460334777832,389.7137451171875,118.20475006103516,166.35000610351562,66.48477172851562,60683.8203125,2344.89501953125
2021-04-18,68.96624755859375,32.4460334777832,389.7137451171875,118.20475006103516,166.35000610351562,66.48477172851562,56216.18359375,2237.136962890625
2021-04-19,68.3935317993164,32.35438537597656,387.799072265625,117.86515808105469,165.88999938964844,66.378173828125,55724.265625,2166.188720703125
2021-04-20,67.78713989257812,31.749446868896484,384.9597473144531,118.40839385986328,166.47999572753906,66.263916015625,56473.03125,2330.2109375
2021-04-21,68.47053527832031,32.18939971923828,388.602294921875,118.64608764648438,168.1300048828125,66.48477172851562,53906.08984375,2364.751708984375
2021-04-22,67.66683197021484,31.831939697265625,385.0531005859375,119.16389465332031,167.0399932861328,66.36293029785156,51762.2734375,2403.53515625
2021-04-23,68.67748260498047,32.42770767211914,389.22808837890625,118.8837661743164,166.39999389648438,66.53807830810547,51093.65234375,2363.586181640625
2021-04-24,68.67748260498047,32.42770767211914,389.22808837890625,118.8837661743164,166.39999389648438,66.53807830810547,50050.8671875,2211.625732421875
2021-04-25,68.67748260498047,32.42770767211914,389.22808837890625,118.8837661743164,166.39999389648438,66.53807830810547,49004.25390625,2316.0595703125
2021-04-26,69.02882385253906,32.5560302734375,390.0406494140625,118.7139663696289,166.83999633789062,66.50759887695312,54021.75390625,2534.481689453125
2021-04-27,68.8603515625,32.81265640258789,389.9565734863281,117.67842102050781,166.4199981689453,66.41622161865234,55033.1171875,2662.865234375
2021-04-28,68.22028350830078,32.94097900390625,389.844482421875,117.75487518310547,166.91000366210938,66.54569244384766,54824.703125,2746.380126953125
2021-04-29,68.16252899169922,33.527565002441406,392.328857421875,117.4068374633789,166.22000122070312,66.62186431884766,53555.109375,2756.876953125
2021-04-30,67.23368072509766,33.23427963256836,389.7510681152344,117.67842102050781,165.66000366210938,66.5914077758789,57750.17578125,2773.20703125
2021-05-01,67.23368072509766,33.23427963256836,389.7510681152344,117.67842102050781,165.66000366210938,66.5914077758789,57828.05078125,2945.892822265625
2021-05-02,67.23368072509766,33.23427963256836,389.7510681152344,117.67842102050781,165.66000366210938,66.5914077758789,56631.078125,2952.05615234375
2021-05-03,67.04598236083984,33.39925003051758,390.5916748046875,117.7490234375,167.80999755859375,66.61737060546875,57200.29296875,3431.086181640625
2021-05-04,65.84278869628906,33.665061950683594,388.1820068359375,118.5480728149414,166.5800018310547,66.57915496826172,53333.5390625,3253.62939453125
2021-05-05,65.68397521972656,33.94002151489258,388.3033752441406,118.74360656738281,167.27000427246094,66.70906066894531,57424.0078125,3522.783203125
2021-05-06,66.34332275390625,34.44412612915039,391.4042053222656,118.93907928466797,170.05999755859375,66.68614959716797,56396.515625,3490.88037109375
2021-05-07,66.91122436523438,34.62744140625,394.2528991699219,118.35253143310547,171.58999633789062,66.73199462890625,57356.40234375,3484.72900390625
2021-05-08,66.91122436523438,34.62744140625,394.2528991699219,118.35253143310547,171.58999633789062,66.73199462890625,58803.77734375,3902.647705078125
2021-05-09,66.91122436523438,34.62744140625,394.2528991699219,118.35253143310547,171.58999633789062,66.73199462890625,58232.31640625,3928.8447265625
2021-05-10,65.22195434570312,34.59994125366211,390.34881591796875,117.15396881103516,172.11000061035156,66.57915496826172,55859.796875,3952.2939453125
2021-05-11,65.02462768554688,33.9858512878418,386.8650817871094,116.49092864990234,172.13999938964844,66.51039123535156,56704.57421875,4168.701171875
2021-05-12,63.195804595947266,33.63755798339844,378.6460266113281,115.266845703125,170.42999267578125,66.18946075439453,49150.53515625,3785.8486328125
2021-05-13,64.03321075439453,34.1783332824707,383.19451904296875,115.44537353515625,171.1300048828125,66.42635345458984,49716.19140625,3715.1484375
2021-05-14,65.44332885742188,34.719078063964844,389.0785217285156,116.52494812011719,172.69000244140625,66.64029693603516,49880.53515625,4079.057373046875
2021-05-15,65.44332885742188,34.719078063964844,389.0785217285156,116.52494812011719,172.69000244140625,66.64029693603516,46760.1875,3638.1220703125
2021-05-16,65.44332885742188,34.719078063964844,389.0785217285156,116.52494812011719,172.69000244140625,66.64029693603516,46456.05859375,3587.506103515625
2021-05-17,64.9620590209961,34.783241271972656,388.088623046875,116.27843475341797,174.6999969482422,66.51805114746094,43537.51171875,3282.397705078125
2021-05-18,64.44229125976562,34.297481536865234,384.7449645996094,115.98088073730469,175.0399932861328,66.35758209228516,42909.40234375,3380.070068359375
2021-05-19,64.66851043701172,34.0866584777832,383.7361755371094,115.70038604736328,175.16000366210938,66.18181610107422,37002.44140625,2460.67919921875
2021-05-20,65.90536499023438,34.10499954223633,387.86444091796875,116.6524887084961,175.9600067138672,66.46454620361328,40782.73828125,2784.294189453125
2021-05-21,65.5444107055664,34.44412612915039,387.5469055175781,117.0264663696289,176.0399932861328,66.56388092041016,37304.69140625,2430.621337890625
2021-05-22,65.5444107055664,34.44412612915039,387.5469055175781,117.0264663696289,176.0399932861328,66.56388092041016,37536.6328125,2295.70556640625
2021-05-23,65.5444107055664,34.44412612915039,387.5469055175781,117.0264663696289,176.0399932861328,66.56388092041016,34770.58203125,2109.579833984375
2021-05-24,66.7090835571289,34.60911178588867,391.4977111816406,117.45999908447266,176.35000610351562,66.64029693603516,38705.98046875,2643.591064453125
2021-05-25,66.72834014892578,34.26081848144531,390.6290588378906,118.5480728149414,177.9499969482422,66.64796447753906,38402.22265625,2706.62890625
2021-05-26,66.72354125976562,34.361637115478516,391.4042053222656,118.34402465820312,177.63999938964844,66.67086029052734,39294.19921875,2888.69873046875
2021-05-27,66.37218475341797,34.75575637817383,391.6097106933594,117.86804962158203,177.7100067138672,66.64029693603516,38436.96875,2736.488525390625
2021-05-28,66.60802459716797,34.819923400878906,392.31024169921875,117.68099212646484,178.3800048828125,66.61737060546875,35697.60546875,2419.90625
2021-05-29,66.60802459716797,34.819923400878906,392.31024169921875,117.68099212646484,178.3800048828125,66.61737060546875,34616.06640625,2279.51416015625
2021-05-30,66.60802459716797,34.819923400878906,392.31024169921875,117.68099212646484,178.3800048828125,66.61737060546875,35678.12890625,2390.305419921875
2021-06-01,66.2807388305664,35.030731201171875,391.9646301269531,117.65459442138672,177.89999389648438,66.81749725341797,36684.92578125,2633.518310546875
2021-06-02,66.73795318603516,35.08571243286133,392.5810241699219,117.92703247070312,178.77000427246094,66.90181732177734,37575.1796875,2706.125
2021-06-03,66.11712646484375,35.16820526123047,391.1240539550781,117.48434448242188,175.27000427246094,66.76383209228516,39208.765625,2855.12646484375
2021-06-04,67.38768005371094,35.25986862182617,394.7011413574219,119.09326171875,177.16000366210938,66.90947723388672,36894.40625,2688.195068359375
2021-06-05,67.38768005371094,35.25986862182617,394.7011413574219,119.09326171875,177.16000366210938,66.90947723388672,35551.95703125,2630.576904296875
2021-06-06,67.38768005371094,35.25986862182617,394.7011413574219,119.09326171875,177.16000366210938,66.90947723388672,35862.37890625,2715.0927734375
2021-06-07,67.37324523925781,35.030731201171875,394.3182678222656,118.72724151611328,177.8699951171875,66.93247985839844,33560.70703125,2590.26318359375
2021-06-08,67.3780517578125,34.939064025878906,394.4023132324219,119.56145477294922,177.32000732421875,66.97850036621094,33472.6328125,2517.438720703125
2021-06-09,67.42620849609375,34.60911178588867,393.8138427734375,120.61702728271484,176.97999572753906,67.03218078613281,37345.12109375,2608.26708984375
2021-06-10,67.9218978881836,34.205814361572266,395.64447021484375,121.34062957763672,177.74000549316406,67.15481567382812,36702.59765625,2471.5185546875
2021-06-11,68.32618713378906,34.42580032348633,396.2983093261719,121.14488220214844,175.74000549316406,67.17784118652344,37334.3984375,2353.768798828125
2021-06-12,68.32618713378906,34.42580032348633,396.2983093261719,121.14488220214844,175.74000549316406,67.17784118652344,35552.515625,2372.484375
2021-06-13,68.32618713378906,34.42580032348633,396.2983093261719,121.14488220214844,175.74000549316406,67.17784118652344,39097.859375,2508.3916015625
2021-06-14,69.0191879272461,34.06834030151367,397.1856384277344,120.2169418334961,174.7100067138672,67.11646270751953,40218.4765625,2537.89111328125
2021-06-15,68.5956802368164,34.13249969482422,396.45703125,120.0722885131836,174.0500030517578,67.10882568359375,40406.26953125,2610.936767578125
2021-06-16,68.2250747680664,34.0958251953125,394.24359130859375,119.9700698852539,171.11000061035156,67.01680755615234,38347.0625,2367.66357421875
2021-06-17,69.0143814086914,33.08762741088867,394.11273193359375,121.7662124633789,165.85000610351562,67.06282043457031,38053.50390625,2372.001953125
2021-06-18,68.3839111328125,32.29022979736328,388.7960510253906,124.05614471435547,164.92999267578125,67.03218078613281,35787.24609375,2231.733154296875
2021-06-19,68.3839111328125,32.29022979736328,388.7960510253906,124.05614471435547,164.92999267578125,67.03218078613281,35615.87109375,2178.4990234375
2021-06-20,68.3839111328125,32.29022979736328,388.7960510253906,124.05614471435547,164.92999267578125,67.03218078613281,35698.296875,2246.364501953125
2021-06-21,69.11676788330078,33.043853759765625,394.36199951171875,121.9791030883789,166.9499969482422,67.16250610351562,31676.693359375,1888.447509765625
2021-06-22,69.74359130859375,33.09906768798828,396.4703369140625,122.27706146240234,166.25,67.20850372314453,32505.66015625,1874.9500732421875
2021-06-23,69.66645050048828,33.163482666015625,395.992431640625,121.96202087402344,166.13999938964844,67.1395034790039,33723.02734375,1989.736328125
2021-06-24,70.10519409179688,33.57756423950195,398.3350830078125,122.15787506103516,166.0399932861328,67.34651184082031,34662.4375,1988.456298828125
2021-06-25,70.02322387695312,33.982444763183594,399.7499694824219,120.88948822021484,166.58999633789062,67.41549682617188,31637.779296875,1813.21728515625
2021-06-26,70.02322387695312,33.982444763183594,399.7499694824219,120.88948822021484,166.58999633789062,67.41549682617188,32186.27734375,1829.2392578125
2021-06-27,70.02322387695312,33.982444763183594,399.7499694824219,120.88948822021484,166.58999633789062,67.41549682617188,34649.64453125,1978.8946533203125
2021-06-28,70.75609588623047,33.7339973449707,400.5558166503906,122.13228607177734,166.5800018310547,67.40785217285156,34434.3359375,2079.657470703125
2021-06-29,71.27200317382812,33.614376068115234,400.7713928222656,122.33660888671875,164.8300018310547,67.49217987060547,35867.77734375,2160.768310546875
2021-06-30,71.19485473632812,33.76160430908203,401.1087951660156,122.88146209716797,165.6300048828125,67.49983978271484,35040.8359375,2274.547607421875
2021-07-01,71.31539154052734,34.02845764160156,403.32952880859375,122.88822937011719,166.1999969482422,67.63218688964844,33572.1171875,2113.60546875
2021-07-02,72.25559997558594,33.99165344238281,406.4123840332031,123.62986755371094,167.2899932861328,67.73985290527344,33897.046875,2150.040283203125
2021-07-03,72.25559997558594,33.99165344238281,406.4123840332031,123.62986755371094,167.2899932861328,67.73985290527344,34668.546875,2226.1142578125
2021-07-04,72.25559997558594,33.99165344238281,406.4123840332031,123.62986755371094,167.2899932861328,67.73985290527344,35287.78125,2321.72412109375
2021-07-06,72.53042602539062,33.45793914794922,405.6720886230469,125.07889556884766,168.1199951171875,67.70138549804688,34235.1953125,2324.679443359375
2021-07-07,72.92579650878906,33.50394821166992,407.10577392578125,126.18693542480469,168.75999450683594,67.72445678710938,33855.328125,2315.161865234375
2021-07-08,72.23632049560547,32.832210540771484,403.78875732421875,126.68130493164062,168.64999389648438,67.57832336425781,32877.37109375,2120.0263671875
2021-07-09,72.90170288085938,33.78000259399414,408.0990295410156,124.89989471435547,169.2100067138672,67.69371032714844,33798.01171875,2146.6923828125
2021-07-10,72.90170288085938,33.78000259399414,408.0990295410156,124.89989471435547,169.2100067138672,67.69371032714844,33520.51953125,2111.403564453125
2021-07-11,72.90170288085938,33.78000259399414,408.0990295410156,124.89989471435547,169.2100067138672,67.69371032714844,34240.1875,2139.664794921875
2021-07-12,72.95954895019531,34.11126708984375,409.5608215332031,124.73793029785156,169.0,67.67060852050781,33155.84765625,2036.7210693359375
2021-07-13,73.25848388671875,33.743194580078125,408.1646728515625,123.7832260131836,169.22000122070312,67.47061157226562,32702.025390625,1940.083984375
2021-07-14,73.7984848022461,33.586769104003906,408.773681640625,125.1895980834961,171.0399932861328,67.57832336425781,32822.34765625,1994.331298828125
2021-07-15,73.19098663330078,33.69718551635742,407.3775329589844,126.57054138183594,171.07000732421875,67.53217315673828,31780.73046875,1911.1756591796875
2021-07-16,72.46774291992188,33.23709487915039,404.1822204589844,126.33184814453125,169.41000366210938,67.43981170654297,31421.5390625,1880.3829345703125
2021-07-17,72.46774291992188,33.23709487915039,404.1822204589844,126.33184814453125,169.41000366210938,67.43981170654297,31533.068359375,1898.8251953125
2021-07-18,72.46774291992188,33.23709487915039,404.1822204589844,126.33184814453125,169.41000366210938,67.43981170654297,31796.810546875,1895.5521240234375
2021-07-19,71.46969604492188,32.30770492553711,398.2132568359375,129.1020965576172,169.61000061035156,66.9859619140625,30817.83203125,1817.296630859375
2021-07-20,72.53042602539062,33.1082649230957,403.91986083984375,127.857666015625,169.38999938964844,67.32447052001953,29807.34765625,1787.5107421875
2021-07-21,73.22954559326172,33.67877960205078,407.1900939941406,126.23810577392578,168.75999450683594,67.48600006103516,32110.693359375,1990.9708251953125
2021-07-22,73.76958465576172,33.31071853637695,408.0428161621094,127.43148040771484,169.08999633789062,67.52445983886719,32313.10546875,2025.2027587890625
2021-07-23,74.50244903564453,33.36592102050781,412.2407531738281,126.5791015625,168.55999755859375,67.65521240234375,33581.55078125,2124.776611328125
2021-07-24,74.50244903564453,33.36592102050781,412.2407531738281,126.5791015625,168.55999755859375,67.65521240234375,34292.4453125,2189.21875
2021-07-25,74.50244903564453,33.36592102050781,412.2407531738281,126.5791015625,168.55999755859375,67.65521240234375,35350.1875,2191.373779296875
2021-07-26,74.4638671875,33.55916213989258,413.25274658203125,126.20402526855469,168.16000366210938,67.55522918701172,37337.53515625,2233.36669921875
2021-07-27,73.75992584228516,33.549957275390625,411.3693542480469,127.55083465576172,168.44000244140625,67.46289825439453,39406.94140625,2298.33349609375
2021-07-28,73.6683120727539,33.50394821166992,411.20068359375,127.5593032836914,169.2899932861328,67.51676940917969,39995.90625,2296.54541015625
2021-07-29,74.0106430053711,33.87202072143555,412.906005859375,126.85185241699219,171.1699981689453,67.66294860839844,40008.421875,2380.956787109375
2021-07-30,73.96241760253906,33.60517501831055,410.9007873535156,127.44856262207031,169.82000732421875,67.57063293457031,42235.546875,2466.96142578125
2021-07-31,73.96241760253906,33.60517501831055,410.9007873535156,127.44856262207031,169.82000732421875,67.57063293457031,41626.1953125,2536.2099609375
2021-08-01,73.96241760253906,33.60517501831055,410.9007873535156,127.44856262207031,169.82000732421875,67.57063293457031,39974.89453125,2561.85205078125
2021-08-02,73.69723510742188,33.614376068115234,410.0386962890625,128.58526611328125,169.61000061035156,67.40315246582031,39201.9453125,2610.1533203125
2021-08-03,74.16976928710938,33.99165344238281,413.3744812011719,128.65353393554688,169.49000549316406,67.4803237915039,38152.98046875,2502.349609375
2021-08-04,74.3192138671875,33.706390380859375,411.3411865234375,128.9180908203125,169.52999877929688,67.3568344116211,39747.50390625,2724.619873046875
2021-08-05,74.72906494140625,34.1480712890625,413.9461669921875,128.2609405517578,168.86000061035156,67.51119232177734,40869.5546875,2827.328857421875
2021-08-06,74.6663818359375,34.83820724487305,414.6301574707031,126.11882781982422,164.63999938964844,67.43401336669922,42816.5,2890.941650390625
2021-08-07,74.6663818359375,34.83820724487305,414.6301574707031,126.11882781982422,164.63999938964844,67.43401336669922,44555.80078125,3157.23876953125
2021-08-08,74.6663818359375,34.83820724487305,414.6301574707031,126.11882781982422,164.63999938964844,67.43401336669922,43798.1171875,3013.732666015625
2021-08-09,74.42530059814453,34.930240631103516,414.2928161621094,125.66654205322266,161.72000122070312,67.2796630859375,46365.40234375,3167.856201171875
2021-08-10,73.89010620117188,35.29830551147461,414.80810546875,125.08623504638672,161.77000427246094,67.12535095214844,45585.03125,3141.691162109375
2021-08-11,73.89974975585938,35.70320129394531,415.83892822265625,125.00945281982422,164.0,67.23336791992188,45593.63671875,3164.2451171875
2021-08-12,74.32404327392578,35.76760482788086,417.0852966308594,124.80462646484375,164.0399932861328,67.3491439819336,44428.2890625,3043.414306640625
2021-08-13,74.72906494140625,35.500755310058594,417.84423828125,126.77604675292969,166.38999938964844,67.49575805664062,47793.3203125,3322.211669921875
2021-08-14,74.72906494140625,35.500755310058594,417.84423828125,126.77604675292969,166.38999938964844,67.49575805664062,47096.9453125,3265.443359375
2021-08-15,74.72906494140625,35.500755310058594,417.84423828125,126.77604675292969,166.38999938964844,67.49575805664062,47047.00390625,3310.504150390625
2021-08-16,75.06657409667969,35.408729553222656,418.828125,127.08320617675781,167.22000122070312,67.51890563964844,46004.484375,3156.509521484375
2021-08-17,74.444580078125,35.1602783203125,416.0826110839844,127.03203582763672,166.97000122070312,67.36457824707031,44695.359375,3014.845947265625
2021-08-18,73.41759490966797,34.72779846191406,411.5285339355469,127.45870971679688,167.10000610351562,67.2102279663086,44801.1875,3020.08984375
2021-08-19,74.13599395751953,34.47014617919922,412.1658020019531,128.3975830078125,166.61000061035156,67.20250701904297,46717.578125,3182.7021484375
2021-08-20,75.09068298339844,34.681785583496094,415.44537353515625,128.4828643798828,166.6999969482422,67.36457824707031,49339.17578125,3286.935302734375
2021-08-21,75.09068298339844,34.681785583496094,415.44537353515625,128.4828643798828,166.6999969482422,67.36457824707031,48905.4921875,3226.083984375
2021-08-22,75.09068298339844,34.681785583496094,415.44537353515625,128.4828643798828,166.6999969482422,67.36457824707031,49321.65234375,3242.115478515625
2021-08-23,76.05979919433594,34.96704864501953,419.0999450683594,128.3975830078125,168.72999572753906,67.57290649414062,49546.1484375,3319.25732421875
2021-08-24,75.97300720214844,35.178680419921875,419.76513671875,127.39900970458984,168.64999389648438,67.66555786132812,47706.1171875,3172.456298828125
2021-08-25,75.92961120605469,35.5927734375,420.64599609375,126.34076690673828,167.47999572753906,67.7349853515625,48960.7890625,3224.915283203125
2021-08-26,75.4522933959961,35.41793441772461,418.1628723144531,126.69068908691406,167.6699981689453,67.6963882446289,46942.21875,3100.325439453125
2021-08-27,76.18036651611328,35.88723373413086,421.901611328125,127.55265808105469,170.19000244140625,67.88164520263672,49058.66796875,3270.600830078125
2021-08-28,76.18036651611328,35.88723373413086,421.901611328125,127.55265808105469,170.19000244140625,67.88164520263672,48902.40234375,3244.4033203125
2021-08-29,76.18036651611328,35.88723373413086,421.901611328125,127.55265808105469,170.19000244140625,67.88164520263672,48829.83203125,3227.002685546875
2021-08-30,77.0000228881836,35.381126403808594,423.7569580078125,127.88550567626953,169.35000610351562,67.96652221679688,47054.984375,3224.374267578125
2021-08-31,76.59498596191406,35.335113525390625,423.129150390625,127.01496124267578,169.69000244140625,67.98192596435547,47166.6875,3433.732666015625
2021-09-01,76.61429595947266,35.13267517089844,423.3540344238281,127.22773742675781,169.6999969482422,68.03999328613281,48847.02734375,3834.828125
2021-09-02,76.5323257446289,35.2523078918457,424.656494140625,127.78319549560547,169.25,68.12517547607422,49327.72265625,3790.989990234375
2021-09-03,76.83606719970703,35.031455993652344,424.55340576171875,126.62101745605469,171.05999755859375,68.13289642333984,50025.375,3940.61474609375
2021-09-04,76.83606719970703,35.031455993652344,424.55340576171875,126.62101745605469,171.05999755859375,68.13289642333984,49944.625,3887.828369140625
2021-09-05,76.83606719970703,35.031455993652344,424.55340576171875,126.62101745605469,171.05999755859375,68.13289642333984,51753.41015625,3952.133544921875
2021-09-07,76.8553466796875,34.8198127746582,423.03546142578125,125.55284881591797,167.7100067138672,67.95484161376953,46811.12890625,3426.394287109375
2021-09-08,76.56124877929688,34.736995697021484,422.5200500488281,126.40741729736328,167.2899932861328,68.03229522705078,46091.390625,3497.315185546875
2021-09-09,76.27194213867188,34.83820724487305,420.7115783691406,127.9369888305664,168.02999877929688,68.09420776367188,46391.421875,3427.340087890625
2021-09-10,75.51979064941406,34.58056640625,417.3944396972656,126.80901336669922,167.17999267578125,67.99356842041016,44883.91015625,3211.505859375
2021-09-11,75.51979064941406,34.58056640625,417.3944396972656,126.80901336669922,167.17999267578125,67.99356842041016,45201.45703125,3270.278076171875
2021-09-12,75.51979064941406,34.58056640625,417.3944396972656,126.80901336669922,167.17999267578125,67.99356842041016,46063.26953125,3410.134521484375
2021-09-13,75.54390716552734,34.97624588012695,418.462646484375,127.5780258178711,167.74000549316406,68.16388702392578,44963.07421875,3285.51171875
2021-09-14,75.44746398925781,34.5069465637207,416.2044372558594,129.124755859375,168.82000732421875,68.13289642333984,47092.4921875,3429.169677734375
2021-09-15,76.1080322265625,34.83820724487305,419.6807556152344,128.67184448242188,167.8300018310547,68.2335205078125,48176.34765625,3615.28271484375
2021-09-16,76.15142059326172,34.736995697021484,419.015625,128.0822296142578,164.02999877929688,68.21028900146484,47783.359375,3571.294921875
2021-09-17,74.96531677246094,34.58056640625,414.93389892578125,127.46694946289062,163.77000427246094,68.12517547607422,47267.51953125,3398.538818359375
2021-09-18,74.96531677246094,34.58056640625,414.93389892578125,127.46694946289062,163.77000427246094,68.12517547607422,48278.36328125,3432.018310546875
2021-09-19,74.96531677246094,34.58056640625,414.93389892578125,127.46694946289062,163.77000427246094,68.12517547607422,47260.21875,3329.447998046875
2021-09-20,73.59986877441406,33.77838897705078,408.0152282714844,129.0478973388672,164.94000244140625,67.88517761230469,42843.80078125,2958.993408203125
2021-09-21,73.62885284423828,33.732181549072266,407.6297607421875,128.93670654296875,166.0399932861328,68.00131225585938,40693.67578125,2764.43115234375
2021-09-22,74.6383285522461,34.29591751098633,411.6060791015625,129.70579528808594,165.4199981689453,68.12517547607422,43574.5078125,3077.867919921875
2021-09-23,75.63813781738281,35.13691329956055,416.6072082519531,126.77485656738281,163.50999450683594,68.15612030029297,44895.09765625,3155.523681640625
2021-09-24,75.6912841796875,35.321746826171875,417.29339599609375,125.53581237792969,163.3000030517578,68.05550384521484,42839.75,2931.669189453125
2021-09-25,75.6912841796875,35.321746826171875,417.29339599609375,125.53581237792969,163.3000030517578,68.05550384521484,42716.59375,2925.565673828125
2021-09-26,75.6912841796875,35.321746826171875,417.29339599609375,125.53581237792969,163.3000030517578,68.05550384521484,43208.5390625,3062.265380859375
2021-09-27,74.95710754394531,35.80232238769531,416.0995178222656,125.07434844970703,163.63999938964844,67.99356842041016,42235.73046875,2934.138916015625
2021-09-28,72.73529815673828,35.210853576660156,407.71435546875,123.1261215209961,162.0500030517578,67.68389892578125,41034.54296875,2807.296630859375
2021-09-29,72.6435317993164,35.23857498168945,408.4006042480469,123.33976745605469,161.32000732421875,67.8077621459961,41564.36328125,2853.143310546875
2021-09-30,72.12187957763672,34.68406677246094,403.4090270996094,123.32263946533203,164.22000122070312,67.7303466796875,43790.89453125,3001.678955078125
2021-10-01,73.2086410522461,35.25706100463867,408.20318603515625,124.36048126220703,164.58999633789062,67.89271545410156,48116.94140625,3307.51611328125
2021-10-02,73.2086410522461,35.25706100463867,408.20318603515625,124.36048126220703,164.58999633789062,67.89271545410156,47711.48828125,3391.6943359375
2021-10-03,73.2086410522461,35.25706100463867,408.20318603515625,124.36048126220703,164.58999633789062,67.89271545410156,48199.953125,3418.358642578125
2021-10-04,71.51329803466797,34.952083587646484,402.93896484375,124.0439224243164,165.36000061035156,67.65190887451172,49112.90234375,3380.089111328125
2021-10-05,72.53244018554688,35.635963439941406,407.1316223144531,122.84609985351562,164.58999633789062,67.62081909179688,51514.8125,3518.5185546875
2021-10-06,73.00577545166016,35.67292785644531,408.82366943359375,123.53907775878906,165.02999877929688,67.58198547363281,55361.44921875,3580.56201171875
2021-10-07,73.67231750488281,35.885498046875,412.3582458496094,122.24720001220703,164.16000366210938,67.58979034423828,53805.984375,3587.974853515625
2021-10-08,73.39701843261719,36.06108474731445,411.6060791015625,121.39151763916016,164.22999572753906,67.3878173828125,53967.84765625,3563.75927734375
2021-10-09,73.39701843261719,36.06108474731445,411.6060791015625,121.39151763916016,164.22999572753906,67.3878173828125,54968.22265625,3575.716796875
2021-10-10,73.39701843261719,36.06108474731445,411.6060791015625,121.39151763916016,164.22999572753906,67.3878173828125,54771.578125,3425.852783203125
2021-10-11,72.99127197265625,35.700660705566406,408.6261901855469,121.08358001708984,163.9199981689453,67.1781234741211,57484.7890625,3545.35400390625
2021-10-12,72.61455535888672,35.58975601196289,407.6203308105469,123.15406036376953,164.66000366210938,67.3023910522461,56041.05859375,3492.5732421875
2021-10-13,73.05888366699219,35.386444091796875,409.08685302734375,124.35193634033203,167.58999633789062,67.48101806640625,57401.09765625,3606.20166015625
2021-10-14,74.70594024658203,35.977909088134766,415.9679870605469,124.81395721435547,168.0,67.86161804199219,57321.5234375,3786.01416015625
2021-10-15,75.30486297607422,36.5139274597168,419.1358642578125,124.08663177490234,165.3300018310547,67.74516296386719,61593.94921875,3862.634765625
2021-10-16,75.30486297607422,36.5139274597168,419.1358642578125,124.08663177490234,165.3300018310547,67.74516296386719,60892.1796875,3830.382080078125
2021-10-17,75.30486297607422,36.5139274597168,419.1358642578125,124.08663177490234,165.3300018310547,67.74516296386719,61553.6171875,3847.1044921875
2021-10-18,75.94241333007812,36.523162841796875,420.3768005371094,124.66849517822266,164.9199981689453,67.71404266357422,62026.078125,3748.76025390625
2021-10-19,76.69590759277344,36.88359832763672,423.6198425292969,122.9487533569336,165.4499969482422,67.76063537597656,64261.9921875,3877.65087890625
2021-10-20,76.48339080810547,37.179325103759766,425.2837219238281,122.11882781982422,166.89999389648438,67.78395080566406,65992.8359375,4155.9921875
2021-10-21,76.77803039550781,37.022216796875,426.39300537109375,121.97333526611328,166.75,67.61306762695312,62210.171875,4054.32275390625
2021-10-22,76.51236724853516,37.53974914550781,425.9511413574219,123.31666564941406,167.77000427246094,67.449951171875,60692.265625,3970.181884765625
2021-10-23,76.51236724853516,37.53974914550781,425.9511413574219,123.31666564941406,167.77000427246094,67.449951171875,61393.6171875,4171.66357421875
2021-10-24,76.51236724853516,37.53974914550781,425.9511413574219,123.31666564941406,167.77000427246094,67.449951171875,60930.8359375,4087.903076171875
2021-10-25,76.7635269165039,37.49354553222656,428.2354736328125,123.12841796875,168.92999267578125,67.5664291381836,63039.82421875,4217.876953125
2021-10-26,76.98088073730469,37.52127456665039,428.6208801269531,124.14661407470703,167.67999267578125,67.58198547363281,60363.79296875,4131.10205078125
2021-10-27,76.91326141357422,36.902076721191406,426.7220153808594,126.40534973144531,168.1199951171875,67.52764892578125,58482.38671875,3930.25732421875
2021-10-28,77.6860580444336,37.35491943359375,430.83941650390625,125.97756958007812,168.0800018310547,67.69851684570312,60622.13671875,4287.31884765625
2021-10-29,78.01933288574219,37.20705032348633,431.7136535644531,126.36254119873047,166.64999389648438,67.51985931396484,62227.96484375,4414.74658203125
2021-10-30,78.01933288574219,37.20705032348633,431.7136535644531,126.36254119873047,166.64999389648438,67.51985931396484,61888.83203125,4325.650390625
2021-10-31,78.01933288574219,37.20705032348633,431.7136535644531,126.36254119873047,166.64999389648438,67.51985931396484,61318.95703125,4288.07421875
2021-11-01,77.90339660644531,37.22553253173828,432.45623779296875,125.45276641845703,167.52000427246094,67.44738006591797,61004.40625,4324.626953125
2021-11-02,78.58928680419922,37.31795883178711,434.20477294921875,126.00952911376953,167.16000366210938,67.61100006103516,63226.40234375,4584.798828125
2021-11-03,79.04813385009766,37.456573486328125,436.8556213378906,124.70748138427734,165.77000427246094,67.74352264404297,62970.046875,4607.19384765625
2021-11-04,80.28461456298828,36.96677017211914,438.9142761230469,126.01815032958984,167.64999389648438,67.92271423339844,61452.23046875,4537.32421875
2021-11-05,80.69998931884766,36.985252380371094,440.43719482421875,127.90283966064453,169.83999633789062,68.1798324584961,61125.67578125,4486.2431640625
2021-11-06,80.69998931884766,36.985252380371094,440.43719482421875,127.90283966064453,169.83999633789062,68.1798324584961,61527.48046875,4521.5810546875
2021-11-07,80.69998931884766,36.985252380371094,440.43719482421875,127.90283966064453,169.83999633789062,68.1798324584961,63326.98828125,4620.5546875
2021-11-08,81.13470458984375,37.188568115234375,440.8132019042969,127.66300964355469,170.4499969482422,68.09412384033203,67566.828125,4812.08740234375
2021-11-09,80.8014144897461,36.985252380371094,439.35614013671875,129.32496643066406,171.2899932861328,68.14865112304688,66971.828125,4735.06884765625
2021-11-10,79.46833038330078,36.920562744140625,435.8215637207031,126.96051788330078,173.14999389648438,67.766845703125,64995.23046875,4636.17431640625
2021-11-11,79.84024047851562,37.022216796875,435.9625549316406,126.77202606201172,174.1199951171875,67.64999389648438,64949.9609375,4730.38427734375
2021-11-12,80.81108856201172,37.10539245605469,439.2527160644531,126.21521759033203,174.4499969482422,67.6733627319336,64155.94140625,4667.115234375
2021-11-13,80.81108856201172,37.10539245605469,439.2527160644531,126.21521759033203,174.4499969482422,67.6733627319336,64469.52734375,4651.46044921875
2021-11-14,80.81108856201172,37.10539245605469,439.2527160644531,126.21521759033203,174.4499969482422,67.6733627319336,65466.83984375,4626.35888671875
2021-11-15,80.7289810180664,37.10539245605469,439.40313720703125,124.63030242919922,174.17999267578125,67.59544372558594,63557.87109375,4557.50390625
2021-11-16,81.57906341552734,37.06843185424805,441.1421813964844,124.3133544921875,172.9199981689453,67.6266098022461,60161.24609375,4216.365234375
2021-11-17,81.33272552490234,36.643306732177734,440.07061767578125,125.29854583740234,174.5,67.55648040771484,60368.01171875,4287.59375
2021-11-18,82.14419555664062,36.458473205566406,441.56524658203125,125.76971435546875,173.94000244140625,67.50192260742188,56942.13671875,4000.65087890625
2021-11-19,82.74309539794922,36.06108474731445,440.77557373046875,127.09760284423828,172.61000061035156,67.44738006591797,58119.578125,4298.306640625
2021-11-20,82.74309539794922,36.06108474731445,440.77557373046875,127.09760284423828,172.61000061035156,67.44738006591797,59697.1953125,4409.93115234375
2021-11-21,82.74309539794922,36.06108474731445,440.77557373046875,127.09760284423828,172.61000061035156,67.44738006591797,58730.4765625,4269.73291015625
2021-11-22,81.82056427001953,36.56937789916992,439.5346984863281,125.60692596435547,168.74000549316406,67.19027709960938,56289.2890625,4088.457763671875
2021-11-23,81.63219451904297,37.14236068725586,440.1175842285156,123.79082489013672,167.27999877929688,67.09675598144531,57569.07421875,4340.763671875
2021-11-24,82.22628784179688,37.05918884277344,441.2926330566406,125.7783203125,167.1199951171875,67.0811538696289,56280.42578125,4239.9814453125
2021-11-25,82.22628784179688,37.05918884277344,441.2926330566406,125.7783203125,167.1199951171875,67.0811538696289,57274.6796875,4274.7431640625
2021-11-26,80.17353820800781,35.83004379272461,431.45037841796875,128.9566650390625,166.85000610351562,66.59806060791016,53569.765625,4030.908935546875
2021-11-27,80.17353820800781,35.83004379272461,431.45037841796875,128.9566650390625,166.85000610351562,66.59806060791016,54815.078125,4096.912109375
2021-11-28,80.17353820800781,35.83004379272461,431.45037841796875,128.9566650390625,166.85000610351562,66.59806060791016,57248.45703125,4294.45361328125
2021-11-29,82.17798614501953,35.94093704223633,436.74285888671875,127.92005920410156,166.6199951171875,67.01103210449219,57806.56640625,4445.10498046875
2021-11-30,81.49213409423828,35.081459045410156,428.244873046875,129.86468505859375,165.5,66.73052978515625,57005.42578125,4631.47900390625
2021-12-01,80.37639617919922,34.69331359863281,423.4882507324219,130.665771484375,166.16000366210938,66.73991394042969,57229.828125,4586.990234375
2021-12-02,81.11537170410156,35.72838592529297,429.974609375,130.8287811279297,165.24000549316406,67.23242950439453,56477.81640625,4511.30224609375
2021-12-03,79.75814056396484,35.14615249633789,426.23321533203125,132.38983154296875,166.6300048828125,67.23242950439453,53598.24609375,4220.7060546875
2021-12-04,79.75814056396484,35.14615249633789,426.23321533203125,132.38983154296875,166.6300048828125,67.23242950439453,49200.703125,4119.58740234375
2021-12-05,79.75814056396484,35.14615249633789,426.23321533203125,132.38983154296875,166.6300048828125,67.23242950439453,49368.84765625,4198.32275390625
2021-12-06,80.5164566040039,35.68217849731445,431.2812194824219,130.5714874267578,166.22000122070312,67.52948760986328,50582.625,4358.7373046875
2021-12-07,83.32754516601562,36.31985092163086,440.2021484375,129.5164794921875,166.80999755859375,67.88914489746094,50700.0859375,4315.0615234375
2021-12-08,83.70909881591797,36.12577438354492,441.3678283691406,127.27781677246094,166.89999389648438,67.87345886230469,50504.796875,4439.35791015625
2021-12-09,82.80589294433594,36.05183410644531,438.3879089355469,127.98965454101562,165.8800048828125,67.56859588623047,47672.12109375,4119.81591796875
2021-12-10,84.4674072265625,36.08880615234375,442.5145568847656,127.68090057373047,166.5800018310547,67.72492980957031,47243.3046875,3908.49609375
2021-12-11,84.4674072265625,36.08880615234375,442.5145568847656,127.68090057373047,166.5800018310547,67.72492980957031,49362.5078125,4084.452392578125
2021-12-12,84.4674072265625,36.08880615234375,442.5145568847656,127.68090057373047,166.5800018310547,67.72492980957031,50098.3359375,4134.453125
2021-12-13,83.21160888671875,35.700660705566406,438.5946960449219,129.56788635253906,167.0,67.72492980957031,46737.48046875,3784.226806640625
2021-12-14,81.84471130371094,35.9132194519043,435.5772705078125,129.25914001464844,165.44000244140625,67.60769653320312,46612.6328125,3745.4404296875
2021-12-15,84.01339721679688,36.01487731933594,442.3830261230469,128.0154571533203,166.14999389648438,67.86565399169922,48896.72265625,4018.388671875
2021-12-16,81.63219451904297,36.46772003173828,438.4819641113281,128.0652313232422,168.16000366210938,67.81544494628906,47665.42578125,3962.4697265625
2021-12-17,81.08638763427734,35.6636848449707,433.8151550292969,129.51646423339844,167.8000030517578,67.75273132324219,46202.14453125,3879.486572265625
2021-12-18,81.08638763427734,35.6636848449707,433.8151550292969,129.51646423339844,167.8000030517578,67.75273132324219,46848.77734375,3960.860107421875
2021-12-19,81.08638763427734,35.6636848449707,433.8151550292969,129.51646423339844,167.8000030517578,67.75273132324219,46707.015625,3922.592529296875
2021-12-20,80.1219482421875,34.97096252441406,429.2022705078125,128.54611206054688,167.08999633789062,67.63501739501953,46880.27734375,3933.844482421875
2021-12-21,82.14955139160156,35.69526672363281,436.824462890625,128.056640625,167.02000427246094,67.99588775634766,48936.61328125,4020.260009765625
2021-12-22,83.22386932373047,35.86240768432617,441.1921691894531,128.6491241455078,168.58999633789062,68.17628479003906,48628.51171875,3982.099609375
2021-12-23,83.68841552734375,36.048126220703125,443.9372253417969,127.5328369140625,168.97000122070312,68.37242126464844,50784.5390625,4108.015625
2021-12-24,83.68841552734375,36.048126220703125,443.9372253417969,127.5328369140625,168.97000122070312,68.37242126464844,50822.1953125,4047.98291015625
2021-12-25,83.68841552734375,36.048126220703125,443.9372253417969,127.5328369140625,168.97000122070312,68.37242126464844,50429.859375,4093.281005859375
2021-12-27,85.48375701904297,36.4195671081543,450.219970703125,127.84198760986328,169.3699951171875,68.44298553466797,50640.41796875,4037.547607421875
2021-12-28,85.03854370117188,36.43813705444336,449.85205078125,127.33526611328125,168.63999938964844,68.41165924072266,47588.85546875,3800.89306640625
2021-12-29,85.11114501953125,36.39170455932617,450.427490234375,125.94426727294922,168.58999633789062,68.30181884765625,46444.7109375,3628.53173828125
2021-12-30,84.54978942871094,36.32670974731445,449.1822509765625,127.00047302246094,169.8000030517578,68.27046203613281,47178.125,3713.85205078125
2021-12-31,84.1384506225586,36.26171112060547,448.05029296875,127.24946594238281,170.9600067138672,68.2547607421875,46306.4453125,3682.6328125
2022-01-01,84.1384506225586,36.26171112060547,448.05029296875,127.24946594238281,170.9600067138672,68.2547607421875,47686.8125,3769.697021484375
2022-01-02,84.1384506225586,36.26171112060547,448.05029296875,127.24946594238281,170.9600067138672,68.2547607421875,47345.21875,3829.56494140625
2022-01-03,84.9369125366211,36.707427978515625,450.6444091796875,123.9091567993164,168.3300018310547,68.22335815429688,46458.1171875,3761.38037109375
2022-01-04,84.03683471679688,37.673179626464844,450.4934997558594,123.39398193359375,169.57000732421875,68.05078887939453,45897.57421875,3794.056640625
2022-01-05,81.45272064208984,37.23673629760742,441.8430480957031,122.72415161132812,169.05999755859375,67.52522277832031,43569.00390625,3550.386962890625
2022-01-06,81.0414047241211,37.784603118896484,441.427978515625,123.04190063476562,166.99000549316406,67.53302764892578,43160.9296875,3418.408203125
2022-01-07,80.29615020751953,38.2303352355957,439.68280029296875,122.157470703125,167.75,67.3604965209961,41557.90234375,3193.21044921875
2022-01-08,80.29615020751953,38.2303352355957,439.68280029296875,122.157470703125,167.75,67.3604965209961,41733.94140625,3091.97265625
2022-01-09,80.29615020751953,38.2303352355957,439.68280029296875,122.157470703125,167.75,67.3604965209961,41911.6015625,3157.75146484375
2022-01-10,80.31069946289062,38.10032653808594,439.13568115234375,122.45795440673828,168.25999450683594,67.4154052734375,41821.26171875,3083.097900390625
2022-01-11,81.27366638183594,38.434635162353516,443.1354064941406,123.27371215820312,170.2899932861328,67.72917175292969,42735.85546875,3238.111572265625
2022-01-12,81.65597534179688,38.462486267089844,444.33343505859375,122.80147552490234,170.74000549316406,67.83900451660156,43949.1015625,3372.25830078125
2022-01-13,79.541259765625,38.31390380859375,438.2111511230469,123.8919677734375,170.16000366210938,67.5958251953125,42591.5703125,3248.28857421875
2022-01-14,80.21388244628906,37.914615631103516,438.3903503417969,122.02002716064453,169.6699981689453,67.53302764892578,43099.69921875,3310.00146484375
2022-01-15,80.21388244628906,37.914615631103516,438.3903503417969,122.02002716064453,169.6699981689453,67.53302764892578,43177.3984375,3330.53076171875
2022-01-16,80.21388244628906,37.914615631103516,438.3903503417969,122.02002716064453,169.6699981689453,67.53302764892578,43113.87890625,3350.921875
2022-01-18,78.28790283203125,37.069576263427734,430.6266784667969,120.30265808105469,169.38999938964844,67.20358276367188,42375.6328125,3164.025146484375
2022-01-19,77.19428253173828,36.447418212890625,426.1552429199219,121.13562774658203,172.0800018310547,67.1408462524414,41744.328125,3095.825927734375
2022-01-20,76.19739532470703,36.21529006958008,421.43853759765625,121.8825912475586,171.64999389648438,67.01530456542969,40680.41796875,3001.1201171875
2022-01-21,74.68274688720703,35.47239685058594,413.1653747558594,123.33383178710938,171.08999633789062,67.02317810058594,36457.31640625,2557.931640625
2022-01-22,74.68274688720703,35.47239685058594,413.1653747558594,123.33383178710938,171.08999633789062,67.02317810058594,35030.25,2405.18115234375
2022-01-23,74.68274688720703,35.47239685058594,413.1653747558594,123.33383178710938,171.08999633789062,67.02317810058594,36276.8046875,2535.0390625
2022-01-24,75.06988525390625,35.57454299926758,414.9200439453125,122.3205337524414,172.02999877929688,66.95256042480469,36654.328125,2440.352294921875
2022-01-25,73.33261108398438,35.723121643066406,409.8542785644531,122.12308502197266,172.5800018310547,66.7564697265625,36954.00390625,2455.93505859375
2022-01-26,73.76329803466797,35.815975189208984,408.8260803222656,120.6460952758789,169.7899932861328,66.52893829345703,36852.12109375,2468.0302734375
2022-01-27,73.25518798828125,35.49098205566406,406.8072814941406,122.8615951538086,167.60000610351562,66.23872375488281,37138.234375,2423.001220703125
2022-01-28,76.45873260498047,35.95526885986328,416.9105224609375,122.90446472167969,167.10000610351562,66.42699432373047,37784.33203125,2547.092041015625
2022-01-29,76.45873260498047,35.95526885986328,416.9105224609375,122.90446472167969,167.10000610351562,66.42699432373047,38138.1796875,2597.084716796875
2022-01-30,76.45873260498047,35.95526885986328,416.9105224609375,122.90446472167969,167.10000610351562,66.42699432373047,37917.6015625,2603.466552734375
2022-01-31,78.37986755371094,36.270999908447266,424.41943359375,122.26905822753906,168.08999633789062,66.44266510009766,38483.125,2688.27880859375
2022-02-01,78.5831069946289,36.772430419921875,427.2872619628906,121.86319732666016,168.22999572753906,66.70641326904297,38743.2734375,2792.1171875
2022-02-02,79.22188568115234,37.02315902709961,431.43798828125,122.27596282958984,168.83999633789062,66.80876922607422,36952.984375,2682.85400390625
2022-02-03,76.92328643798828,36.61457824707031,421.2970275878906,121.32147979736328,168.60000610351562,66.2104263305664,37154.6015625,2679.16259765625
2022-02-04,77.23298645019531,37.23673629760742,423.27801513671875,119.53292083740234,168.86000061035156,65.95062255859375,41500.875,2983.5869140625
2022-02-05,77.23298645019531,37.23673629760742,423.27801513671875,119.53292083740234,168.86000061035156,65.95062255859375,41441.1640625,3014.648193359375
2022-02-06,77.23298645019531,37.23673629760742,423.27801513671875,119.53292083740234,168.86000061035156,65.95062255859375,42412.43359375,3057.47607421875
2022-02-07,76.72000885009766,37.348167419433594,421.9197082519531,119.61031341552734,170.11000061035156,65.90338134765625,43840.28515625,3142.470703125
2022-02-08,77.66851043701172,37.8681755065918,425.39117431640625,118.81061553955078,170.6300048828125,65.83252716064453,44118.4453125,3122.608642578125
2022-02-09,79.39124298095703,38.109619140625,431.61712646484375,119.03417205810547,171.2100067138672,66.1789321899414,44338.796875,3239.45703125
2022-02-10,77.31523895263672,37.77531433105469,423.8629150390625,117.14238739013672,170.55999755859375,65.3050537109375,43565.11328125,3077.482177734375
2022-02-11,74.9537353515625,37.24602127075195,415.5048522949219,118.87940979003906,173.80999755859375,65.07672882080078,42407.9375,2927.383544921875
2022-02-12,74.9537353515625,37.24602127075195,415.5048522949219,118.87940979003906,173.80999755859375,65.07672882080078,42244.46875,2917.36279296875
2022-02-13,74.9537353515625,37.24602127075195,415.5048522949219,118.87940979003906,173.80999755859375,65.07672882080078,42197.515625,2883.46337890625
2022-02-14,74.9295425415039,36.828147888183594,414.1464538574219,117.40038299560547,174.74000549316406,64.96652221679688,42586.91796875,2933.47900390625
2022-02-15,76.89907836914062,37.32958984375,420.82537841796875,116.06757354736328,173.0800018310547,65.07672882080078,44575.203125,3179.877197265625
2022-02-16,76.82164764404297,37.357444763183594,421.2970275878906,116.7554702758789,174.86000061035156,65.43890380859375,43961.859375,3127.830078125
2022-02-17,74.5230484008789,36.428855895996094,412.2975158691406,117.62398529052734,177.25,65.16333770751953,40538.01171875,2881.48193359375
2022-02-18,73.76815032958984,36.4195671081543,409.6279296875,118.86221313476562,177.1199951171875,65.2578125,40030.9765625,2785.7275390625
2022-02-19,73.76815032958984,36.4195671081543,409.6279296875,118.86221313476562,177.1199951171875,65.2578125,40122.15625,2763.701171875
2022-02-20,73.76815032958984,36.4195671081543,409.6279296875,118.86221313476562,177.1199951171875,65.2578125,38431.37890625,2628.6484375
2022-02-22,73.08583068847656,36.23385238647461,405.23187255859375,119.1717529296875,177.49000549316406,65.10823059082031,38286.02734375,2639.29931640625
2022-02-23,71.25662994384766,35.6024055480957,398.0436096191406,117.52935791015625,178.2899932861328,64.99015808105469,37296.5703125,2590.359619140625
2022-02-24,73.69071960449219,35.17525100708008,404.0338439941406,117.60675048828125,177.13999938964844,65.45465087890625,38332.609375,2598.067138671875
2022-02-25,74.69242858886719,36.308135986328125,412.948486328125,117.69268798828125,176.5500030517578,65.82466888427734,39214.21875,2764.53564453125
2022-02-26,74.69242858886719,36.308135986328125,412.948486328125,117.69268798828125,176.5500030517578,65.82466888427734,39105.1484375,2781.11181640625
2022-02-27,74.69242858886719,36.308135986328125,412.948486328125,117.69268798828125,176.5500030517578,65.82466888427734,37709.78515625,2621.8017578125
2022-02-28,74.55693817138672,35.76955795288086,411.8919372558594,120.27243041992188,178.3800048828125,65.87190246582031,43193.234375,2919.201171875
2022-03-01,73.06645965576172,34.45094299316406,405.61871337890625,121.6629867553711,181.6199951171875,65.68777465820312,44354.63671875,2972.485107421875
2022-03-02,74.64885711669922,35.34239959716797,413.08050537109375,117.50419616699219,179.72999572753906,65.8458023071289,43924.1171875,2950.118408203125
2022-03-03,73.75845336914062,35.23096466064453,411.02398681640625,118.70105743408203,180.8000030517578,65.64828491210938,42451.7890625,2834.468994140625
2022-03-04,72.46640014648438,34.571659088134766,407.6846008300781,120.75025939941406,183.67999267578125,65.22158813476562,39137.60546875,2617.156005859375
2022-03-05,72.46640014648438,34.571659088134766,407.6846008300781,120.75025939941406,183.67999267578125,65.22158813476562,39400.5859375,2664.8310546875
2022-03-06,72.46640014648438,34.571659088134766,407.6846008300781,120.75025939941406,183.67999267578125,65.22158813476562,38419.984375,2555.037353515625
2022-03-07,69.8145523071289,33.30876159667969,395.6663513183594,119.8289794921875,186.41000366210938,64.65265655517578,38062.0390625,2497.771240234375
2022-03-08,69.47581481933594,33.113765716552734,392.6665344238281,118.6235122680664,191.50999450683594,64.42350006103516,38737.26953125,2576.74755859375
2022-03-09,72.22445678710938,34.33022689819336,403.19427490234375,117.46113586425781,185.82000732421875,64.96080780029297,41982.92578125,2729.783447265625
2022-03-10,70.96143341064453,34.0423583984375,401.3736877441406,115.77352905273438,186.39999389648438,64.41559600830078,39437.4609375,2608.048583984375
2022-03-11,69.7129135131836,33.80092239379883,396.2701110839844,116.16097259521484,185.08999633789062,63.94938659667969,38794.97265625,2559.56298828125
2022-03-12,69.7129135131836,33.80092239379883,396.2701110839844,116.16097259521484,185.08999633789062,63.94938659667969,38904.01171875,2574.754150390625
2022-03-13,69.7129135131836,33.80092239379883,396.2701110839844,116.16097259521484,185.08999633789062,63.94938659667969,37849.6640625,2518.944580078125
2022-03-14,68.42086029052734,34.22808074951172,393.3741149902344,113.44879150390625,182.3000030517578,63.19084930419922,39666.75390625,2590.696044921875
2022-03-15,70.71945190429688,34.71095275878906,402.0245666503906,113.25077056884766,178.88999938964844,63.664920806884766,39338.78515625,2620.149658203125
2022-03-16,73.01807403564453,35.68597412109375,410.9391174316406,114.3614273071289,180.00999450683594,64.55785369873047,41143.9296875,2772.0556640625
2022-03-17,73.53587341308594,36.13169860839844,416.080322265625,113.509033203125,180.88999938964844,65.00030517578125,40951.37890625,2814.8544921875
2022-03-18,75.04084014892578,36.21529006958008,420.63751220703125,114.895263671875,179.3000030517578,65.2136459350586,41801.15625,2945.343017578125
2022-03-19,75.04084014892578,36.21529006958008,420.63751220703125,114.895263671875,179.3000030517578,65.2136459350586,42190.65234375,2946.257080078125
2022-03-20,75.04084014892578,36.21529006958008,420.63751220703125,114.895263671875,179.3000030517578,65.2136459350586,41247.82421875,2860.459228515625
2022-03-21,74.89830780029297,36.17985534667969,420.51458740234375,112.23474884033203,180.6699981689453,64.46302032470703,41077.99609375,2897.9765625
2022-03-22,75.97459411621094,36.767154693603516,425.43524169921875,110.79681396484375,179.36000061035156,64.79486846923828,42358.80859375,2973.131103515625
2022-03-23,74.80619049072266,36.08662033081055,419.9562683105469,113.22491455078125,181.80999755859375,64.58941650390625,42892.95703125,3031.067138671875
2022-03-24,76.75027465820312,36.37562561035156,426.2868347167969,112.33806610107422,183.1300048828125,64.72378540039062,43960.93359375,3108.06201171875
2022-03-25,76.70664978027344,36.841732025146484,428.3686828613281,110.77957153320312,182.3800048828125,64.2575912475586,44348.73046875,3106.67138671875
2022-03-26,76.70664978027344,36.841732025146484,428.3686828613281,110.77957153320312,182.3800048828125,64.2575912475586,44500.828125,3143.178955078125
2022-03-27,76.70664978027344,36.841732025146484,428.3686828613281,110.77957153320312,182.3800048828125,64.2575912475586,46820.4921875,3291.57763671875
2022-03-28,77.61808013916016,36.73918914794922,431.4156494140625,111.72674560546875,179.05999755859375,64.66053009033203,47128.00390625,3336.634521484375
2022-03-29,79.26644134521484,36.82309341430664,436.752685546875,112.57051849365234,179.13999938964844,65.45862579345703,47465.73046875,3401.98779296875
2022-03-30,78.2095718383789,36.56206130981445,434.05572509765625,113.44879150390625,180.5800018310547,65.26110076904297,47062.6640625,3385.157958984375
2022-03-31,77.05086517333984,35.72305679321289,427.3750915527344,113.72431945800781,180.64999389648438,65.02403259277344,45538.67578125,3281.642822265625
2022-04-01,76.822998046875,35.629844665527344,428.5863342285156,114.15718841552734,179.5,65.01927185058594,46281.64453125,3449.55224609375
2022-04-02,76.822998046875,35.629844665527344,428.5863342285156,114.15718841552734,179.5,65.01927185058594,45868.94921875,3445.059326171875
2022-04-03,76.822998046875,35.629844665527344,428.5863342285156,114.15718841552734,179.5,65.01927185058594,46453.56640625,3522.83349609375
2022-04-04,78.28228759765625,35.471351623535156,432.2579040527344,113.36383056640625,180.3699951171875,65.51118469238281,46622.67578125,3521.2412109375
2022-04-05,76.6339340209961,35.247623443603516,426.7978515625,110.80268096923828,179.24000549316406,64.66224670410156,45555.9921875,3411.79248046875
2022-04-06,74.82073974609375,35.005245208740234,422.5301513671875,109.9058609008789,179.66000366210938,64.15444946289062,43206.73828125,3171.69189453125
2022-04-07,74.93709564208984,34.96794891357422,424.6592712402344,109.07797241210938,180.33999633789062,64.05133056640625,43503.84765625,3233.274658203125
2022-04-08,73.88990783691406,35.32220458984375,423.52374267578125,107.8966064453125,181.47000122070312,63.66255569458008,42287.6640625,3192.073974609375
2022-04-09,73.88990783691406,35.32220458984375,423.52374267578125,107.8966064453125,181.47000122070312,63.66255569458008,42782.13671875,3261.916259765625
2022-04-10,73.88990783691406,35.32220458984375,423.52374267578125,107.8966064453125,181.47000122070312,63.66255569458008,42207.671875,3211.866943359375
2022-04-11,72.02822875976562,35.163719177246094,416.28472900390625,106.18914031982422,182.3699951171875,63.226192474365234,39521.90234375,2981.05224609375
2022-04-12,71.70824432373047,34.78150939941406,414.7422790527344,106.04256439208984,183.77000427246094,63.71015930175781,40127.18359375,3030.37646484375
2022-04-13,72.86209869384766,34.78150939941406,419.49261474609375,106.25812530517578,184.64999389648438,64.09101867675781,41166.73046875,3118.34423828125
2022-04-14,71.09254455566406,34.38997268676758,414.2691955566406,104.12812042236328,184.0399932861328,63.66255569458008,39935.515625,3019.909423828125
2022-04-15,71.09254455566406,34.38997268676758,414.2691955566406,104.12812042236328,184.0399932861328,63.66255569458008,40553.46484375,3040.91650390625
2022-04-16,71.09254455566406,34.38997268676758,414.2691955566406,104.12812042236328,184.0399932861328,63.66255569458008,40424.484375,3062.310302734375
2022-04-18,71.32525634765625,34.59505844116211,414.43951416015625,103.6107177734375,184.61000061035156,63.559410095214844,40826.21484375,3057.606689453125
2022-04-19,72.66331481933594,35.07049560546875,421.129638671875,102.83462524414062,181.82000732421875,63.50390625,41502.75,3104.1064453125
2022-04-20,72.595458984375,35.312889099121094,420.8173828125,104.90423583984375,182.7100067138672,63.70221710205078,41374.37890625,3077.745849609375
2022-04-21,71.3640365600586,34.753543853759766,414.524658203125,104.12812042236328,182.05999755859375,63.26586151123047,40527.36328125,2987.480712890625
2022-04-22,69.36661529541016,33.7187614440918,403.1505126953125,103.47277069091797,180.2899932861328,62.885013580322266,39740.3203125,2964.835693359375
2022-04-23,69.36661529541016,33.7187614440918,403.1505126953125,103.47277069091797,180.2899932861328,62.885013580322266,39486.73046875,2938.114013671875
2022-04-24,69.36661529541016,33.7187614440918,403.1505126953125,103.47277069091797,180.2899932861328,62.885013580322266,39469.29296875,2922.732666015625
2022-04-25,70.40896606445312,33.774696350097656,405.4877624511719,104.50758361816406,177.0500030517578,63.41659927368164,40458.30859375,3009.3935546875
2022-04-26,67.78614807128906,32.926368713378906,393.7445068359375,105.55963897705078,177.32000732421875,63.043697357177734,38117.4609375,2808.29833984375
2022-04-27,68.78970336914062,32.89840316772461,394.8516540527344,104.20572662353516,175.97999572753906,62.73428726196289,39241.12109375,2888.9296875
2022-04-28,71.54342651367188,33.31790542602539,404.82537841796875,104.3609619140625,176.92999267578125,63.08336639404297,39773.828125,2936.94091796875
2022-04-29,68.56183624267578,32.171260833740234,389.86480712890625,103.00709533691406,176.91000366210938,62.30583953857422,38609.82421875,2815.601806640625
2022-04-30,68.56183624267578,32.171260833740234,389.86480712890625,103.00709533691406,176.91000366210938,62.30583953857422,37714.875,2730.186767578125
2022-05-01,68.56183624267578,32.171260833740234,389.86480712890625,103.00709533691406,176.91000366210938,62.30583953857422,38469.09375,2827.756103515625
2022-05-02,69.60417938232422,32.18058776855469,392.2115478515625,101.22156524658203,173.6300048828125,62.3098258972168,38529.328125,2857.410400390625
2022-05-03,69.72539520263672,32.600101470947266,394.009521484375,101.90399169921875,174.08999633789062,62.636390686035156,37750.453125,2783.476318359375
2022-05-04,72.17366790771484,33.59757614135742,406.0081481933594,102.46546173095703,175.8000030517578,63.27358627319336,39698.37109375,2940.644775390625
2022-05-05,68.70243072509766,32.61873245239258,391.57757568359375,99.65809631347656,175.1300048828125,62.150516510009766,36575.140625,2749.213134765625
2022-05-06,68.14974212646484,32.385677337646484,389.24029541015625,98.1895980834961,175.4199981689453,61.800048828125,36040.921875,2694.979736328125
2022-05-07,68.14974212646484,32.385677337646484,389.24029541015625,98.1895980834961,175.4199981689453,61.800048828125,35501.953125,2636.093017578125
2022-05-08,68.14974212646484,32.385677337646484,389.24029541015625,98.1895980834961,175.4199981689453,61.800048828125,34059.265625,2517.4599609375
2022-05-09,65.51238250732422,31.611928939819336,376.7778015136719,99.05342102050781,172.8800048828125,61.14692687988281,30296.953125,2245.430419921875
2022-05-10,66.51110076904297,31.332258224487305,377.6484069824219,99.95178985595703,171.4199981689453,61.49739456176758,31022.90625,2343.510986328125
2022-05-11,64.41185760498047,31.04326629638672,371.6490173339844,101.87808990478516,172.82000732421875,61.13102722167969,28936.35546875,2072.108642578125
2022-05-12,63.74766540527344,30.810205459594727,371.2610168457031,101.68802642822266,170.1699981689453,61.10710525512695,29047.751953125,1961.7015380859375
2022-05-13,65.86629486083984,31.257673263549805,380.1370544433594,100.18500518798828,168.7899932861328,61.17881393432617,29283.103515625,2014.418212890625
2022-05-14,65.86629486083984,31.257673263549805,380.1370544433594,100.18500518798828,168.7899932861328,61.17881393432617,30101.265625,2056.27392578125
2022-05-15,65.86629486083984,31.257673263549805,380.1370544433594,100.18500518798828,168.7899932861328,61.17881393432617,31305.11328125,2145.706787109375
2022-05-16,65.2845230102539,30.99665069580078,378.5946960449219,100.08132934570312,170.39999389648438,61.091182708740234,29862.91796875,2022.7259521484375
2022-05-17,67.17528533935547,31.826339721679688,386.3825378417969,98.87203216552734,169.3300018310547,61.03543472290039,30425.857421875,2090.4091796875
2022-05-18,64.1015853881836,30.950042724609375,370.8068542480469,100.97974395751953,169.4199981689453,60.53364181518555,28720.271484375,1916.6561279296875
2022-05-19,63.39861297607422,30.744958877563477,368.53570556640625,101.22156524658203,171.91000366210938,60.939849853515625,30314.333984375,2018.336181640625
2022-05-20,63.53921890258789,30.68901824951172,368.6965637207031,102.37046813964844,172.02999877929688,60.90004348754883,29200.740234375,1961.315673828125
2022-05-21,63.53921890258789,30.68901824951172,368.6965637207031,102.37046813964844,172.02999877929688,60.90004348754883,29432.2265625,1974.518310546875
2022-05-22,63.53921890258789,30.68901824951172,368.6965637207031,102.37046813964844,172.02999877929688,60.90004348754883,30323.72265625,2043.170166015625
2022-05-23,64.99849700927734,31.68650245666504,375.59503173828125,100.68601989746094,172.8300018310547,61.13896179199219,29098.91015625,1972.181884765625
2022-05-24,64.0337142944336,31.621244430541992,372.7277526855469,102.67279052734375,174.1300048828125,61.505348205566406,29655.5859375,1978.9827880859375
2022-05-25,64.78030395507812,31.87294578552246,376.020751953125,103.0787582397461,173.0800018310547,62.437255859375,29562.361328125,1944.827880859375
2022-05-26,66.3365707397461,32.60940933227539,383.5341796875,102.6123275756836,172.75999450683594,63.30543518066406,29267.224609375,1803.913330078125
2022-05-27,68.58123016357422,33.159423828125,392.9496154785156,102.8628158569336,172.85000610351562,63.87095260620117,28627.57421875,1724.9228515625
2022-05-28,68.58123016357422,33.159423828125,392.9496154785156,102.8628158569336,172.85000610351562,63.87095260620117,28814.900390625,1757.9417724609375
2022-05-29,68.58123016357422,33.159423828125,392.9496154785156,102.8628158569336,172.85000610351562,63.87095260620117,29445.95703125,1812.031005859375
2022-05-31,68.0915756225586,33.066200256347656,390.7447509765625,100.68601989746094,171.13999938964844,63.32133865356445,31792.310546875,1942.3280029296875
2022-06-01,67.8879623413086,32.53484344482422,387.5842590332031,100.57093048095703,172.22999572753906,63.08709716796875,29799.080078125,1823.5693359375
2022-06-02,69.53144073486328,32.9822998046875,394.9651794433594,100.62283325195312,174.35000610351562,63.35094451904297,30467.48828125,1834.1505126953125
2022-06-03,67.86856842041016,32.50687789916992,388.48321533203125,100.4065170288086,172.5800018310547,62.87922286987305,29704.390625,1775.07861328125
2022-06-04,67.86856842041016,32.50687789916992,388.48321533203125,100.4065170288086,172.5800018310547,62.87922286987305,29832.9140625,1801.6094970703125
2022-06-05,67.86856842041016,32.50687789916992,388.48321533203125,100.4065170288086,172.5800018310547,62.87922286987305,29906.662109375,1805.2049560546875
2022-06-06,67.8734130859375,32.600101470947266,389.66607666015625,98.55465698242188,171.82000732421875,62.407447814941406,31370.671875,1859.2896728515625
2022-06-07,68.68304443359375,32.85179138183594,393.40380859375,99.6190185546875,172.94000244140625,62.5513916015625,31155.478515625,1814.04833984375
2022-06-08,67.9073486328125,32.27381134033203,389.12664794921875,98.73639678955078,172.77999877929688,62.015647888183594,30214.35546875,1793.572265625
2022-06-09,66.09414672851562,31.462770462036133,379.8721008300781,99.0652084350586,172.22999572753906,61.519927978515625,30111.998046875,1789.8260498046875
2022-06-10,63.55375289916992,30.325448989868164,368.8574523925781,98.45082092285156,174.5399932861328,60.47246551513672,29083.8046875,1665.042236328125
2022-06-11,63.55375289916992,30.325448989868164,368.8574523925781,98.45082092285156,174.5399932861328,60.47246551513672,28360.810546875,1529.6634521484375
2022-06-12,63.55375289916992,30.325448989868164,368.8574523925781,98.45082092285156,174.5399932861328,60.47246551513672,26762.6484375,1445.216552734375
2022-06-13,60.737003326416016,29.42118263244629,354.85260009765625,95.36154174804688,169.92999267578125,58.44953918457031,22487.388671875,1204.582763671875
2022-06-14,61.12000274658203,29.16948127746582,353.7833557128906,94.15868377685547,168.57000732421875,58.833309173583984,22206.79296875,1211.662841796875
2022-06-15,62.40959167480469,29.49576187133789,358.82708740234375,95.91534423828125,170.77000427246094,59.976715087890625,22572.83984375,1233.2064208984375
2022-06-16,59.86919403076172,28.749980926513672,346.9512634277344,96.6768798828125,172.69000244140625,59.02519607543945,20381.650390625,1067.730712890625
2022-06-17,60.41703414916992,28.833881378173828,347.6991882324219,96.9883804321289,171.27000427246094,59.209129333496094,20471.482421875,1086.519287109375
2022-06-18,60.41703414916992,28.833881378173828,347.6991882324219,96.9883804321289,171.27000427246094,59.209129333496094,19017.642578125,993.6367797851562
2022-06-19,60.41703414916992,28.833881378173828,347.6991882324219,96.9883804321289,171.27000427246094,59.209129333496094,20553.271484375,1127.656494140625
2022-06-21,61.954463958740234,29.409317016601562,356.4520568847656,95.34420776367188,170.6300048828125,59.169151306152344,20710.59765625,1124.8245849609375
2022-06-22,61.691993713378906,29.34371566772461,355.8058166503906,97.9662094116211,171.30999755859375,59.15314483642578,19987.029296875,1051.421875
2022-06-23,62.61552810668945,29.23125457763672,359.2936096191406,98.77100372314453,170.25999450683594,59.57693099975586,21085.876953125,1143.38671875
2022-06-24,64.86601257324219,30.309030532836914,370.7169494628906,97.40374755859375,170.08999633789062,60.00071716308594,21231.65625,1226.8447265625
2022-06-25,64.86601257324219,30.309030532836914,370.7169494628906,97.40374755859375,170.08999633789062,60.00071716308594,21502.337890625,1243.4468994140625
2022-06-26,64.86601257324219,30.309030532836914,370.7169494628906,97.40374755859375,170.08999633789062,60.00071716308594,21027.294921875,1199.8316650390625
2022-06-27,64.4285659790039,30.205936431884766,369.3009033203125,96.5730209350586,169.89999389648438,59.63288116455078,20735.478515625,1193.6806640625
2022-06-28,62.49886703491211,29.906036376953125,361.7550354003906,97.02299499511719,169.6199951171875,58.97725296020508,20280.634765625,1144.5792236328125
2022-06-29,62.625244140625,29.73733901977539,361.46044921875,98.537353515625,169.49000549316406,58.8892822265625,20104.0234375,1098.94384765625
2022-06-30,61.789207458496094,29.47492218017578,358.5237731933594,99.40269470214844,168.4600067138672,58.8573112487793,19784.7265625,1067.298828125
2022-07-01,61.93016815185547,29.877918243408203,362.3158264160156,100.42324829101562,168.32000732421875,59.418704986572266,19269.3671875,1059.767333984375
2022-07-02,61.93016815185547,29.877918243408203,362.3158264160156,100.42324829101562,168.32000732421875,59.418704986572266,19242.255859375,1066.5128173828125
2022-07-03,61.93016815185547,29.877918243408203,362.3158264160156,100.42324829101562,168.32000732421875,59.418704986572266,19297.076171875,1073.7669677734375
2022-07-05,62.70787048339844,29.77482795715332,363.0000305175781,101.21224975585938,164.75,59.36250305175781,20190.115234375,1134.541015625
2022-07-06,63.24740982055664,29.699851989746094,364.2259521484375,99.5128402709961,162.13999938964844,59.137596130371094,20548.24609375,1186.9739990234375
2022-07-07,64.554931640625,30.13096809387207,369.6810607910156,98.63709259033203,162.22999572753906,60.10142517089844,21637.587890625,1237.5933837890625
2022-07-08,64.5841064453125,30.065359115600586,369.3769226074219,97.54460144042969,162.3000030517578,60.14959716796875,21731.1171875,1222.5062255859375
2022-07-09,64.5841064453125,30.065359115600586,369.3769226074219,97.54460144042969,162.3000030517578,60.14959716796875,21592.20703125,1216.978271484375
2022-07-10,64.5841064453125,30.065359115600586,369.3769226074219,97.54460144042969,162.3000030517578,60.14959716796875,20860.44921875,1168.401611328125
2022-07-11,63.69461441040039,29.821687698364258,365.1573181152344,99.22666931152344,161.42999267578125,59.812278747558594,19970.556640625,1097.236572265625
2022-07-12,62.824527740478516,29.634248733520508,361.9261474609375,99.81629943847656,160.8300018310547,60.0532341003418,19323.9140625,1038.191650390625
2022-07-13,62.65927505493164,29.3718318939209,360.0253601074219,100.9608154296875,161.60000610351562,59.98897933959961,20212.07421875,1113.587158203125
2022-07-14,63.23283386230469,28.80950927734375,359.1510009765625,100.13707733154297,159.3300018310547,59.87651443481445,20569.919921875,1191.5262451171875
2022-07-15,64.34593963623047,29.784198760986328,366.01275634765625,100.70069885253906,159.00999450683594,60.6395263671875,20836.328125,1233.129150390625
2022-07-16,64.34593963623047,29.784198760986328,366.01275634765625,100.70069885253906,159.00999450683594,60.6395263671875,21190.31640625,1352.62646484375
2022-07-17,64.34593963623047,29.784198760986328,366.01275634765625,100.70069885253906,159.00999450683594,60.6395263671875,20779.34375,1338.6357421875
2022-07-18,63.7237548828125,29.671735763549805,362.9905090332031,99.65155792236328,159.16000366210938,60.0532341003418,22485.689453125,1578.7178955078125
2022-07-19,65.66804504394531,30.56207847595215,372.7982177734375,99.11396789550781,159.5399932861328,60.84836959838867,23389.43359375,1542.9752197265625
2022-07-20,66.69363403320312,30.674541473388672,375.1741027832031,99.37410736083984,158.0399932861328,61.11338806152344,23231.732421875,1520.20068359375
2022-07-21,67.63175964355469,30.871356964111328,378.9945983886719,101.09086608886719,160.27000427246094,61.83625793457031,23164.62890625,1576.74951171875
2022-07-22,66.6985092163086,30.693283081054688,375.478271484375,102.79034423828125,160.6699981689453,61.75595474243164,22714.978515625,1537.4051513671875
2022-07-23,66.6985092163086,30.693283081054688,375.478271484375,102.79034423828125,160.6699981689453,61.75595474243164,22465.478515625,1549.2974853515625
2022-07-24,66.6985092163086,30.693283081054688,375.478271484375,102.79034423828125,160.6699981689453,61.75595474243164,22609.1640625,1599.4766845703125
2022-07-25,66.27562713623047,30.89009666442871,375.9344177246094,101.78450775146484,160.22999572753906,61.7398681640625,21361.701171875,1445.3834228515625
2022-07-26,65.201416015625,30.458982467651367,371.4867248535156,101.8625717163086,160.0399932861328,61.30616760253906,21239.75390625,1441.8067626953125
2022-07-27,68.00604248046875,30.927587509155273,381.1329040527344,101.29029083251953,161.6699981689453,61.98081970214844,22930.548828125,1636.232666015625
2022-07-28,69.0413818359375,31.152517318725586,385.9132385253906,102.0966796875,163.63999938964844,62.615325927734375,23843.88671875,1725.4681396484375
2022-07-29,70.10099029541016,31.592992782592773,391.5393981933594,101.81922912597656,164.10000610351562,62.8000602722168,23804.6328125,1727.406982421875
2022-07-30,70.10099029541016,31.592992782592773,391.5393981933594,101.81922912597656,164.10000610351562,62.8000602722168,23656.20703125,1695.969482421875
2022-07-31,70.10099029541016,31.592992782592773,391.5393981933594,101.81922912597656,164.10000610351562,62.8000602722168,23336.896484375,1681.517333984375
2022-08-01,69.95032501220703,31.3305721282959,390.3799133300781,104.27137756347656,165.02999877929688,62.81941604614258,23314.19921875,1635.19580078125
2022-08-02,69.45453643798828,30.98381996154785,387.80450439453125,102.06503295898438,164.0500030517578,62.5291748046875,22978.1171875,1632.9454345703125
2022-08-03,71.30158233642578,31.452421188354492,393.8772277832031,103.67204284667969,164.4499969482422,63.07743835449219,22846.5078125,1618.87451171875
2022-08-04,71.62725830078125,31.349323272705078,393.6111145019531,103.63725280761719,167.1699981689453,63.24674987792969,22630.95703125,1608.205810546875
2022-08-05,71.46199798583984,31.57425308227539,392.9458923339844,101.17034149169922,165.2899932861328,62.924251556396484,23289.314453125,1732.254638671875
2022-08-06,71.46199798583984,31.57425308227539,392.9458923339844,101.17034149169922,165.2899932861328,62.924251556396484,22961.279296875,1691.6580810546875
2022-08-07,71.46199798583984,31.57425308227539,392.9458923339844,101.17034149169922,165.2899932861328,62.924251556396484,23175.890625,1699.350830078125
2022-08-08,70.85441589355469,31.55550765991211,392.4897766113281,102.80338287353516,166.69000244140625,62.980674743652344,23809.486328125,1775.51611328125
2022-08-09,70.1447525024414,31.714832305908203,390.93115234375,102.40381622314453,167.1999969482422,62.51303482055664,23164.318359375,1703.0250244140625
2022-08-10,72.05986022949219,32.427101135253906,399.14227294921875,101.73493957519531,166.77999877929688,63.448360443115234,23947.642578125,1851.74267578125
2022-08-11,71.77793884277344,32.81134796142578,399.14227294921875,99.36357116699219,166.33999633789062,63.085487365722656,23957.529296875,1881.22412109375
2022-08-12,73.20697021484375,33.326820373535156,405.89935302734375,100.37118530273438,167.8699951171875,63.64993667602539,24402.818359375,1957.2464599609375
2022-08-13,73.20697021484375,33.326820373535156,405.89935302734375,100.37118530273438,167.8699951171875,63.64993667602539,24424.068359375,1981.3365478515625
2022-08-14,73.20697021484375,33.326820373535156,405.89935302734375,100.37118530273438,167.8699951171875,63.64993667602539,24319.333984375,1936.802001953125
2022-08-15,73.66874694824219,33.31744384765625,407.57196044921875,100.2843246459961,165.7100067138672,63.53703308105469,24136.97265625,1904.2281494140625
2022-08-16,73.46945190429688,33.56112289428711,408.37030029296875,100.70126342773438,165.4199981689453,63.23869705200195,23883.291015625,1878.139404296875
2022-08-17,72.94450378417969,33.39242172241211,405.4716491699219,99.65022277832031,164.35000610351562,62.58559799194336,23335.998046875,1832.9996337890625
2022-08-18,73.32364654541016,33.429901123046875,406.650146484375,99.79791259765625,163.9199981689453,62.682373046875,23212.73828125,1847.0078125
2022-08-19,71.99181365966797,32.76449966430664,401.185546875,98.1909408569336,162.72000122070312,62.045379638671875,20877.552734375,1612.9873046875
2022-08-20,71.99181365966797,32.76449966430664,401.185546875,98.1909408569336,162.72000122070312,62.045379638671875,21166.060546875,1577.0037841796875
2022-08-21,71.99181365966797,32.76449966430664,401.185546875,98.1909408569336,162.72000122070312,62.045379638671875,21534.12109375,1619.3189697265625
2022-08-22,69.98434448242188,32.0428466796875,392.83184814453125,97.86080932617188,161.63999938964844,61.34387969970703,21398.908203125,1622.505859375
2022-08-23,69.79965209960938,31.91164207458496,391.8815002441406,97.32225799560547,162.77000427246094,61.497074127197266,21528.087890625,1662.7698974609375
2022-08-24,69.8433837890625,32.08033752441406,393.13592529296875,96.60997772216797,163.25,61.56960678100586,21395.01953125,1657.0592041015625
2022-08-25,71.0245361328125,32.577056884765625,398.6860656738281,97.95636749267578,163.75,62.15019607543945,21600.904296875,1696.45703125
2022-08-26,67.991455078125,31.602373123168945,385.19091796875,98.69471740722656,161.75999450683594,61.126182556152344,20260.01953125,1507.7828369140625
2022-08-27,67.991455078125,31.602373123168945,385.19091796875,98.69471740722656,161.75999450683594,61.126182556152344,20041.73828125,1491.39501953125
2022-08-28,67.991455078125,31.602373123168945,385.19091796875,98.69471740722656,161.75999450683594,61.126182556152344,19616.814453125,1430.54736328125
2022-08-29,67.09222412109375,31.377437591552734,382.6440124511719,97.87821960449219,161.86000061035156,60.89235305786133,20297.994140625,1553.037353515625
2022-08-30,66.39229583740234,31.2087459564209,378.44342041015625,98.12142181396484,160.50999450683594,60.42469024658203,19796.80859375,1523.8388671875
2022-08-31,65.74581146240234,30.974441528320312,375.56378173828125,97.18328094482422,159.27000427246094,60.09408950805664,20049.763671875,1553.6849365234375
2022-09-01,65.42501831054688,31.06816291809082,376.7423095703125,95.4040298461914,157.8699951171875,60.25292205810547,20127.140625,1586.1767578125
2022-09-02,64.57439422607422,30.82448959350586,372.769775390625,95.94373321533203,159.25999450683594,60.2123908996582,19969.771484375,1577.220458984375
2022-09-03,64.57439422607422,30.82448959350586,372.769775390625,95.94373321533203,159.25999450683594,60.2123908996582,19832.087890625,1556.8726806640625
2022-09-04,64.57439422607422,30.82448959350586,372.769775390625,95.94373321533203,159.25999450683594,60.2123908996582,19986.712890625,1577.6416015625
2022-09-06,64.14663696289062,30.749521255493164,371.3631896972656,93.56733703613281,158.3300018310547,60.050357818603516,18837.66796875,1561.74853515625
2022-09-07,65.17224884033203,31.35869598388672,378.03472900390625,95.04715728759766,159.94000244140625,60.917354583740234,19290.32421875,1629.9063720703125
2022-09-08,65.39585876464844,31.91164207458496,380.5056457519531,94.07221984863281,158.97999572753906,61.184757232666016,19329.833984375,1635.34765625
2022-09-09,66.68878936767578,32.202178955078125,386.41693115234375,94.2811279296875,159.82000732421875,61.4278450012207,21381.15234375,1719.08544921875
2022-09-10,66.68878936767578,32.202178955078125,386.41693115234375,94.2811279296875,159.82000732421875,61.4278450012207,21680.5390625,1776.2037353515625
2022-09-11,66.68878936767578,32.202178955078125,386.41693115234375,94.2811279296875,159.82000732421875,61.4278450012207,21769.255859375,1761.800048828125
2022-09-12,67.75814056396484,32.46459197998047,390.57000732421875,93.50640106201172,160.6300048828125,61.614200592041016,22370.44921875,1713.7652587890625
2022-09-13,64.16121673583984,31.255603790283203,373.5870666503906,93.7239990234375,158.5399932861328,60.2123908996582,20296.70703125,1580.7879638671875
2022-09-14,64.39453887939453,31.161880493164062,375.0125732421875,94.04608917236328,157.92999267578125,60.30153274536133,20241.08984375,1634.7550048828125
2022-09-15,62.91203308105469,31.264978408813477,370.7549133300781,93.98519134521484,154.97999572753906,59.92070388793945,19701.2109375,1471.6934814453125
2022-09-16,62.56206130981445,30.98381996154785,367.926513671875,93.2017593383789,155.83999633789062,60.12327194213867,19772.583984375,1432.44775390625
2022-09-17,62.56206130981445,30.98381996154785,367.926513671875,93.2017593383789,155.83999633789062,60.12327194213867,20127.576171875,1469.74169921875
2022-09-18,62.56206130981445,30.98381996154785,367.926513671875,93.2017593383789,155.83999633789062,60.12327194213867,19419.505859375,1335.3291015625
2022-09-19,63.07223892211914,31.335229873657227,370.77978515625,93.41932678222656,155.9600067138672,60.350128173828125,19544.12890625,1377.5413818359375
2022-09-20,62.701904296875,30.87358856201172,366.52374267578125,92.48793029785156,155.07000732421875,59.734344482421875,18890.7890625,1324.38818359375
2022-09-21,61.72248840332031,30.232940673828125,360.13018798828125,94.03738403320312,155.7899932861328,59.55608367919922,18547.400390625,1252.6077880859375
2022-09-22,61.093910217285156,29.724191665649414,357.1050720214844,91.6348648071289,155.6999969482422,59.19952392578125,19413.55078125,1327.68017578125
2022-09-23,60.29479217529297,29.253122329711914,351.12188720703125,92.0091781616211,153.00999450683594,58.44598388671875,19297.638671875,1328.259521484375
2022-09-24,60.29479217529297,29.253122329711914,351.12188720703125,92.0091781616211,153.00999450683594,58.44598388671875,18937.01171875,1317.9932861328125
2022-09-25,60.29479217529297,29.253122329711914,351.12188720703125,92.0091781616211,153.00999450683594,58.44598388671875,18802.09765625,1294.216796875
2022-09-26,59.875736236572266,28.79147720336914,347.6484069824219,90.25082397460938,151.22999572753906,57.757240295410156,19222.671875,1335.3201904296875
2022-09-27,59.953704833984375,28.669004440307617,346.7608947753906,87.87443542480469,151.5399932861328,57.63570022583008,19110.546875,1330.127685546875
2022-09-28,60.587154388427734,29.23428726196289,353.5838928222656,90.81664276123047,154.69000244140625,58.664756774902344,19426.720703125,1337.410888671875
2022-09-29,59.00839614868164,28.866849899291992,346.1979064941406,90.34659576416016,154.66000366210938,58.11375427246094,19573.05078125,1335.65234375
2022-09-30,57.8779296875,28.60305404663086,340.844482421875,89.18013763427734,154.6699981689453,57.84636688232422,19431.7890625,1327.9786376953125
2022-10-01,57.8779296875,28.60305404663086,340.844482421875,89.18013763427734,154.6699981689453,57.84636688232422,19312.095703125,1311.6444091796875
2022-10-02,57.8779296875,28.60305404663086,340.844482421875,89.18013763427734,154.6699981689453,57.84636688232422,19044.107421875,1276.093505859375
2022-10-03,59.67108917236328,29.375600814819336,349.8432312011719,90.5971450805664,158.42999267578125,58.60447692871094,19623.580078125,1323.439208984375
2022-10-04,61.673763275146484,30.468473434448242,360.68359375,90.3441390991211,160.6999969482422,59.866615295410156,20336.84375,1362.1265869140625
2022-10-05,61.87842559814453,30.232940673828125,359.8439025878906,89.48029327392578,159.80999755859375,59.63048553466797,20160.716796875,1352.837158203125
2022-10-06,61.37166213989258,29.80898094177246,356.1318359375,88.98291778564453,159.6300048828125,59.45133590698242,19955.443359375,1351.70947265625
2022-10-07,58.84759521484375,29.102380752563477,346.1979064941406,88.11911010742188,157.8800048828125,58.72663497924805,19546.849609375,1332.5169677734375
2022-10-08,58.84759521484375,29.102380752563477,346.1979064941406,88.11911010742188,157.8800048828125,58.72663497924805,19416.568359375,1315.50048828125
2022-10-09,58.84759521484375,29.102380752563477,346.1979064941406,88.11911010742188,157.8800048828125,58.72663497924805,19446.42578125,1322.604248046875
2022-10-10,57.858436584472656,28.970481872558594,343.5545654296875,86.74917602539062,155.47999572753906,58.010040283203125,19141.484375,1291.337646484375
2022-10-11,56.97161102294922,28.60305404663086,341.37884521484375,87.13311767578125,155.16000366210938,58.18918228149414,19051.41796875,1279.57568359375
2022-10-12,56.79618453979492,28.537105560302734,340.2528076171875,87.56066131591797,155.99000549316406,58.28689956665039,19157.4453125,1294.9063720703125
2022-10-13,58.560115814208984,29.714765548706055,349.2324523925781,86.72303009033203,154.91000366210938,58.41718673706055,19382.904296875,1288.1239013671875
2022-10-14,56.91313934326172,29.215438842773438,341.2738952636719,86.00753021240234,152.97999572753906,58.22990417480469,19185.65625,1297.422119140625
2022-10-15,56.91313934326172,29.215438842773438,341.2738952636719,86.00753021240234,152.97999572753906,58.22990417480469,19067.634765625,1274.8717041015625
2022-10-16,56.91313934326172,29.215438842773438,341.2738952636719,86.00753021240234,152.97999572753906,58.22990417480469,19268.09375,1306.296630859375
2022-10-17,58.64781951904297,29.950302124023438,350.0435485839844,85.5887222290039,153.4199981689453,58.946495056152344,19550.7578125,1331.713623046875
2022-10-18,59.14482879638672,30.430789947509766,354.15643310546875,85.78939819335938,153.75,59.36176681518555,19334.416015625,1310.447021484375
2022-10-19,58.97427749633789,29.93145751953125,351.6467590332031,84.22753143310547,151.69000244140625,58.7917366027832,19139.53515625,1285.7442626953125
2022-10-20,59.00839614868164,29.450973510742188,348.6980285644531,82.7878189086914,151.4499969482422,58.46605682373047,19053.740234375,1283.200927734375
2022-10-21,60.587154388427734,30.327150344848633,357.17193603515625,81.29574584960938,154.14999389648438,59.027896881103516,19172.46875,1299.9464111328125
2022-10-22,60.587154388427734,30.327150344848633,357.17193603515625,81.29574584960938,154.14999389648438,59.027896881103516,19208.189453125,1314.2991943359375
2022-10-23,60.587154388427734,30.327150344848633,357.17193603515625,81.29574584960938,154.14999389648438,59.027896881103516,19567.0078125,1363.447021484375
2022-10-24,61.42525863647461,30.73226547241211,361.5425109863281,80.6239013671875,153.64999389648438,59.068607330322266,19345.572265625,1344.99853515625
2022-10-25,62.59958267211914,31.09969139099121,367.31585693359375,82.97103881835938,154.0,59.63862228393555,20095.857421875,1461.6654052734375
2022-10-26,61.20598602294922,31.175073623657227,364.5483703613281,84.16645050048828,154.97999572753906,59.80149841308594,20770.44140625,1566.566650390625
2022-10-27,60.509193420410156,31.4294490814209,362.6016540527344,85.04772186279297,154.74000549316406,60.241214752197266,20285.8359375,1514.3748779296875
2022-10-28,63.14045333862305,32.2114143371582,371.228271484375,84.46311950683594,153.16000366210938,60.705352783203125,20595.3515625,1555.4779052734375
2022-10-29,63.14045333862305,32.2114143371582,371.228271484375,84.46311950683594,153.16000366210938,60.705352783203125,20818.4765625,1619.698486328125
2022-10-30,63.14045333862305,32.2114143371582,371.228271484375,84.46311950683594,153.16000366210938,60.705352783203125,20635.603515625,1590.7833251953125
2022-10-31,62.307220458984375,32.0135612487793,368.5467529296875,83.86104583740234,151.91000366210938,59.79334259033203,20495.7734375,1572.7144775390625
2022-11-01,61.78583526611328,32.098350524902344,366.9341125488281,84.6447982788086,153.4600067138672,60.153011322021484,20485.2734375,1579.70458984375
2022-11-02,59.65159606933594,31.693241119384766,357.72540283203125,84.27738189697266,152.38999938964844,59.605316162109375,20159.50390625,1519.7117919921875
2022-11-03,57.897422790527344,31.372915267944336,354.0419921875,83.82257843017578,151.80999755859375,59.1802864074707,20209.98828125,1531.541748046875
2022-11-04,58.95479965209961,31.94761085510254,359.13775634765625,82.41429138183594,156.47000122070312,59.5889892578125,21147.23046875,1645.0933837890625
2022-11-05,58.95479965209961,31.94761085510254,359.13775634765625,82.41429138183594,156.47000122070312,59.5889892578125,21282.69140625,1627.968017578125
2022-11-06,58.95479965209961,31.94761085510254,359.13775634765625,82.41429138183594,156.47000122070312,59.5889892578125,20926.486328125,1572.2347412109375
2022-11-07,59.939090728759766,32.2679443359375,362.57305908203125,81.59205627441406,155.85000610351562,59.58081817626953,20602.81640625,1568.59130859375
2022-11-08,60.514068603515625,32.45635986328125,364.5293273925781,82.48429107666016,159.4499969482422,59.52360153198242,18541.271484375,1332.8355712890625
2022-11-09,58.940181732177734,31.909927368164062,357.0192565917969,82.75542449951172,158.64999389648438,58.81245040893555,15880.7802734375,1100.1697998046875
2022-11-10,63.783653259277344,33.52096939086914,376.6388854980469,85.9393539428711,163.47999572753906,60.643436431884766,17586.771484375,1299.464599609375
2022-11-11,64.87513732910156,33.794185638427734,380.2842712402344,85.62445831298828,164.55999755859375,60.85595703125,17034.29296875,1287.2210693359375
2022-11-12,64.87513732910156,33.794185638427734,380.2842712402344,85.62445831298828,164.55999755859375,60.85595703125,16799.185546875,1255.268310546875
2022-11-13,64.87513732910156,33.794185638427734,380.2842712402344,85.62445831298828,164.55999755859375,60.85595703125,16353.365234375,1221.8192138671875
2022-11-14,64.31962585449219,33.3137092590332,377.04931640625,85.41452026367188,164.9199981689453,60.4063835144043,16618.19921875,1241.604248046875
2022-11-15,65.0992660522461,33.389068603515625,380.2651672363281,86.79656982421875,165.5,60.93771743774414,16884.61328125,1251.7362060546875
2022-11-16,64.20758056640625,33.228912353515625,377.3642272949219,88.69467163085938,165.1199951171875,60.806915283203125,16669.439453125,1215.6025390625
2022-11-17,64.29041290283203,33.049903869628906,376.20953369140625,87.75871276855469,163.9199981689453,60.54535675048828,16687.517578125,1200.80859375
2022-11-18,64.3635025024414,33.3231315612793,377.91766357421875,87.15518188476562,162.7899932861328,60.67613220214844,16697.77734375,1212.30029296875
2022-11-19,64.3635025024414,33.3231315612793,377.91766357421875,87.15518188476562,162.7899932861328,60.67613220214844,16711.546875,1218.4267578125
2022-11-20,64.3635025024414,33.3231315612793,377.91766357421875,87.15518188476562,162.7899932861328,60.67613220214844,16291.83203125,1142.4666748046875
2022-11-21,63.67155838012695,33.4267578125,376.5435485839844,87.52255249023438,161.8800048828125,60.651615142822266,15787.2841796875,1108.35302734375
2022-11-22,64.90436553955078,33.76593017578125,381.6106262207031,88.76461029052734,162.07000732421875,61.093021392822266,16189.76953125,1135.1734619140625
2022-11-23,65.47936248779297,33.90725326538086,384.01544189453125,90.31285858154297,163.0800018310547,61.43632125854492,16610.70703125,1183.1995849609375
2022-11-24,65.47936248779297,33.90725326538086,384.01544189453125,90.31285858154297,163.0800018310547,61.43632125854492,16604.46484375,1203.983154296875
2022-11-25,65.0992660522461,34.02029800415039,383.9295654296875,90.00672149658203,163.22000122070312,61.313724517822266,16521.841796875,1198.9259033203125
2022-11-26,65.0992660522461,34.02029800415039,383.9295654296875,90.00672149658203,163.22000122070312,61.313724517822266,16464.28125,1205.89794921875
2022-11-27,65.0992660522461,34.02029800415039,383.9295654296875,90.00672149658203,163.22000122070312,61.313724517822266,16444.626953125,1195.126953125
2022-11-28,63.70568084716797,33.43617630004883,377.8031311035156,90.26036071777344,161.92999267578125,60.66796112060547,16217.322265625,1170.086181640625
2022-11-29,63.08198547363281,33.63402557373047,377.15423583984375,89.20196533203125,162.72999572753906,60.92954635620117,16444.982421875,1216.9012451171875
2022-11-30,66.24923706054688,34.20872497558594,389.0348815917969,89.85802459716797,164.80999755859375,61.84503173828125,17168.56640625,1295.6885986328125
2022-12-01,66.34181213378906,34.01087188720703,388.7485656738281,92.72862243652344,167.83999633789062,62.07404708862305,16967.1328125,1276.27392578125
2022-12-02,65.95687103271484,33.8507194519043,388.30010986328125,93.89472198486328,167.25999450683594,62.02479934692383,17088.66015625,1294.3033447265625
2022-12-03,65.95687103271484,33.8507194519043,388.30010986328125,93.89472198486328,167.25999450683594,62.02479934692383,16908.236328125,1243.3348388671875
2022-12-04,65.95687103271484,33.8507194519043,388.30010986328125,93.89472198486328,167.25999450683594,62.02479934692383,17130.486328125,1280.256591796875
2022-12-05,64.86050415039062,33.01221466064453,381.31488037109375,92.57953643798828,164.38999938964844,61.43378448486328,16974.826171875,1259.6767578125
2022-12-06,63.47179412841797,32.720157623291016,375.8182373046875,93.77198791503906,164.83999633789062,61.21213912963867,17089.50390625,1271.65380859375
2022-12-07,63.15019607543945,32.5882568359375,375.178955078125,95.9814682006836,166.3300018310547,61.54869079589844,16848.126953125,1232.4375
2022-12-08,64.18321228027344,32.61652374267578,378.11810302734375,95.71842193603516,166.47000122070312,61.597965240478516,17233.474609375,1281.1163330078125
2022-12-09,63.78852844238281,32.53173065185547,375.2934875488281,93.22837829589844,167.05999755859375,61.597965240478516,17133.15234375,1264.2847900390625
2022-12-10,63.78852844238281,32.53173065185547,375.2934875488281,93.22837829589844,167.05999755859375,61.597965240478516,17128.724609375,1266.3841552734375
2022-12-11,63.78852844238281,32.53173065185547,375.2934875488281,93.22837829589844,167.05999755859375,61.597965240478516,17104.193359375,1263.8685302734375
2022-12-12,65.18209838867188,32.965118408203125,380.7041320800781,93.52649688720703,165.67999267578125,61.836002349853516,17206.4375,1274.6190185546875
2022-12-13,65.95199584960938,33.049903869628906,383.5860290527344,94.4295425415039,168.50999450683594,62.476287841796875,17781.318359375,1320.5491943359375
2022-12-14,65.39651489257812,32.6353645324707,381.1335144042969,94.8328857421875,168.10000610351562,62.123291015625,17815.650390625,1309.3287353515625
2022-12-15,62.95042037963867,31.994718551635742,371.810302734375,95.20291137695312,165.35000610351562,61.88896560668945,17364.865234375,1266.3538818359375
2022-12-16,62.117183685302734,31.749771118164062,367.4207458496094,94.1394271850586,166.7899932861328,61.558895111083984,16647.484375,1168.2593994140625
2022-12-17,62.117183685302734,31.749771118164062,367.4207458496094,94.1394271850586,166.7899932861328,61.558895111083984,16795.091796875,1188.1495361328125
2022-12-18,62.117183685302734,31.749771118164062,367.4207458496094,94.1394271850586,166.7899932861328,61.558895111083984,16757.9765625,1184.7152099609375
2022-12-19,61.288883209228516,31.66444969177246,364.3050842285156,92.5573959350586,166.32000732421875,61.24530029296875,16439.6796875,1167.60986328125
2022-12-20,61.381736755371094,31.797164916992188,364.8036804199219,90.9138412475586,169.0800018310547,61.0885124206543,16906.3046875,1217.70361328125
2022-12-21,62.398162841796875,32.2901496887207,370.2583312988281,91.1423568725586,168.8000030517578,61.60837936401367,16817.53515625,1213.5999755859375
2022-12-22,60.82465362548828,32.0057373046875,364.9761657714844,91.1247787475586,166.75999450683594,61.22880554199219,16830.341796875,1218.18212890625
2022-12-23,60.88817596435547,32.18586349487305,367.0755920410156,89.78887939453125,167.25999450683594,61.38560104370117,16796.953125,1220.159423828125
2022-12-24,60.88817596435547,32.18586349487305,367.0755920410156,89.78887939453125,167.25999450683594,61.38560104370117,16847.755859375,1221.1485595703125
2022-12-25,60.88817596435547,32.18586349487305,367.0755920410156,89.78887939453125,167.25999450683594,61.38560104370117,16841.986328125,1218.9620361328125
2022-12-27,60.31154251098633,32.1763801574707,365.6280517578125,88.013427734375,168.6699981689453,60.75019836425781,16717.173828125,1212.7916259765625
2022-12-28,59.33909225463867,32.06261444091797,361.0841369628906,87.49491882324219,167.91000366210938,59.93325424194336,16552.572265625,1189.986083984375
2022-12-29,60.893062591552734,32.50819396972656,367.5837097167969,88.48806762695312,168.85000610351562,60.708927154541016,16642.341796875,1201.5953369140625
2022-12-30,60.80998611450195,32.422874450683594,366.615478515625,87.50370025634766,169.63999938964844,60.7584342956543,16602.5859375,1199.2327880859375
2022-12-31,60.80998611450195,32.422874450683594,366.615478515625,87.50370025634766,169.63999938964844,60.7584342956543,16547.49609375,1196.771240234375
2023-01-01,60.80998611450195,32.422874450683594,366.615478515625,87.50370025634766,169.63999938964844,60.7584342956543,16625.080078125,1200.96484375
2023-01-03,60.233360290527344,32.53663635253906,365.07208251953125,89.17362213134766,171.05999755859375,60.87395095825195,16679.857421875,1214.77880859375
2023-01-04,60.389739990234375,33.05806350708008,367.89044189453125,90.39527893066406,172.6699981689453,61.57536697387695,16863.23828125,1256.526611328125
2023-01-05,59.21692657470703,32.81156921386719,363.6916198730469,90.77322387695312,170.52000427246094,61.45164108276367,16836.736328125,1250.4385986328125
2023-01-06,60.95170593261719,33.541561126708984,372.0318298339844,92.44314575195312,173.7100067138672,62.326316833496094,16951.96875,1269.3790283203125
2023-01-07,60.95170593261719,33.541561126708984,372.0318298339844,92.44314575195312,173.7100067138672,62.326316833496094,16955.078125,1264.2703857421875
2023-01-08,60.95170593261719,33.541561126708984,372.0318298339844,92.44314575195312,173.7100067138672,62.326316833496094,17091.14453125,1287.3594970703125
2023-01-09,61.6602783203125,33.41831970214844,371.8208923339844,92.93533325195312,174.10000610351562,62.54910659790039,17196.5546875,1321.5389404296875
2023-01-10,62.04143142700195,33.6079216003418,374.4284362792969,91.39722442626953,174.74000549316406,62.47482681274414,17446.29296875,1336.5860595703125
2023-01-11,63.11650848388672,33.92076873779297,379.1641540527344,92.88257598876953,174.6199951171875,62.887428283691406,17934.896484375,1387.9327392578125
2023-01-12,63.585628509521484,33.98713302612305,380.5445861816406,94.71072387695312,176.63999938964844,63.24224090576172,18869.587890625,1417.9384765625
2023-01-13,63.76643753051758,34.243106842041016,382.02093505859375,93.8230209350586,178.75999450683594,63.24224090576172,19909.57421875,1451.6148681640625
2023-01-14,63.76643753051758,34.243106842041016,382.02093505859375,93.8230209350586,178.75999450683594,63.24224090576172,20976.298828125,1550.7069091796875
2023-01-15,63.76643753051758,34.243106842041016,382.02093505859375,93.8230209350586,178.75999450683594,63.24224090576172,20880.798828125,1552.4794921875
2023-01-17,64.05474853515625,34.01557159423828,381.32110595703125,93.2165756225586,177.58999633789062,63.0277099609375,21161.51953125,1567.8460693359375
2023-01-18,63.22890090942383,33.38038635253906,375.3008117675781,95.47535705566406,177.0800018310547,63.10196304321289,20688.78125,1515.5069580078125
2023-01-19,62.49101638793945,32.991695404052734,372.5686950683594,94.87767028808594,179.88999938964844,62.730655670166016,21086.79296875,1552.5565185546875
2023-01-20,64.18181610107422,33.51311492919922,379.5093078613281,93.33961486816406,179.2899932861328,62.85441589355469,22676.552734375,1659.754150390625
2023-01-21,64.18181610107422,33.51311492919922,379.5093078613281,93.33961486816406,179.2899932861328,62.85441589355469,22777.625,1627.1181640625
2023-01-22,64.18181610107422,33.51311492919922,379.5093078613281,93.33961486816406,179.2899932861328,62.85441589355469,22720.416015625,1628.382080078125
2023-01-23,65.64292907714844,33.90180587768555,384.0628967285156,92.90013885498047,179.6300048828125,62.84618377685547,22934.431640625,1628.2510986328125
2023-01-24,65.61360168457031,33.92076873779297,383.650634765625,94.23609161376953,180.27999877929688,62.887428283691406,22636.46875,1556.604248046875
2023-01-25,65.47676849365234,34.18622970581055,383.7944641113281,94.464599609375,181.11000061035156,62.87916946411133,23117.859375,1611.7110595703125
2023-01-26,66.52253723144531,34.36634063720703,388.01251220703125,94.02519226074219,179.47000122070312,63.03594970703125,23032.77734375,1603.10595703125
2023-01-27,66.80106353759766,34.36634063720703,388.904052734375,93.78784942626953,179.22000122070312,62.84618377685547,23078.728515625,1598.156494140625
2023-01-28,66.80106353759766,34.36634063720703,388.904052734375,93.78784942626953,179.22000122070312,62.84618377685547,23031.08984375,1572.43505859375
2023-01-29,66.80106353759766,34.36634063720703,388.904052734375,93.78784942626953,179.22000122070312,62.84618377685547,23774.56640625,1646.1556396484375
2023-01-30,65.5256576538086,34.195701599121094,384.0245056152344,93.44509887695312,178.75999450683594,62.49959182739258,22840.138671875,1567.3265380859375
2023-01-31,66.43946075439453,34.660240173339844,389.67095947265625,94.19214630126953,179.41000366210938,62.98646545410156,23139.283203125,1586.535400390625
2023-02-01,68.0031967163086,34.660240173339844,393.812255859375,95.32444763183594,181.6699981689453,63.64811706542969,23723.76953125,1641.792724609375
2023-02-02,69.8601303100586,34.75504684448242,399.5450134277344,95.44783020019531,177.89999389648438,64.01295471191406,23471.87109375,1643.2415771484375
2023-02-03,69.27862548828125,34.688682556152344,395.2981872558594,94.02032470703125,173.4600067138672,63.34132766723633,23449.322265625,1664.74560546875
2023-02-04,69.27862548828125,34.688682556152344,395.2981872558594,94.02032470703125,173.4600067138672,63.34132766723633,23331.84765625,1667.0592041015625
2023-02-05,69.27862548828125,34.688682556152344,395.2981872558594,94.02032470703125,173.4600067138672,63.34132766723633,22955.666015625,1631.6458740234375
2023-02-06,68.43323516845703,34.679203033447266,392.8824462890625,93.32421875,173.82000732421875,62.935035705566406,22760.109375,1616.2470703125
2023-02-07,70.1435775756836,35.07737731933594,398.0207214355469,92.57522583007812,173.97999572753906,63.1589241027832,23264.291015625,1672.0035400390625
2023-02-08,69.29816436767578,34.86880111694336,393.66845703125,93.01579284667969,174.41000366210938,62.89358139038086,22939.3984375,1650.716796875
2023-02-09,68.91700744628906,34.48011016845703,390.25567626953125,92.13463592529297,173.02999877929688,62.487281799316406,21819.0390625,1546.438232421875
2023-02-10,68.599365234375,34.59387969970703,391.1664733886719,91.10365295410156,173.36000061035156,62.006378173828125,21651.18359375,1514.869140625
2023-02-11,68.599365234375,34.59387969970703,391.1664733886719,91.10365295410156,173.36000061035156,62.006378173828125,21870.875,1539.9267578125
2023-02-12,68.599365234375,34.59387969970703,391.1664733886719,91.10365295410156,173.36000061035156,62.006378173828125,21788.203125,1515.03369140625
2023-02-13,69.7868423461914,34.9920539855957,395.7583312988281,91.87028503417969,172.47999572753906,62.163902282714844,21808.1015625,1507.1658935546875
2023-02-14,70.0849380493164,34.80244827270508,395.5762023925781,91.65879821777344,172.61000061035156,62.18046188354492,22220.8046875,1556.8751220703125
2023-02-15,70.41232299804688,34.84036636352539,396.8608093261719,90.8040771484375,170.88999938964844,62.08097839355469,24307.841796875,1673.7459716796875
2023-02-16,69.19066619873047,34.489593505859375,391.396484375,89.51758575439453,170.75,61.58346939086914,23623.474609375,1640.067626953125
2023-02-17,68.32572174072266,34.499080657958984,390.418701171875,90.21370697021484,171.25999450683594,61.82394027709961,24565.6015625,1694.7833251953125
2023-02-18,68.32572174072266,34.499080657958984,390.418701171875,90.21370697021484,171.25999450683594,61.82394027709961,24641.27734375,1691.8194580078125
2023-02-19,68.32572174072266,34.499080657958984,390.418701171875,90.21370697021484,171.25999450683594,61.82394027709961,24327.642578125,1681.4361572265625
2023-02-21,66.7033462524414,33.78804016113281,382.5865783691406,88.4601821899414,170.6199951171875,60.87038040161133,24436.353515625,1658.036376953125
2023-02-22,66.60560607910156,33.7501335144043,382.05926513671875,89.2708511352539,169.66000366210938,61.26839828491211,24188.84375,1643.231689453125
2023-02-23,67.70999145507812,33.77857208251953,384.0916442871094,90.14320373535156,169.57000732421875,61.873680114746094,23947.4921875,1651.0738525390625
2023-02-24,66.50298309326172,33.8070068359375,379.9886169433594,88.97126007080078,168.35000610351562,61.50055694580078,23198.126953125,1608.3731689453125
2023-02-25,66.50298309326172,33.8070068359375,379.9886169433594,88.97126007080078,168.35000610351562,61.50055694580078,23175.375,1594.9149169921875
2023-02-26,66.50298309326172,33.8070068359375,379.9886169433594,88.97126007080078,168.35000610351562,61.50055694580078,23561.212890625,1640.817138671875
2023-02-27,66.8597183227539,33.79752731323242,381.2828063964844,89.21798706054688,169.00999450683594,61.9151496887207,23522.87109375,1634.326416015625
2023-02-28,66.71310424804688,33.863887786865234,379.87353515625,89.62332153320312,169.77999877929688,61.7990608215332,23147.353515625,1605.8951416015625
2023-03-01,66.22444915771484,33.7501335144043,378.4163818359375,88.66046142578125,170.75999450683594,61.623878479003906,23646.55078125,1663.4337158203125
2023-03-02,67.04052734375,33.58896255493164,381.3594970703125,87.87432098388672,170.66000366210938,61.6989631652832,23475.466796875,1647.3193359375
2023-03-03,68.4820785522461,34.11986541748047,387.47564697265625,90.00314331054688,172.49000549316406,62.33295822143555,22362.6796875,1569.1676025390625
2023-03-04,68.4820785522461,34.11986541748047,387.47564697265625,90.00314331054688,172.49000549316406,62.33295822143555,22353.349609375,1566.9239501953125
2023-03-05,68.4820785522461,34.11986541748047,387.47564697265625,90.00314331054688,172.49000549316406,62.33295822143555,22435.513671875,1564.46875
2023-03-06,68.80950927734375,34.14830017089844,387.7440185546875,89.30530548095703,171.6199951171875,62.33295822143555,22429.7578125,1567.398681640625
2023-03-07,67.95433044433594,33.266632080078125,381.8004455566406,89.85298919677734,168.6199951171875,61.89081573486328,22219.76953125,1561.93310546875
2023-03-08,68.51630401611328,33.14338302612305,382.42352294921875,89.94132232666016,168.5399932861328,61.59885025024414,21718.080078125,1534.0882568359375
2023-03-09,67.53407287597656,31.797164916992188,375.3679504394531,90.16215515136719,170.1999969482422,61.256813049316406,20363.021484375,1438.6607666015625
2023-03-10,66.34662628173828,31.218870162963867,369.9515686035156,93.27147674560547,173.8699951171875,61.265167236328125,20187.244140625,1429.1580810546875
2023-03-11,66.34662628173828,31.218870162963867,369.9515686035156,93.27147674560547,173.8699951171875,61.265167236328125,20632.41015625,1482.61669921875
2023-03-12,66.34662628173828,31.218870162963867,369.9515686035156,93.27147674560547,173.8699951171875,61.265167236328125,22163.94921875,1590.29296875
2023-03-13,66.7082290649414,29.98641586303711,369.42437744140625,93.4834976196289,177.86000061035156,60.93147659301758,24197.533203125,1680.3089599609375
2023-03-14,68.24755096435547,30.593164443969727,375.5308837890625,91.94650268554688,176.8300018310547,61.37360763549805,24746.07421875,1703.507080078125
2023-03-15,68.28662872314453,29.777851104736328,373.1822509765625,93.72200775146484,178.2100067138672,61.17340850830078,24375.9609375,1656.1805419921875
2023-03-16,70.20222473144531,30.346668243408203,379.7297668457031,92.98881530761719,178.57000732421875,61.57383728027344,25052.7890625,1677.2154541015625
2023-03-17,70.10448455810547,29.37019157409668,375.2896728515625,94.38447570800781,183.77000427246094,61.20677947998047,27423.9296875,1792.485107421875
2023-03-18,70.10448455810547,29.37019157409668,375.2896728515625,94.38447570800781,183.77000427246094,61.20677947998047,26965.87890625,1761.65966796875
2023-03-19,70.10448455810547,29.37019157409668,375.2896728515625,94.38447570800781,183.77000427246094,61.20677947998047,28038.67578125,1785.5765380859375
2023-03-20,70.29353332519531,29.696983337402344,378.89837646484375,93.55416870117188,183.83999633789062,61.039920806884766,27767.236328125,1735.3212890625
2023-03-21,70.86163330078125,30.449649810791016,383.87347412109375,92.75035095214844,180.3699951171875,61.70730209350586,28175.81640625,1806.7607421875
2023-03-22,70.15637969970703,29.7446231842041,377.32977294921875,93.98701477050781,183.44000244140625,61.765689849853516,27307.4375,1737.717041015625
2023-03-23,71.29749298095703,29.54454231262207,378.3498840332031,93.98701477050781,185.74000549316406,61.52376937866211,28333.97265625,1816.4051513671875
2023-03-24,71.48361206054688,29.525487899780273,380.83258056640625,94.38447570800781,183.64999389648438,61.39862060546875,27493.28515625,1752.0447998046875
2023-03-25,71.48361206054688,29.525487899780273,380.83258056640625,94.38447570800781,183.64999389648438,61.39862060546875,27494.70703125,1743.7647705078125
2023-03-26,71.48361206054688,29.525487899780273,380.83258056640625,94.38447570800781,183.64999389648438,61.39862060546875,27994.330078125,1775.6767578125
2023-03-27,70.93018341064453,29.935171127319336,381.544677734375,92.16732788085938,181.9499969482422,61.24848556518555,27139.888671875,1715.4608154296875
2023-03-28,70.59716796875,29.925640106201172,380.688232421875,92.33515930175781,183.44000244140625,61.21511459350586,27268.130859375,1772.78564453125
2023-03-29,72.07620239257812,30.36390495300293,386.2214660644531,92.14967346191406,182.52999877929688,61.982582092285156,28348.44140625,1793.0018310546875
2023-03-30,72.9136734008789,30.297210693359375,388.4829406738281,92.57365417480469,184.17999267578125,62.349647521972656,28033.5625,1792.7371826171875
2023-03-31,73.95684051513672,30.630674362182617,393.9584655761719,93.96051025390625,183.22000122070312,63.02537536621094,28478.484375,1822.0220947265625
2023-04-01,73.95684051513672,30.630674362182617,393.9584655761719,93.96051025390625,183.22000122070312,63.02537536621094,28411.03515625,1813.860595703125
2023-04-02,73.95684051513672,30.630674362182617,393.9584655761719,93.96051025390625,183.22000122070312,63.02537536621094,28199.30859375,1795.7081298828125
2023-04-03,73.83930206298828,30.687835693359375,395.45965576171875,94.40240478515625,184.5399932861328,62.976768493652344,27790.220703125,1810.297119140625
2023-04-04,73.43280029296875,30.402013778686523,393.2655944824219,94.87174987792969,187.97999572753906,62.79240417480469,28168.08984375,1871.005126953125
2023-04-05,72.5953369140625,30.36390495300293,392.2359619140625,95.86360931396484,187.8300018310547,62.44044494628906,28177.984375,1909.114013671875
2023-04-06,73.00672149658203,30.478233337402344,393.7659912109375,96.11154174804688,186.49000549316406,62.716976165771484,28044.140625,1872.922607421875
2023-04-07,73.00672149658203,30.478233337402344,393.7659912109375,96.11154174804688,186.49000549316406,62.716976165771484,27925.859375,1865.6361083984375
2023-04-08,73.00672149658203,30.478233337402344,393.7659912109375,96.11154174804688,186.49000549316406,62.716976165771484,27947.794921875,1849.4981689453125
2023-04-10,72.96754455566406,30.544923782348633,394.1701354980469,94.56181335449219,185.11000061035156,62.65831756591797,29652.98046875,1911.20751953125
2023-04-11,72.2818832397461,30.811691284179688,394.2760314941406,94.75662231445312,186.27999877929688,62.79240417480469,30235.05859375,1892.189697265625
2023-04-12,71.87049865722656,30.745004653930664,392.6689453125,94.6592025756836,187.19000244140625,62.77565383911133,30139.052734375,1920.68212890625
2023-04-13,73.20750427246094,31.021289825439453,397.8846130371094,93.91534423828125,189.72000122070312,63.2030029296875,30399.06640625,2012.6346435546875
2023-04-14,72.80101776123047,31.326175689697266,396.9126892089844,93.05632781982422,186.36000061035156,63.08570861816406,30485.69921875,2101.635498046875
2023-04-15,72.80101776123047,31.326175689697266,396.9126892089844,93.05632781982422,186.36000061035156,63.08570861816406,30318.49609375,2092.466796875
2023-04-16,72.80101776123047,31.326175689697266,396.9126892089844,93.05632781982422,186.36000061035156,63.08570861816406,30315.35546875,2120.005859375
2023-04-17,73.06549072265625,31.688213348388672,398.3369445800781,91.94934844970703,185.52999877929688,62.9181022644043,29445.044921875,2076.242919921875
2023-04-18,73.29078674316406,31.783493041992188,398.5967102050781,92.27701568603516,186.25,62.959983825683594,30397.552734375,2104.537353515625
2023-04-19,73.0802001953125,31.859704971313477,398.5293884277344,92.18849182128906,185.36000061035156,62.70859909057617,28822.6796875,1936.4034423828125
2023-04-20,72.60022735595703,31.764432907104492,396.3546142578125,92.97662353515625,186.08999633789062,62.649940490722656,28245.98828125,1943.09765625
2023-04-21,72.36515045166016,31.65010643005371,396.6625671386719,92.45411682128906,184.25,62.84267044067383,27276.91015625,1849.9998779296875
2023-04-22,72.36515045166016,31.65010643005371,396.6625671386719,92.45411682128906,184.25,62.84267044067383,27817.5,1874.2286376953125
2023-04-23,72.36515045166016,31.65010643005371,396.6625671386719,92.45411682128906,184.25,62.84267044067383,27591.384765625,1862.06201171875
2023-04-24,72.04682159423828,31.573883056640625,397.0763244628906,93.34857940673828,184.80999755859375,63.0186653137207,27525.33984375,1842.7574462890625
2023-04-25,70.5090103149414,31.030824661254883,390.773193359375,94.72119903564453,185.75,62.9181022644043,28307.59765625,1866.753662109375
2023-04-26,71.55706787109375,30.735471725463867,389.1180114746094,93.71163177490234,184.74000549316406,62.67507553100586,28422.701171875,1866.564208984375
2023-04-27,73.0752944946289,31.230897903442383,396.8646240234375,92.78178405761719,184.75,62.88458251953125,29473.787109375,1908.786376953125
2023-04-28,73.86868286132812,31.602468490600586,400.2519226074219,94.2784194946289,184.8000030517578,63.15271759033203,29340.26171875,1892.5128173828125
2023-04-29,73.86868286132812,31.602468490600586,400.2519226074219,94.2784194946289,184.8000030517578,63.15271759033203,29248.48828125,1908.9169921875
